2015.06.14,21:00,5515.50,5548.45,5491.00,5536.80,9361
2015.06.15,21:00,5535.30,5582.00,5519.20,5575.60,8531
2015.06.16,21:00,5572.60,5607.10,5562.70,5576.90,8451
2015.06.17,21:00,5581.90,5589.90,5500.20,5567.20,16471
2015.06.18,21:00,5565.70,5616.05,5562.20,5594.20,7921
2015.06.21,21:00,5611.30,5646.10,5566.50,5633.30,13721
2015.06.22,21:00,5648.80,5692.60,5645.30,5676.20,6721
2015.06.23,21:00,5688.60,5705.80,5666.00,5674.00,6501
2015.06.24,21:00,5675.00,5678.50,5611.40,5616.40,7561
2015.06.25,21:00,5591.00,5596.00,5525.30,5563.70,11411
2015.06.28,21:00,5502.00,5503.50,5393.40,5400.40,11861
2015.06.29,21:00,5383.50,5471.30,5382.50,5422.90,13821
2015.06.30,21:00,5424.70,5541.90,5417.80,5528.10,14481
2015.07.01,21:00,5536.10,5610.70,5514.70,5572.90,15521
2015.07.02,21:00,5580.90,5587.90,5491.20,5533.50,14601
2015.07.05,21:00,5474.40,5516.60,5434.60,5507.20,13121
2015.07.06,21:00,5516.70,5587.00,5469.60,5560.20,19131
2015.07.07,21:00,5534.90,5557.00,5418.30,5425.30,16781
2015.07.08,21:00,5419.80,5492.65,5381.00,5442.30,20081
2015.07.09,21:00,5476.20,5538.00,5471.70,5528.60,8021
2015.07.12,21:00,5505.40,5559.70,5448.20,5551.20,17721
2015.07.13,21:00,5553.70,5600.00,5540.80,5589.50,8261
2015.07.14,21:00,5583.60,5650.40,5577.60,5642.31,8690
2015.07.15,21:00,5658.28,5691.11,5647.64,5683.92,6131
2015.07.16,21:00,5685.96,5695.42,5645.71,5669.49,8296
2015.07.19,21:00,5679.18,5714.52,5651.04,5706.58,9957
2015.07.20,21:00,5702.14,5723.06,5667.49,5670.98,7999
2015.07.21,21:00,5670.04,5674.52,5598.04,5609.56,9249
2015.07.22,21:00,5613.58,5622.06,5556.15,5571.12,8937
2015.07.23,21:00,5565.19,5606.88,5514.26,5529.25,14931
2015.07.26,21:00,5537.12,5596.02,5526.65,5553.89,12198
2015.07.27,21:00,5549.45,5631.93,5526.53,5623.97,13629
2015.07.28,21:00,5627.00,5670.14,5618.37,5663.19,6736
2015.07.29,21:00,5653.78,5687.51,5645.31,5683.09,5510
2015.07.30,21:00,5675.16,5711.85,5665.20,5695.70,7277
2015.08.02,21:00,5707.80,5707.80,5654.82,5672.81,7098
2015.08.03,21:00,5672.86,5728.67,5659.90,5681.08,12933
2015.08.04,21:00,5690.10,5716.06,5639.79,5688.25,15070
2015.08.05,21:00,5653.41,5655.40,5525.31,5553.30,16008
2015.08.06,21:00,5542.88,5542.88,5439.45,5462.46,12645
2015.08.09,21:00,5464.12,5543.05,5443.17,5542.06,12183
2015.08.10,21:00,5537.69,5555.15,5415.53,5439.03,18059
2015.08.11,21:00,5445.63,5496.96,5311.00,5381.40,30770
2015.08.12,21:00,5369.80,5426.19,5344.30,5368.36,16235
2015.08.13,21:00,5368.90,5391.92,5320.45,5358.49,13254
2015.08.16,21:00,5355.24,5396.66,5325.69,5371.21,12598
2015.08.17,21:00,5371.21,5388.78,5291.91,5321.87,14441
2015.08.18,21:00,5318.76,5402.82,5314.77,5349.67,14520
2015.08.19,21:00,5339.22,5343.30,5201.85,5217.35,16104
2015.08.20,21:00,5205.10,5251.93,5099.00,5106.00,20677
2015.08.23,21:00,5098.42,5126.89,4781.04,4817.02,41031
2015.08.24,21:00,4845.16,5284.76,4841.66,5111.16,62021
2015.08.25,21:00,5055.14,5256.52,5007.22,5238.54,31521
2015.08.26,21:00,5228.63,5315.29,5204.83,5302.83,14673
2015.08.27,21:00,5312.95,5312.95,5218.17,5277.21,15383
2015.08.30,21:00,5244.34,5246.34,5158.91,5175.26,10579
2015.08.31,21:00,5162.01,5216.49,4995.53,5024.03,30395
2015.09.01,21:00,5038.82,5114.16,5014.80,5108.16,12939
2015.09.02,21:00,5122.68,5185.20,5023.80,5051.27,25140
2015.09.03,21:00,5063.01,5072.85,4981.89,5016.89,13581
2015.09.06,21:00,5023.93,5053.56,4970.89,5029.24,16004
2015.09.07,21:00,5021.95,5163.91,5021.95,5159.43,14645
2015.09.08,21:00,5145.45,5234.47,5114.09,5130.60,22592
2015.09.09,21:00,5138.77,5139.27,5029.63,5100.09,18061
2015.09.10,21:00,5098.97,5109.49,5039.10,5095.97,13779
2015.09.13,21:00,5127.85,5147.85,5064.75,5079.74,11810
2015.09.14,21:00,5086.66,5117.66,4990.24,5064.64,23283
2015.09.15,21:00,5064.34,5161.89,5036.97,5153.93,16026
2015.09.16,21:00,5156.89,5199.71,5111.89,5123.59,14235
2015.09.17,21:00,5130.87,5196.26,5075.75,5090.18,20034
2015.09.20,21:00,5095.14,5116.26,5026.41,5106.85,16800
2015.09.21,21:00,5121.47,5136.92,5016.54,5044.47,16377
2015.09.22,21:00,5022.51,5057.20,4988.81,5025.93,13337
2015.09.23,21:00,5032.93,5094.89,5019.50,5075.16,10856
2015.09.24,21:00,5086.07,5117.42,5034.18,5047.34,12776
2015.09.25,21:00,5047.34,5047.34,5047.34,5047.34,1
2015.09.27,21:00,5021.52,5127.03,4996.79,5019.21,25818
2015.09.28,21:00,5007.22,5011.70,4901.71,4947.68,16045
2015.09.29,21:00,4925.25,5035.85,4919.77,5023.91,13351
2015.09.30,21:00,5035.39,5117.85,5027.93,5078.39,13685
2015.10.01,21:00,5076.62,5120.43,4985.97,5116.09,22946
2015.10.04,21:00,5098.66,5227.02,5093.18,5223.04,14331
2015.10.05,21:00,5206.16,5220.50,5158.64,5189.68,10725
2015.10.06,21:00,5181.59,5266.75,5133.91,5240.42,20686
2015.10.07,21:00,5245.44,5285.42,5205.31,5279.44,12623
2015.10.08,21:00,5276.90,5291.86,5244.48,5265.04,8291
2015.10.11,21:00,5250.75,5270.68,5222.72,5234.83,8001
2015.10.12,21:00,5228.38,5230.10,5171.02,5179.99,6978
2015.10.13,21:00,5154.07,5221.85,5152.08,5195.52,9810
2015.10.14,21:00,5199.54,5271.30,5196.55,5268.81,8024
2015.10.15,21:00,5284.79,5311.63,5258.35,5291.82,9954
2015.10.18,21:00,5272.89,5298.49,5242.85,5260.84,9924
2015.10.19,21:00,5247.91,5265.78,5210.10,5222.64,8610
2015.10.20,21:00,5210.72,5270.14,5191.22,5227.85,14072
2015.10.21,21:00,5227.39,5341.36,5213.52,5332.91,15017
2015.10.22,21:00,5352.39,5405.10,5340.13,5395.65,8669
2015.10.25,22:00,5385.88,5388.87,5339.79,5352.93,6522
2015.10.26,22:00,5365.93,5377.50,5341.50,5351.50,5758
2015.10.27,22:00,5343.00,5374.50,5315.50,5374.50,8651
2015.10.28,22:00,5354.50,5365.50,5244.00,5250.50,13901
2015.10.29,22:00,5249.50,5265.25,5202.50,5230.97,10698
2015.11.01,22:00,5227.24,5255.16,5149.97,5216.47,19962
2015.11.02,22:00,5220.97,5282.72,5194.29,5272.77,12507
2015.11.03,22:00,5279.27,5313.93,5230.96,5244.68,13136
2015.11.04,22:00,5241.43,5241.93,5167.35,5193.30,10104
2015.11.05,22:00,5189.27,5238.18,5151.71,5202.89,15933
2015.11.08,22:00,5175.93,5192.91,5051.93,5076.93,18297
2015.11.09,22:00,5084.93,5107.08,5046.25,5092.00,11460
2015.11.10,22:00,5091.95,5136.71,5087.45,5107.76,8272
2015.11.11,22:00,5107.55,5152.42,5054.99,5056.49,14381
2015.11.12,22:00,5045.52,5069.16,4991.43,4998.43,10838
2015.11.15,22:00,4962.22,5061.01,4960.72,5061.01,10180
2015.11.16,22:00,5042.89,5125.89,5036.07,5092.51,13003
2015.11.17,22:00,5092.03,5185.87,5080.56,5183.87,11879
2015.11.18,22:00,5177.42,5278.84,5158.93,5253.01,16424
2015.11.19,22:00,5252.76,5290.87,5230.80,5253.52,11939
2015.11.22,22:00,5258.15,5293.91,5232.68,5259.53,12109
2015.11.23,22:00,5255.90,5269.20,5201.32,5249.32,12919
2015.11.24,22:00,5227.55,5240.04,5181.76,5189.92,7894
2015.11.25,22:00,5184.46,5256.14,5174.47,5240.83,10698
2015.11.26,22:00,5240.34,5268.82,5173.38,5201.58,15213
2015.11.29,22:00,5190.54,5213.80,5161.46,5183.18,9733
2015.11.30,22:00,5189.71,5281.67,5168.72,5259.31,15631
2015.12.01,22:00,5249.71,5275.12,5208.29,5217.30,10126
2015.12.02,22:00,5210.71,5261.24,5147.39,5160.39,17739
2015.12.03,22:00,5157.43,5188.99,5117.10,5183.00,11822
2015.12.06,22:00,5197.39,5243.88,5119.72,5129.84,18078
2015.12.07,22:00,5119.38,5141.89,5060.47,5083.03,12650
2015.12.08,22:00,5082.02,5121.20,5030.80,5055.82,15461
2015.12.09,22:00,5056.33,5076.82,4995.38,5025.93,13249
2015.12.10,22:00,5017.95,5069.55,4936.67,4948.17,19599
2015.12.13,22:00,4949.72,4981.42,4866.28,4922.71,20328
2015.12.14,22:00,4921.67,4972.08,4898.59,4956.75,11191
2015.12.15,22:00,4952.72,5080.14,4939.31,5075.17,15922
2015.12.16,22:00,5065.26,5140.25,5055.22,5059.21,16402
2015.12.17,22:00,5060.22,5132.17,5021.00,5073.64,20893
2015.12.20,22:00,5058.70,5152.82,5051.24,5126.43,13544
2015.12.21,22:00,5143.35,5174.18,5092.18,5147.50,15986
2015.12.22,22:00,5152.00,5227.50,5141.50,5223.00,10101
2015.12.23,22:00,5227.50,5234.00,5190.00,5208.00,6851
2015.12.28,22:00,5203.00,5325.00,5191.00,5312.50,15851
2015.12.29,22:00,5327.50,5356.00,5305.50,5315.50,8901
2015.12.30,22:00,5331.00,5335.50,5281.50,5295.50,7251
2016.01.03,22:00,5287.50,5336.50,5219.50,5259.50,20601
2016.01.04,22:00,5259.50,5265.50,5156.00,5199.50,15901
2016.01.05,22:00,5207.50,5225.50,5089.50,5120.50,18501
2016.01.06,22:00,5117.00,5130.50,4932.50,4946.50,22551
2016.01.07,22:00,4951.50,5043.50,4891.00,4899.00,25251
2016.01.10,22:00,4906.50,4950.50,4876.50,4928.50,12601
2016.01.11,22:00,4926.50,4985.50,4904.50,4960.50,12801
2016.01.12,22:00,4949.50,4997.50,4873.00,4897.50,19701
2016.01.13,22:00,4882.50,5001.50,4862.00,4971.00,19051
2016.01.14,22:00,4981.50,4999.50,4755.50,4794.50,30101
2016.01.17,22:00,4806.50,4873.75,4797.50,4838.00,12101
2016.01.18,22:00,4843.50,4949.50,4837.50,4877.00,19051
2016.01.19,22:00,4866.00,4929.50,4768.50,4865.50,32151
2016.01.20,22:00,4862.00,4932.50,4832.50,4902.50,15951
2016.01.21,22:00,4891.00,4997.50,4883.50,4986.50,13251
2016.01.24,22:00,4979.00,5011.50,4941.00,4948.50,11051
2016.01.25,22:00,4934.00,5007.00,4900.50,5003.50,14351
2016.01.26,22:00,4990.50,5005.50,4915.00,4934.00,12451
2016.01.27,22:00,4938.50,5025.00,4904.50,4987.00,19251
2016.01.28,22:00,4979.50,5058.50,4944.50,5055.00,15251
2016.01.31,22:00,5058.00,5073.50,5005.50,5050.50,12851
2016.02.01,22:00,5040.50,5048.00,4906.00,4921.50,16501
2016.02.02,22:00,4915.50,4940.50,4822.00,4908.00,22951
2016.02.03,22:00,4924.50,5000.50,4906.50,4969.00,14351
2016.02.04,22:00,4982.00,4987.50,4907.00,4921.00,10001
2016.02.07,22:00,4915.50,4985.00,4873.00,4911.00,21951
2016.02.08,22:00,4900.85,4914.33,4790.91,4836.39,18239
2016.02.09,22:00,4835.41,4868.37,4703.20,4786.21,28115
2016.02.10,22:00,4770.64,4829.49,4731.14,4783.05,18430
2016.02.11,22:00,4768.58,4845.37,4745.30,4842.37,12636
2016.02.14,22:00,4845.09,4873.06,4784.30,4862.68,15994
2016.02.15,22:00,4863.22,4922.09,4813.43,4920.10,16045
2016.02.16,22:00,4916.16,4963.02,4867.26,4948.53,15916
2016.02.17,22:00,4951.74,5016.68,4941.74,4970.32,13131
2016.02.18,22:00,4974.67,4986.66,4934.43,4964.49,9429
2016.02.21,22:00,4965.32,5040.32,4947.83,5039.32,11099
2016.02.22,22:00,5044.77,5044.77,4941.78,4950.27,11149
2016.02.23,22:00,4940.39,4942.39,4830.27,4919.27,20313
2016.02.24,22:00,4912.14,4935.14,4834.02,4902.56,19267
2016.02.25,22:00,4896.01,4926.29,4836.64,4890.33,17363
2016.02.28,22:00,4885.34,4927.77,4863.60,4884.26,12727
2016.02.29,22:00,4879.95,4995.89,4856.97,4995.41,16239
2016.03.01,22:00,5001.96,5049.80,4981.47,5048.39,9024
2016.03.02,22:00,5046.83,5094.42,5024.34,5090.42,9658
2016.03.03,22:00,5094.13,5157.95,5080.93,5133.46,11472
2016.03.06,22:00,5151.07,5181.17,5123.64,5173.18,9296
2016.03.07,22:00,5164.14,5181.14,5088.34,5091.84,11331
2016.03.08,22:00,5091.20,5182.04,5081.84,5171.63,11998
2016.03.09,22:00,5171.85,5211.99,5121.97,5154.97,16317
2016.03.10,22:00,5155.39,5220.00,5117.54,5219.50,14082
2016.03.13,22:00,5211.07,5215.29,5171.22,5180.68,5776
2016.03.14,22:00,5182.39,5184.89,5077.29,5099.25,13207
2016.03.15,22:00,5104.42,5163.14,5086.53,5158.18,9947
2016.03.16,22:00,5160.42,5223.35,5136.67,5208.43,12536
2016.03.17,22:00,5212.18,5226.62,5160.22,5206.13,12676
2016.03.20,22:00,5191.79,5200.77,5147.14,5190.97,10645
2016.03.21,22:00,5183.93,5192.39,5132.83,5167.47,10267
2016.03.22,22:00,5167.60,5167.60,5105.68,5110.66,6691
2016.03.23,22:00,5094.72,5107.66,5063.28,5079.74,7379
2016.03.28,21:00,5076.59,5112.39,4979.97,5042.27,23053
2016.03.29,21:00,5038.72,5062.72,4988.71,5050.79,13596
2016.03.30,21:00,5053.57,5098.72,5049.59,5059.62,9222
2016.03.31,21:00,5053.68,5053.68,4965.41,5018.27,14114
2016.04.03,21:00,5012.83,5047.13,4990.08,4999.47,10075
2016.04.04,21:00,4994.17,4997.14,4893.55,4913.09,12611
2016.04.05,21:00,4922.96,4975.75,4906.39,4971.77,8992
2016.04.06,21:00,4964.91,4985.51,4910.22,4918.70,10438
2016.04.07,21:00,4905.29,4971.08,4891.04,4951.24,11414
2016.04.10,21:00,4957.18,4957.68,4910.08,4921.64,5967
2016.04.11,21:00,4923.18,5020.14,4908.74,5013.68,13231
2016.04.12,21:00,5023.68,5101.07,5008.72,5096.10,11229
2016.04.13,21:00,5091.66,5136.93,5069.47,5125.52,10107
2016.04.14,21:00,5127.05,5170.45,5110.60,5159.56,8720
2016.04.17,21:00,5104.84,5209.68,5101.85,5199.75,12076
2016.04.18,21:00,5198.79,5233.12,5182.70,5229.22,7042
2016.04.19,21:00,5226.78,5273.45,5195.06,5259.04,12453
2016.04.20,21:00,5265.97,5288.89,5241.10,5245.58,7520
2016.04.21,21:00,5243.64,5274.98,5219.54,5255.59,9894
2016.04.24,21:00,5244.97,5249.46,5216.17,5231.21,5283
2016.04.25,21:00,5216.80,5253.68,5209.57,5238.52,6651
2016.04.26,21:00,5238.55,5284.09,5166.93,5230.46,22624
2016.04.27,21:00,5225.47,5254.42,5188.51,5214.10,12046
2016.04.28,21:00,5218.63,5263.62,5208.67,5247.79,8075
2016.05.01,21:00,5229.79,5259.97,5179.50,5254.62,13612
2016.05.02,21:00,5239.22,5373.54,5202.35,5312.02,26959
2016.05.03,21:00,5313.08,5334.01,5237.53,5256.14,13603
2016.05.04,21:00,5257.98,5292.62,5224.57,5242.07,12020
2016.05.05,21:00,5241.10,5305.23,5195.76,5299.50,16055
2016.05.08,21:00,5305.01,5341.91,5262.67,5312.33,15117
2016.05.09,21:00,5307.87,5385.42,5287.49,5379.44,12430
2016.05.10,21:00,5377.44,5430.38,5340.22,5341.72,14461
2016.05.11,21:00,5337.78,5392.77,5330.30,5361.47,10126
2016.05.12,21:00,5364.00,5371.99,5308.94,5321.38,8349
2016.05.15,21:00,5317.09,5403.68,5315.09,5396.23,9805
2016.05.16,21:00,5386.18,5399.32,5342.39,5359.88,8757
2016.05.17,21:00,5365.32,5397.89,5344.79,5349.51,9040
2016.05.18,21:00,5371.24,5386.22,5301.54,5331.80,12993
2016.05.19,21:00,5329.85,5368.94,5318.87,5352.55,7745
2016.05.22,21:00,5347.41,5368.38,5296.57,5326.09,12231
2016.05.23,21:00,5329.63,5371.66,5287.34,5363.69,13459
2016.05.24,21:00,5366.73,5403.31,5355.68,5395.86,6614
2016.05.25,21:00,5396.30,5405.29,5353.13,5391.94,9997
2016.05.26,21:00,5401.48,5429.95,5399.49,5426.04,3637
2016.05.29,21:00,5422.54,5422.54,5391.36,5400.66,4049
2016.05.30,21:00,5408.41,5409.91,5346.10,5353.62,7284
2016.05.31,21:00,5351.19,5352.69,5294.03,5331.60,9774
2016.06.01,21:00,5328.15,5336.65,5270.04,5314.74,11982
2016.06.02,21:00,5314.14,5334.13,5284.12,5320.20,9397
2016.06.05,21:00,5325.59,5377.28,5303.11,5372.32,10162
2016.06.06,21:00,5366.91,5392.73,5357.90,5359.91,6267
2016.06.07,21:00,5352.16,5384.19,5336.56,5377.71,6972
2016.06.08,21:00,5373.72,5386.96,5327.47,5332.56,7783
2016.06.09,21:00,5328.62,5333.66,5246.84,5257.37,10240
2016.06.12,21:00,5244.65,5253.66,5211.82,5216.84,5588
2016.06.13,21:00,5221.88,5242.07,5155.47,5186.89,13822
2016.06.14,21:00,5205.33,5205.33,5145.96,5162.39,7581
2016.06.15,21:00,5164.85,5199.92,5095.14,5163.89,20861
2016.06.16,21:00,5161.84,5184.10,5146.72,5169.20,6741
2016.06.19,21:00,5220.56,5281.57,5212.59,5272.19,8634
2016.06.20,21:00,5251.82,5299.52,5247.84,5277.67,7752
2016.06.21,21:00,5282.68,5299.05,5248.30,5250.80,6963
2016.06.22,21:00,5267.80,5347.30,5259.30,5340.30,10351
2016.06.23,21:00,5292.80,5326.80,5072.30,5126.30,34251
2016.06.26,21:00,5092.30,5153.30,5032.30,5050.80,20051
2016.06.27,21:00,5052.80,5175.66,5046.30,5174.16,13737
2016.06.28,21:00,5153.79,5214.21,5118.64,5213.22,13172
2016.06.29,21:00,5193.77,5277.76,5193.77,5266.83,9493
2016.06.30,21:00,5251.93,5281.56,5227.04,5276.85,8413
2016.07.03,21:00,5241.07,5296.26,5216.93,5277.92,12182
2016.07.04,21:00,5280.45,5291.40,5192.72,5211.68,12860
2016.07.05,21:00,5201.26,5234.35,5147.43,5230.88,14423
2016.07.06,21:00,5222.35,5250.35,5200.71,5213.18,9012
2016.07.07,21:00,5213.72,5293.17,5205.76,5289.68,9887
2016.07.10,21:00,5301.86,5384.97,5292.89,5370.09,11594
2016.07.11,21:00,5371.12,5403.94,5348.03,5386.08,9687
2016.07.12,21:00,5393.59,5417.39,5364.10,5397.63,10255
2016.07.13,21:00,5393.19,5447.97,5391.69,5431.12,7464
2016.07.14,21:00,5424.19,5453.23,5416.22,5420.39,7023
2016.07.17,21:00,5441.70,5472.60,5432.24,5460.36,6207
2016.07.18,21:00,5457.42,5468.34,5431.34,5453.53,7012
2016.07.19,21:00,5457.56,5511.69,5447.60,5509.88,7587
2016.07.20,21:00,5511.92,5539.81,5488.53,5494.04,8469
2016.07.21,21:00,5511.02,5520.99,5477.33,5515.53,8282
2016.07.24,21:00,5517.74,5550.03,5513.90,5527.11,6290
2016.07.25,21:00,5518.69,5551.49,5495.88,5548.00,8192
2016.07.26,21:00,5556.52,5569.48,5529.14,5553.53,7770
2016.07.27,21:00,5551.59,5573.38,5542.68,5567.68,4532
2016.07.28,21:00,5563.25,5580.45,5534.86,5578.47,7597
2016.07.31,21:00,5576.49,5611.32,5550.64,5565.68,11056
2016.08.01,21:00,5576.69,5592.68,5492.72,5511.72,13496
2016.08.02,21:00,5499.81,5507.79,5454.94,5492.52,9842
2016.08.03,21:00,5494.22,5508.53,5471.72,5496.40,7145
2016.08.04,21:00,5498.45,5537.15,5489.53,5536.18,5752
2016.08.07,21:00,5534.56,5549.67,5526.50,5541.78,3913
2016.08.08,21:00,5540.46,5563.98,5532.48,5549.10,5437
2016.08.09,21:00,5553.64,5553.64,5512.55,5534.09,6264
2016.08.10,21:00,5526.49,5549.74,5482.44,5546.32,11478
2016.08.11,21:00,5538.33,5555.29,5505.27,5518.23,7995
2016.08.14,21:00,5523.58,5559.46,5511.62,5550.06,6921
2016.08.15,21:00,5557.03,5557.53,5519.82,5528.34,4674
2016.08.16,21:00,5508.82,5548.33,5503.83,5543.36,5447
2016.08.17,21:00,5536.34,5555.31,5497.90,5522.60,10109
2016.08.18,21:00,5525.27,5534.60,5503.78,5522.10,5848
2016.08.21,21:00,5521.96,5540.37,5507.80,5529.02,5809
2016.08.22,21:00,5537.29,5580.34,5527.55,5562.99,7989
2016.08.23,21:00,5561.32,5575.77,5546.03,5554.05,5222
2016.08.24,21:00,5545.62,5563.46,5521.08,5543.22,8237
2016.08.25,21:00,5536.24,5546.02,5489.59,5509.12,8575
2016.08.28,21:00,5513.27,5517.27,5453.10,5488.07,10315
2016.08.29,21:00,5496.41,5518.39,5472.49,5485.30,8070
2016.08.30,21:00,5484.83,5484.83,5388.89,5405.96,11302
2016.08.31,21:00,5401.61,5431.00,5378.29,5407.33,9971
2016.09.01,21:00,5414.83,5414.83,5354.06,5395.59,10231
2016.09.04,21:00,5388.16,5434.14,5388.16,5411.01,6912
2016.09.05,21:00,5416.78,5422.13,5382.24,5408.82,7183
2016.09.06,21:00,5408.82,5440.71,5383.75,5402.31,10742
2016.09.07,21:00,5392.66,5393.16,5342.79,5356.75,6484
2016.09.08,21:00,5347.42,5354.84,5243.03,5249.53,12574
2016.09.11,21:00,5241.71,5295.86,5200.05,5283.84,14950
2016.09.12,21:00,5268.86,5276.78,5153.34,5183.74,16177
2016.09.13,21:00,5178.79,5241.35,5178.79,5216.04,8788
2016.09.14,21:00,5220.52,5298.24,5190.66,5280.84,15485
2016.09.15,21:00,5287.84,5307.36,5262.95,5294.77,8190
2016.09.18,21:00,5297.97,5306.50,5268.21,5283.50,6212
2016.09.19,21:00,5289.00,5319.50,5278.50,5301.00,7001
2016.09.20,21:00,5305.00,5370.95,5305.00,5368.46,6845
2016.09.21,21:00,5368.58,5410.87,5359.12,5393.54,7855
2016.09.22,21:00,5388.59,5435.09,5378.54,5408.82,9288
2016.09.25,21:00,5403.90,5436.23,5383.54,5390.08,9157
2016.09.26,21:00,5386.36,5420.08,5371.18,5413.54,7063
2016.09.27,21:00,5408.40,5465.21,5397.71,5456.26,8715
2016.09.28,21:00,5460.81,5480.17,5429.52,5442.50,8300
2016.09.29,21:00,5425.52,5477.00,5415.19,5462.57,8658
2016.10.02,21:00,5457.06,5493.32,5452.80,5455.10,7909
2016.10.03,21:00,5460.06,5503.46,5446.50,5458.27,11214
2016.10.04,21:00,5454.33,5480.66,5440.17,5474.70,6062
2016.10.05,21:00,5478.60,5498.08,5459.67,5497.08,5835
2016.10.06,21:00,5497.12,5503.10,5441.84,5471.78,9719
2016.10.09,21:00,5488.28,5502.35,5464.90,5496.93,6626
2016.10.10,21:00,5501.45,5505.44,5429.27,5436.76,8766
2016.10.11,21:00,5439.79,5477.69,5428.83,5459.49,7803
2016.10.12,21:00,5464.96,5467.45,5404.91,5446.85,10698
2016.10.13,21:00,5439.90,5458.15,5424.33,5424.33,5208
2016.10.16,21:00,5416.44,5441.59,5378.44,5390.42,10029
2016.10.17,21:00,5387.42,5439.48,5384.10,5425.60,7259
2016.10.18,21:00,5435.10,5452.55,5415.74,5436.38,7235
2016.10.19,21:00,5447.88,5459.85,5424.69,5442.71,6516
2016.10.20,21:00,5437.76,5445.41,5390.12,5424.60,9743
2016.10.23,21:00,5436.58,5438.07,5376.22,5415.73,10286
2016.10.24,21:00,5414.77,5457.50,5410.78,5433.45,7477
2016.10.25,21:00,5422.51,5422.51,5340.65,5364.02,10524
2016.10.26,21:00,5360.01,5369.00,5274.80,5306.88,13528
2016.10.27,21:00,5307.31,5319.78,5260.52,5276.83,8805
2016.10.30,22:00,5270.88,5330.09,5268.88,5303.82,8949
2016.10.31,22:00,5297.86,5298.36,5228.76,5253.74,9509
2016.11.01,22:00,5248.77,5252.96,5192.06,5196.57,6961
2016.11.02,22:00,5191.54,5241.35,5174.06,5194.55,13158
2016.11.03,22:00,5186.07,5204.72,5143.52,5144.02,8036
2016.11.06,22:00,5188.74,5274.50,5187.74,5272.51,8976
2016.11.07,22:00,5269.57,5297.48,5243.46,5287.48,9014
2016.11.08,22:00,5278.98,5346.55,5048.47,5325.07,55008
2016.11.09,22:00,5307.67,5385.77,5289.55,5351.94,14818
2016.11.10,22:00,5336.72,5384.30,5330.22,5357.72,8717
2016.11.13,22:00,5332.83,5352.16,5312.73,5337.31,7439
2016.11.14,22:00,5335.04,5350.21,5302.76,5349.71,8024
2016.11.15,22:00,5348.04,5352.03,5294.13,5303.14,7091
2016.11.16,22:00,5297.66,5360.67,5273.69,5355.67,11596
2016.11.17,22:00,5362.68,5376.21,5342.58,5367.22,6273
2016.11.20,22:00,5362.47,5393.15,5334.96,5389.16,8970
2016.11.21,22:00,5384.17,5428.19,5379.18,5424.20,5800
2016.11.22,22:00,5417.22,5494.27,5400.24,5491.00,11429
2016.11.23,22:00,5491.24,5515.58,5472.43,5506.62,7093
2016.11.24,22:00,5502.64,5521.32,5479.07,5511.64,7551
2016.11.27,22:00,5514.75,5514.75,5446.24,5464.38,8666
2016.11.28,22:00,5461.37,5487.25,5443.71,5462.79,8567
2016.11.29,22:00,5464.81,5471.44,5422.68,5454.07,8679
2016.11.30,22:00,5464.09,5507.69,5454.07,5486.80,8454
2016.12.01,22:00,5486.33,5494.65,5436.05,5463.15,9403
2016.12.04,22:00,5438.95,5451.11,5383.70,5448.61,12517
2016.12.05,22:00,5439.07,5461.98,5422.45,5459.99,5815
2016.12.06,22:00,5462.01,5528.35,5445.02,5527.85,10083
2016.12.07,22:00,5527.72,5568.33,5516.22,5556.83,7512
2016.12.08,22:00,5554.34,5579.23,5540.34,5579.23,5290
2016.12.11,22:00,5576.22,5584.23,5544.50,5549.68,5293
2016.12.12,22:00,5544.79,5587.46,5538.79,5569.59,7255
2016.12.13,22:00,5570.46,5596.68,5534.00,5537.00,9191
2016.12.14,22:00,5557.82,5563.52,5517.00,5542.30,7753
2016.12.15,22:00,5541.33,5550.47,5510.32,5537.26,7624
2016.12.18,22:00,5542.41,5578.96,5530.48,5561.30,7808
2016.12.19,22:00,5564.57,5613.47,5557.12,5604.64,7264
2016.12.20,22:00,5599.20,5629.15,5596.72,5610.91,5316
2016.12.21,22:00,5608.95,5669.05,5598.03,5643.35,10765
2016.12.22,22:00,5648.35,5649.35,5617.62,5639.47,5459
2016.12.27,22:00,5635.21,5704.96,5635.21,5671.32,10340
2016.12.28,22:00,5658.69,5708.15,5653.23,5683.43,8511
2016.12.29,22:00,5685.45,5691.84,5653.05,5667.33,5947
2017.01.02,22:00,5669.91,5750.93,5657.47,5738.09,11875
2017.01.03,22:00,5732.65,5761.69,5722.21,5759.70,5192
2017.01.04,22:00,5755.82,5766.96,5744.23,5764.48,3681
2017.01.05,22:00,5759.04,5779.84,5745.93,5766.91,5996
2017.01.08,22:00,5773.10,5827.04,5761.65,5792.13,11176
2017.01.09,22:00,5791.17,5796.66,5746.04,5785.25,9533
2017.01.10,22:00,5782.29,5798.56,5763.57,5786.19,6609
2017.01.11,22:00,5787.27,5802.36,5749.87,5776.35,9407
2017.01.12,22:00,5780.38,5782.37,5709.74,5747.12,11201
2017.01.15,22:00,5742.42,5761.36,5727.76,5737.29,6208
2017.01.16,22:00,5743.61,5743.61,5680.00,5687.99,7161
2017.01.17,22:00,5682.53,5687.02,5655.64,5682.95,6235
2017.01.18,22:00,5693.42,5721.35,5668.05,5675.06,8825
2017.01.19,22:00,5677.59,5679.58,5646.48,5676.66,6528
2017.01.22,22:00,5679.65,5694.61,5603.43,5633.59,13631
2017.01.23,22:00,5627.67,5686.39,5611.14,5680.92,9726
2017.01.24,22:00,5680.54,5706.05,5658.65,5703.07,7228
2017.01.25,22:00,5710.66,5721.13,5695.77,5701.44,4151
2017.01.26,22:00,5699.96,5717.38,5677.01,5702.04,7867
2017.01.29,22:00,5691.13,5691.13,5630.22,5651.73,8243
2017.01.30,22:00,5639.34,5647.33,5605.04,5629.36,7461
2017.01.31,22:00,5629.88,5678.35,5609.72,5659.48,10767
2017.02.01,22:00,5666.52,5676.50,5629.80,5657.04,8393
2017.02.02,22:00,5650.59,5663.37,5616.42,5651.77,9273
2017.02.05,22:00,5650.35,5662.77,5595.30,5614.35,9895
2017.02.06,22:00,5611.49,5635.16,5581.33,5630.28,8888
2017.02.07,22:00,5623.23,5665.77,5614.25,5652.46,7382
2017.02.08,22:00,5656.53,5697.37,5635.42,5694.88,8556
2017.02.09,22:00,5695.90,5736.90,5689.41,5732.95,5794
2017.02.12,22:00,5735.35,5787.32,5718.89,5780.36,9186
2017.02.13,22:00,5781.25,5793.24,5750.06,5780.95,8607
2017.02.14,22:00,5790.26,5818.78,5785.28,5810.19,4708
2017.02.15,22:00,5814.76,5831.74,5789.16,5819.51,8042
2017.02.16,22:00,5815.40,5824.89,5784.09,5813.70,7991
2017.02.19,22:00,5812.45,5813.45,5777.53,5799.67,5907
2017.02.20,22:00,5797.35,5817.01,5774.00,5816.01,6737
2017.02.21,22:00,5798.49,5808.96,5778.20,5791.74,5478
2017.02.22,22:00,5790.55,5801.37,5762.76,5781.75,6843
2017.02.23,22:00,5781.75,5783.25,5719.93,5731.06,7596
2017.02.26,22:00,5726.18,5741.66,5705.88,5731.95,6580
2017.02.27,22:00,5735.68,5756.24,5699.11,5706.30,8489
2017.02.28,22:00,5705.78,5762.99,5673.42,5756.49,12844
2017.03.01,22:00,5759.42,5781.33,5750.45,5751.96,5431
2017.03.02,22:00,5747.53,5750.65,5711.39,5744.65,7565
2017.03.05,22:00,5741.51,5748.11,5714.85,5732.34,5736
2017.03.06,22:00,5725.01,5774.61,5718.03,5744.25,9393
2017.03.07,22:00,5745.59,5775.66,5736.61,5744.76,7728
2017.03.08,22:00,5737.30,5767.71,5728.44,5757.80,5805
2017.03.09,22:00,5761.82,5789.79,5749.68,5780.55,6150
2017.03.12,22:00,5778.15,5780.72,5742.96,5774.31,7169
2017.03.13,22:00,5780.72,5785.73,5730.25,5749.72,7997
2017.03.14,22:00,5738.48,5816.58,5726.81,5815.09,10294
2017.03.15,22:00,5796.13,5814.03,5763.97,5793.63,9763
2017.03.16,22:00,5798.86,5815.20,5781.22,5781.22,5033
2017.03.19,22:00,5778.62,5786.63,5754.18,5765.59,5188
2017.03.20,22:00,5761.13,5780.43,5718.32,5720.81,8391
2017.03.21,22:00,5713.94,5713.95,5675.48,5702.78,6579
2017.03.22,22:00,5691.62,5735.25,5686.40,5720.40,6893
2017.03.23,22:00,5724.35,5771.11,5714.40,5757.24,8054
2017.03.26,21:00,5734.05,5774.16,5694.91,5764.21,12835
2017.03.27,21:00,5770.92,5844.76,5762.96,5836.33,9820
2017.03.28,21:00,5825.94,5878.00,5819.97,5874.89,6712
2017.03.29,21:00,5869.80,5909.82,5863.83,5899.94,6185
2017.03.30,21:00,5899.50,5903.98,5857.52,5867.21,6064
2017.04.02,21:00,5879.16,5879.66,5830.91,5862.34,8069
2017.04.03,21:00,5860.89,5886.75,5847.98,5886.75,5169
2017.04.04,21:00,5888.78,5905.92,5845.55,5854.68,8665
2017.04.05,21:00,5851.79,5888.42,5832.45,5877.02,8672
2017.04.06,21:00,5881.17,5895.61,5837.65,5879.72,11448
2017.04.09,21:00,5883.83,5923.80,5880.35,5911.91,5883
2017.04.10,21:00,5905.48,5950.44,5898.01,5946.16,6419
2017.04.11,21:00,5943.29,5951.77,5906.11,5908.68,5672
2017.04.12,21:00,5911.67,5911.67,5848.06,5865.00,8056
2017.04.17,21:00,5887.15,5891.14,5792.50,5803.54,11368
2017.04.18,21:00,5809.07,5830.09,5787.67,5796.37,7215
2017.04.19,21:00,5810.87,5852.93,5807.88,5848.50,5248
2017.04.20,21:00,5850.99,5871.67,5841.26,5852.78,5904
2017.04.23,21:00,5891.42,5898.20,5853.87,5887.15,8440
2017.04.24,21:00,5895.38,5925.99,5892.89,5917.55,4404
2017.04.25,21:00,5918.06,5943.85,5905.48,5911.59,7028
2017.04.26,21:00,5911.11,5935.26,5906.45,5921.48,4726
2017.04.27,21:00,5911.59,5936.32,5894.53,5925.45,6973
2017.04.30,21:00,5916.04,5960.67,5912.55,5959.67,5262
2017.05.01,21:00,5948.77,5959.03,5917.50,5947.23,8153
2017.05.02,21:00,5943.29,5950.77,5881.84,5891.10,8568
2017.05.03,21:00,5895.24,5914.18,5855.67,5876.65,9844
2017.05.04,21:00,5868.74,5894.11,5825.50,5894.11,11186
2017.05.07,21:00,5885.95,5903.91,5859.24,5880.91,8431
2017.05.08,21:00,5882.46,5882.46,5830.62,5858.28,7951
2017.05.09,21:00,5847.76,5903.09,5808.36,5896.63,14060
2017.05.10,21:00,5890.25,5925.37,5857.54,5868.14,11356
2017.05.11,21:00,5872.70,5879.09,5814.96,5835.91,9148
2017.05.14,21:00,5829.11,5860.49,5805.15,5855.01,8479
2017.05.15,21:00,5850.85,5878.81,5835.05,5857.26,8112
2017.05.16,21:00,5828.37,5837.36,5716.56,5725.06,13830
2017.05.17,21:00,5715.08,5740.88,5680.48,5724.02,11187
2017.05.18,21:00,5728.07,5757.29,5706.79,5748.33,8075
2017.05.21,21:00,5749.11,5786.60,5744.62,5786.10,4698
2017.05.22,21:00,5771.18,5801.63,5752.90,5777.22,9143
2017.05.23,21:00,5777.30,5785.29,5753.69,5779.77,6074
2017.05.24,21:00,5777.72,5799.03,5747.55,5783.67,9702
2017.05.25,21:00,5782.24,5782.74,5735.44,5755.08,6745
2017.05.28,21:00,5758.07,5763.56,5701.90,5706.08,7134
2017.05.29,21:00,5705.79,5727.52,5678.04,5714.63,9013
2017.05.30,21:00,5709.85,5741.96,5705.35,5728.19,5489
2017.05.31,21:00,5723.45,5765.97,5709.00,5764.97,7243
2017.06.01,21:00,5759.54,5793.83,5757.55,5790.42,4169
2017.06.04,21:00,5775.27,5782.26,5736.75,5753.00,6876
2017.06.05,21:00,5743.11,5745.61,5655.27,5678.95,11653
2017.06.06,21:00,5665.74,5684.27,5638.48,5649.57,7542
2017.06.07,21:00,5644.66,5679.86,5626.27,5675.66,7619
2017.06.08,21:00,5650.76,5700.88,5643.77,5687.48,7751
2017.06.11,21:00,5683.60,5692.59,5658.15,5672.36,5765
2017.06.12,21:00,5678.18,5792.55,5677.68,5786.15,12178
2017.06.13,21:00,5776.67,5840.57,5773.19,5802.29,10915
2017.06.14,21:00,5788.96,5804.36,5736.37,5776.37,12340
2017.06.15,21:00,5770.96,5794.86,5750.27,5772.68,8747
2017.06.18,21:00,5763.23,5808.86,5762.73,5804.84,5066
2017.06.19,21:00,5797.41,5808.35,5718.36,5725.34,10792
2017.06.20,21:00,5715.44,5715.44,5658.28,5680.98,7987
2017.06.21,21:00,5684.60,5724.75,5676.64,5705.00,7583
2017.06.22,21:00,5714.01,5729.92,5691.64,5717.17,7341
2017.06.25,21:00,5718.79,5750.43,5710.40,5722.34,7652
2017.06.26,21:00,5726.86,5730.34,5683.49,5700.88,6773
2017.06.27,21:00,5694.45,5792.03,5692.46,5791.04,10256
2017.06.28,21:00,5786.63,5822.24,5729.16,5755.56,15510
2017.06.29,21:00,5754.01,5759.36,5692.63,5718.41,9787
2017.07.02,21:00,5727.40,5732.47,5679.52,5716.34,9485
2017.07.03,21:00,5717.88,5792.40,5712.90,5780.33,9656
2017.07.04,21:00,5786.35,5790.33,5752.04,5770.36,6060
2017.07.05,21:00,5774.69,5774.69,5725.37,5728.94,5290
2017.07.06,21:00,5725.50,5725.50,5675.41,5717.75,9244
2017.07.09,21:00,5717.88,5747.35,5704.16,5723.68,8059
2017.07.10,21:00,5726.22,5746.57,5697.35,5721.97,9420
2017.07.11,21:00,5728.98,5728.98,5662.05,5702.59,10748
2017.07.12,21:00,5711.15,5748.94,5708.18,5736.64,5604
2017.07.13,21:00,5743.16,5779.72,5731.06,5758.12,8237
2017.07.16,21:00,5749.43,5774.81,5732.49,5749.74,8434
2017.07.17,21:00,5753.26,5763.23,5658.94,5686.44,14177
2017.07.18,21:00,5704.92,5751.85,5699.94,5751.85,5690
2017.07.19,21:00,5758.92,5775.88,5744.02,5748.07,5288
2017.07.20,21:00,5745.12,5758.08,5700.47,5700.72,7083
2017.07.23,21:00,5701.29,5708.25,5654.55,5698.20,10432
2017.07.24,21:00,5695.13,5763.26,5695.13,5763.26,6814
2017.07.25,21:00,5768.28,5794.52,5767.28,5778.60,4417
2017.07.26,21:00,5771.71,5800.72,5749.42,5772.40,10192
2017.07.27,21:00,5771.44,5771.44,5691.08,5718.91,10820
2017.07.30,21:00,5718.91,5745.81,5697.01,5723.20,9332
2017.07.31,21:00,5714.74,5785.96,5708.76,5768.10,10105
2017.08.01,21:00,5782.61,5795.57,5728.12,5755.62,10792
2017.08.02,21:00,5765.11,5765.61,5704.24,5727.04,8468
2017.08.03,21:00,5707.02,5745.33,5703.53,5744.33,4630
2017.08.06,21:00,5748.85,5784.18,5748.85,5782.18,3734
2017.08.07,21:00,5788.65,5796.14,5722.15,5742.55,10189
2017.08.08,21:00,5735.60,5777.51,5724.13,5767.05,7532
2017.08.09,21:00,5775.84,5795.80,5690.63,5692.63,12714
2017.08.10,21:00,5689.42,5708.25,5672.45,5699.52,6151
2017.08.13,21:00,5706.93,5759.40,5706.43,5753.97,5891
2017.08.14,21:00,5755.15,5778.34,5744.63,5757.16,6542
2017.08.15,21:00,5741.58,5810.93,5728.30,5802.51,10434
2017.08.16,21:00,5787.16,5810.12,5732.62,5736.12,10397
2017.08.17,21:00,5728.99,5756.12,5706.54,5742.18,8598
2017.08.20,21:00,5741.05,5756.54,5698.30,5729.97,10541
2017.08.21,21:00,5723.33,5781.95,5723.33,5779.96,6062
2017.08.22,21:00,5781.07,5793.05,5720.78,5739.72,10320
2017.08.23,21:00,5734.64,5760.66,5711.68,5741.28,9133
2017.08.24,21:00,5747.96,5760.44,5720.50,5747.55,7948
2017.08.27,21:00,5751.81,5752.81,5698.08,5716.39,7405
2017.08.28,21:00,5688.25,5694.75,5642.67,5694.25,9817
2017.08.29,21:00,5683.29,5689.29,5654.68,5677.98,6392
2017.08.30,21:00,5691.33,5732.48,5680.85,5719.51,7509
2017.08.31,21:00,5719.15,5754.97,5698.42,5744.04,8822
2017.09.03,21:00,5715.64,5727.68,5688.19,5710.72,7407
2017.09.04,21:00,5718.47,5719.47,5663.60,5684.66,7794
2017.09.05,21:00,5680.33,5719.42,5659.34,5705.95,9455
2017.09.06,21:00,5692.42,5720.40,5678.99,5700.22,7503
2017.09.07,21:00,5707.25,5708.25,5661.53,5675.42,6162
2017.09.10,21:00,5685.92,5741.48,5685.92,5740.48,5657
2017.09.11,21:00,5739.10,5773.02,5729.11,5771.54,5539
2017.09.12,21:00,5784.51,5787.50,5737.99,5747.39,6191
2017.09.13,21:00,5748.19,5750.69,5723.70,5743.10,4890
2017.09.14,21:00,5734.63,5734.63,5685.17,5712.98,7728
2017.09.17,21:00,5717.81,5732.27,5709.40,5726.18,3738
2017.09.18,21:00,5733.83,5742.97,5709.72,5725.84,5852
2017.09.19,21:00,5732.20,5732.20,5678.81,5713.72,8831
2017.09.20,21:00,5718.45,5719.45,5638.62,5677.04,12026
2017.09.21,21:00,5670.53,5700.48,5658.59,5692.60,6172
2017.09.24,21:00,5706.39,5717.35,5677.91,5698.30,7080
2017.09.25,21:00,5700.75,5703.74,5665.25,5683.86,6010
2017.09.26,21:00,5686.33,5692.30,5648.79,5680.30,8100
2017.09.27,21:00,5684.06,5688.44,5653.30,5675.34,6157
2017.09.28,21:00,5672.39,5705.18,5650.51,5701.21,8053
2017.10.01,21:00,5708.23,5751.03,5697.27,5743.76,7200
2017.10.02,21:00,5748.16,5748.16,5690.91,5711.17,7752
2017.10.03,21:00,5708.72,5713.70,5646.02,5666.60,9325
2017.10.04,21:00,5657.04,5690.51,5648.54,5689.51,5148
2017.10.05,21:00,5692.55,5721.70,5680.63,5711.37,6333
2017.10.08,21:00,5721.76,5759.35,5712.79,5723.37,9152
2017.10.09,21:00,5727.39,5756.00,5715.94,5755.51,5201
2017.10.10,21:00,5754.54,5778.43,5737.59,5761.67,7456
2017.10.11,21:00,5767.68,5793.67,5759.71,5783.36,5225
2017.10.12,21:00,5788.39,5827.52,5788.39,5824.03,4263
2017.10.15,21:00,5834.71,5858.74,5834.71,5857.58,2520
2017.10.16,21:00,5857.62,5897.42,5855.63,5882.33,5888
2017.10.17,21:00,5886.36,5906.61,5879.58,5885.31,5302
2017.10.18,21:00,5887.90,5911.81,5858.23,5878.32,9759
2017.10.19,21:00,5876.37,5926.43,5864.42,5913.59,8681
2017.10.22,21:00,5922.17,5926.39,5882.16,5886.15,5245
2017.10.23,21:00,5897.15,5917.38,5883.20,5917.38,4814
2017.10.24,21:00,5920.41,5924.96,5883.17,5897.68,6086
2017.10.25,21:00,5895.28,5934.05,5883.69,5927.09,6892
2017.10.26,21:00,5934.53,5942.66,5852.18,5940.67,17483
2017.10.29,22:00,5932.34,5934.34,5907.23,5917.73,3962
2017.10.30,22:00,5922.48,5935.52,5903.01,5931.38,5613
2017.10.31,22:00,5935.42,5970.62,5921.46,5954.27,7948
2017.11.01,22:00,5959.28,5966.25,5927.37,5959.99,7706
2017.11.02,22:00,5958.05,5980.69,5940.67,5975.22,6288
2017.11.05,22:00,5969.47,5979.40,5945.24,5978.90,5890
2017.11.06,22:00,5973.96,6025.12,5972.96,5995.94,8235
2017.11.07,22:00,5990.79,6028.66,5986.81,6027.17,4733
2017.11.08,22:00,6020.65,6053.62,6006.68,6022.20,9234
2017.11.09,22:00,6026.31,6042.47,6005.48,6037.98,6232
2017.11.12,22:00,6020.43,6028.44,5969.60,5997.65,9491
2017.11.13,22:00,5993.32,5993.32,5922.84,5937.41,8506
2017.11.14,22:00,5933.95,5955.91,5908.07,5941.95,8769
2017.11.15,22:00,5941.02,5984.62,5914.60,5983.63,9744
2017.11.16,22:00,5981.93,5985.42,5947.95,5950.36,4338
2017.11.19,22:00,5938.38,5980.31,5919.50,5972.83,8718
2017.11.20,22:00,5966.39,5994.94,5944.08,5984.06,8406
2017.11.21,22:00,5979.11,6013.30,5973.40,5994.94,6398
2017.11.22,22:00,5984.70,5991.19,5964.08,5975.29,4482
2017.11.23,22:00,5984.14,5995.76,5950.72,5983.86,8981
2017.11.26,22:00,5979.26,6009.14,5966.79,5974.71,8016
2017.11.27,22:00,5973.70,6025.75,5971.70,6019.27,6254
2017.11.28,22:00,6013.04,6031.25,5992.75,6000.78,6475
2017.11.29,22:00,5984.34,6011.21,5947.35,5997.79,11428
2017.11.30,22:00,5996.86,6012.06,5939.83,5981.88,12949
2017.12.03,22:00,6002.97,6010.47,5953.84,5956.34,6664
2017.12.04,22:00,5957.86,5987.79,5940.61,5940.61,7712
2017.12.05,22:00,5941.16,5968.71,5934.09,5960.25,5016
2017.12.06,22:00,5957.55,5997.64,5946.57,5995.65,6405
2017.12.07,22:00,5990.71,6016.17,5981.72,6015.17,4445
2017.12.10,22:00,6013.52,6019.51,5987.60,6012.19,6250
2017.12.11,22:00,6009.32,6025.63,5997.97,6012.18,5247
2017.12.12,22:00,6014.73,6058.86,6003.90,6041.45,8321
2017.12.13,22:00,6040.73,6044.18,5998.10,6002.35,5379
2017.12.14,22:00,6004.44,6036.10,5988.48,6029.64,7005
2017.12.17,22:00,6035.29,6072.74,6016.85,6065.61,8147
2017.12.18,22:00,6051.80,6081.27,6047.81,6050.97,6610
2017.12.19,22:00,6056.03,6086.60,6047.28,6057.26,7742
2017.12.20,22:00,6061.76,6089.94,6052.39,6073.11,6376
2017.12.21,22:00,6067.68,6088.01,6063.20,6072.43,4488
2017.12.26,22:00,6070.74,6094.37,6060.96,6074.03,6354
2017.12.27,22:00,6069.42,6089.60,6061.55,6078.92,4661
2017.12.28,22:00,6080.44,6081.44,6049.35,6061.68,4543
2018.01.01,22:00,6059.88,6078.72,6033.69,6077.78,7217
2018.01.02,22:00,6068.33,6110.17,6059.76,6107.68,6148
2018.01.03,22:00,6102.73,6112.57,6069.03,6111.57,7825
2018.01.04,22:00,6111.59,6143.71,6101.34,6135.74,6060
2018.01.07,22:00,6144.47,6147.96,6119.11,6135.31,4855
2018.01.08,22:00,6141.32,6161.61,6133.58,6158.61,3878
2018.01.09,22:00,6153.66,6159.64,6067.89,6087.46,11731
2018.01.10,22:00,6086.08,6095.05,6051.57,6081.06,8195
2018.01.11,22:00,6082.60,6103.55,6064.01,6098.56,6313
2018.01.14,22:00,6109.55,6110.05,6054.81,6074.40,7534
2018.01.15,22:00,6069.94,6077.74,5995.17,6010.14,10535
2018.01.16,22:00,6011.06,6031.41,5990.18,6023.44,7009
2018.01.17,22:00,6025.94,6037.41,6000.00,6022.60,7149
2018.01.18,22:00,6020.15,6033.80,5999.69,6032.30,5608
2018.01.21,22:00,6025.81,6026.32,5987.23,6023.84,7622
2018.01.22,22:00,6020.87,6058.28,6013.14,6054.79,5637
2018.01.23,22:00,6046.94,6066.67,6018.26,6037.56,8745
2018.01.24,22:00,6038.11,6063.19,6029.27,6040.27,6569
2018.01.25,22:00,6046.86,6071.97,6039.39,6070.97,4106
2018.01.28,22:00,6073.90,6090.43,6032.88,6040.37,8158
2018.01.29,22:00,6038.39,6058.03,5987.64,5998.20,10060
2018.01.30,22:00,5984.14,6059.10,5978.65,6035.65,10940
2018.01.31,22:00,6039.22,6100.77,6039.22,6078.46,8387
2018.02.01,22:00,6081.99,6128.16,6053.98,6060.48,12686
2018.02.04,22:00,6055.58,6056.08,5859.59,5879.06,21647
2018.02.05,22:00,5851.14,5945.36,5791.48,5923.89,23502
2018.02.06,22:00,5893.51,5938.96,5825.66,5874.89,20799
2018.02.07,22:00,5860.47,5894.17,5745.91,5746.91,18297
2018.02.08,22:00,5757.19,5848.03,5671.80,5790.27,31939
2018.02.11,22:00,5802.35,5853.45,5781.47,5842.96,10336
2018.02.12,22:00,5831.73,5875.72,5813.68,5868.23,8759
2018.02.13,22:00,5843.62,5891.84,5793.42,5889.35,15112
2018.02.14,22:00,5887.15,5936.84,5877.41,5926.24,7978
2018.02.15,22:00,5929.13,5936.46,5886.77,5897.77,6803
2018.02.18,22:00,5908.25,5950.22,5890.26,5909.00,11918
2018.02.19,22:00,5917.73,5945.26,5905.00,5918.49,7977
2018.02.20,22:00,5911.10,6006.25,5909.60,5951.84,15257
2018.02.21,22:00,5954.42,6018.29,5927.38,5984.42,15183
2018.02.22,22:00,5996.05,6034.99,5968.11,6034.48,9534
2018.02.25,22:00,6033.56,6080.47,6019.17,6077.97,7820
2018.02.26,22:00,6073.88,6081.82,6025.10,6025.60,6517
2018.02.27,22:00,6023.44,6044.92,5976.50,5978.00,9141
2018.02.28,22:00,5972.13,5999.42,5901.14,5927.64,15208
2018.03.01,22:00,5933.40,5947.89,5882.20,5938.22,12657
2018.03.04,22:00,5942.00,5966.20,5879.11,5960.74,15545
2018.03.05,22:00,5954.02,6003.02,5950.03,5970.73,8928
2018.03.06,22:00,5935.70,5940.66,5894.15,5929.67,8700
2018.03.07,22:00,5915.98,5953.56,5914.48,5950.74,4341
2018.03.08,22:00,5951.13,6013.31,5943.75,6011.31,7895
2018.03.11,22:00,6029.98,6032.98,5982.14,5991.90,6361
2018.03.12,22:00,5988.83,5991.04,5923.26,5933.71,8045
2018.03.13,22:00,5937.82,5962.54,5919.46,5932.33,8068
2018.03.14,22:00,5936.20,5946.16,5903.71,5932.35,8106
2018.03.15,22:00,5932.34,5987.80,5921.65,5980.34,8431
2018.03.18,22:00,5991.91,5992.90,5902.08,5934.41,12415
2018.03.19,22:00,5938.04,5956.66,5914.77,5942.25,7958
2018.03.20,22:00,5937.04,5964.93,5924.66,5935.62,7913
2018.03.21,22:00,5941.51,5957.46,5837.57,5842.05,14033
2018.03.22,22:00,5836.14,5856.95,5762.38,5762.38,11539
2018.03.25,21:00,5764.77,5836.59,5759.79,5831.61,8677
2018.03.26,21:00,5827.01,5855.33,5762.76,5780.70,13884
2018.03.27,21:00,5786.43,5823.12,5773.29,5787.29,9881
2018.03.28,21:00,5805.16,5806.07,5749.77,5767.29,7474
2018.04.02,21:00,5714.53,5776.05,5708.05,5763.11,8743
2018.04.03,21:00,5749.19,5791.40,5701.59,5784.43,14439
2018.04.04,21:00,5780.41,5819.87,5768.95,5809.95,7231
2018.04.05,21:00,5765.17,5818.80,5745.09,5757.07,13933
2018.04.08,21:00,5776.27,5842.30,5767.29,5814.91,11139
2018.04.09,21:00,5802.47,5861.32,5785.53,5856.78,9728
2018.04.10,21:00,5855.82,5857.32,5804.35,5818.39,6852
2018.04.11,21:00,5821.59,5844.62,5799.85,5836.69,7445
2018.04.12,21:00,5832.28,5858.60,5814.29,5831.26,8761
2018.04.15,21:00,5854.97,5868.82,5829.39,5840.52,6442
2018.04.16,21:00,5838.54,5873.51,5829.99,5859.54,6605
2018.04.17,21:00,5864.46,5888.27,5850.02,5882.31,5866
2018.04.18,21:00,5894.48,5906.44,5852.94,5867.44,7997
2018.04.19,21:00,5867.02,5887.18,5843.19,5852.68,7365
2018.04.22,21:00,5857.73,5905.07,5857.73,5892.69,5973
2018.04.23,21:00,5903.22,5949.57,5878.40,5886.39,12552
2018.04.24,21:00,5881.06,5923.59,5881.06,5913.64,5249
2018.04.25,21:00,5928.64,5960.00,5900.76,5958.03,8910
2018.04.26,21:00,5949.63,5969.62,5924.90,5961.20,7788
2018.04.29,21:00,5958.21,5992.68,5955.99,5963.76,6784
2018.04.30,21:00,5968.79,6022.84,5968.79,6016.10,6080
2018.05.01,21:00,6020.15,6091.47,6014.17,6064.11,11065
2018.05.02,21:00,6070.73,6113.11,6057.20,6111.13,7143
2018.05.03,21:00,6107.22,6116.77,6052.90,6111.33,12364
2018.05.06,21:00,6115.43,6115.43,6077.48,6101.19,6167
2018.05.07,21:00,6108.72,6111.57,6085.86,6104.29,4700
2018.05.08,21:00,6103.77,6133.57,6089.64,6129.59,6205
2018.05.09,21:00,6138.26,6147.04,6113.15,6132.58,6211
2018.05.10,21:00,6129.68,6140.91,6109.33,6122.02,5551
2018.05.13,21:00,6129.34,6144.22,6114.51,6131.85,5692
2018.05.14,21:00,6132.86,6137.21,6086.25,6094.85,6392
2018.05.15,21:00,6100.89,6130.19,6093.21,6110.81,6405
2018.05.16,21:00,6113.52,6117.59,6076.86,6109.77,7772
2018.05.17,21:00,6119.70,6124.19,6056.61,6057.61,7308
2018.05.20,21:00,6081.32,6094.96,6070.34,6073.35,4128
2018.05.21,21:00,6077.82,6080.82,6028.04,6037.71,6546
2018.05.22,21:00,6041.75,6058.22,5994.23,6015.34,10158
2018.05.23,21:00,6019.23,6051.19,5983.39,6010.92,12730
2018.05.24,21:00,6021.51,6038.44,5994.44,6007.48,7398
2018.05.27,21:00,6029.21,6029.21,5983.69,6000.27,6211
2018.05.28,21:00,6008.86,6025.83,5942.50,5962.51,12032
2018.05.29,21:00,5957.52,6034.44,5954.03,6030.45,8790
2018.05.30,21:00,6022.94,6033.93,5991.82,6005.37,6666
2018.05.31,21:00,6007.84,6030.00,5970.98,6028.54,9735
2018.06.03,21:00,6029.42,6038.78,5988.72,6000.30,7101
2018.06.04,21:00,6006.81,6025.20,5981.36,6010.80,8370
2018.06.05,21:00,6010.01,6051.71,6002.52,6051.71,5669
2018.06.06,21:00,6042.61,6072.30,6027.62,6047.28,8470
2018.06.07,21:00,6050.84,6063.53,6035.90,6057.55,4856
2018.06.10,21:00,6064.81,6083.92,6051.87,6073.48,5544
2018.06.11,21:00,6079.97,6079.97,6028.28,6042.42,6584
2018.06.12,21:00,6046.23,6058.02,6010.91,6023.50,7150
2018.06.13,21:00,6017.51,6065.77,6003.51,6054.39,8765
2018.06.14,21:00,6052.98,6101.49,6052.98,6091.96,5805
2018.06.17,21:00,6087.83,6159.13,6081.83,6150.76,9168
2018.06.18,21:00,6135.39,6151.39,6083.38,6136.52,13490
2018.06.19,21:00,6136.09,6195.22,6127.15,6190.25,8199
2018.06.20,21:00,6187.59,6249.06,6187.59,6207.09,10345
2018.06.21,21:00,6200.25,6255.82,6200.25,6234.87,7653
2018.06.24,21:00,6235.74,6249.96,6134.53,6155.55,15068
2018.06.25,21:00,6163.53,6211.48,6159.56,6190.62,7676
2018.06.26,21:00,6205.58,6231.84,6159.17,6182.27,12204
2018.06.27,21:00,6182.83,6240.29,6176.47,6231.38,7910
2018.06.28,21:00,6235.40,6240.38,6188.39,6217.34,8593
2018.07.01,21:00,6223.31,6223.31,6168.11,6201.68,8878
2018.07.02,21:00,6203.74,6237.14,6180.33,6187.42,9731
2018.07.03,21:00,6185.99,6211.35,6174.65,6194.10,6530
2018.07.04,21:00,6190.96,6250.89,6187.98,6240.51,7628
2018.07.05,21:00,6232.16,6300.60,6217.11,6292.68,10647
2018.07.08,21:00,6273.45,6312.50,6272.45,6310.04,4352
2018.07.09,21:00,6316.31,6316.81,6250.99,6276.64,9198
2018.07.10,21:00,6255.83,6267.77,6204.43,6214.93,8579
2018.07.11,21:00,6210.75,6293.00,6210.75,6286.62,8864
2018.07.12,21:00,6287.23,6288.23,6249.59,6262.94,5300
2018.07.15,21:00,6270.13,6272.62,6217.09,6230.10,7104
2018.07.16,21:00,6229.18,6240.56,6197.04,6230.65,8558
2018.07.17,21:00,6236.19,6261.05,6230.12,6254.70,4336
2018.07.18,21:00,6262.91,6275.60,6240.88,6255.39,6193
2018.07.19,21:00,6260.96,6297.83,6254.99,6262.48,8417
2018.07.22,21:00,6263.17,6263.17,6220.62,6242.27,6421
2018.07.23,21:00,6237.32,6285.95,6235.33,6273.00,6557
2018.07.24,21:00,6267.58,6277.05,6234.29,6256.94,7489
2018.07.25,21:00,6252.15,6287.30,6213.89,6281.48,11750
2018.07.26,21:00,6285.55,6324.53,6274.60,6285.34,9966
2018.07.29,21:00,6277.67,6299.24,6258.52,6282.30,7682
2018.07.30,21:00,6281.86,6302.61,6270.53,6292.80,5323
2018.07.31,21:00,6283.89,6299.83,6248.50,6261.07,7985
2018.08.01,21:00,6264.80,6278.75,6228.92,6270.98,9349
2018.08.02,21:00,6271.07,6276.06,6230.33,6257.89,7829
2018.08.05,21:00,6257.42,6284.56,6249.81,6267.51,5942
2018.08.06,21:00,6263.88,6278.41,6244.19,6259.18,6375
2018.08.07,21:00,6257.25,6282.34,6249.78,6266.42,5596
2018.08.08,21:00,6266.46,6320.41,6259.02,6307.33,8192
2018.08.09,21:00,6310.25,6314.73,6261.13,6282.61,7957
2018.08.12,21:00,6285.22,6287.21,6238.59,6264.97,7700
2018.08.13,21:00,6272.34,6307.47,6263.87,6296.21,6334
2018.08.14,21:00,6279.77,6334.65,6248.13,6281.12,17170
2018.08.15,21:00,6283.20,6333.54,6278.22,6321.77,7208
2018.08.16,21:00,6312.84,6379.94,6310.35,6369.99,8204
2018.08.19,21:00,6363.21,6366.20,6337.99,6347.20,4042
2018.08.20,21:00,6344.78,6347.77,6271.14,6274.63,8312
2018.08.21,21:00,6260.24,6296.03,6245.41,6287.07,7442
2018.08.22,21:00,6277.86,6284.88,6240.35,6269.91,8112
2018.08.23,21:00,6272.82,6274.82,6233.89,6253.48,6253
2018.08.26,21:00,6263.81,6294.99,6232.43,6294.99,9395
2018.08.27,21:00,6290.69,6318.82,6285.24,6296.85,6101
2018.08.28,21:00,6300.09,6379.80,6296.60,6379.71,8679
2018.08.29,21:00,6373.30,6377.31,6337.70,6356.98,6291
2018.08.30,21:00,6338.51,6353.60,6316.20,6349.61,6371
2018.09.02,21:00,6354.53,6355.03,6305.21,6318.64,6376
2018.09.03,21:00,6326.25,6327.25,6266.88,6280.53,7503
2018.09.04,21:00,6282.67,6293.65,6200.16,6208.76,11308
2018.09.05,21:00,6184.34,6200.41,6106.33,6128.32,13215
2018.09.06,21:00,6110.07,6145.36,6098.23,6114.35,8999
2018.09.09,21:00,6121.54,6154.68,6120.05,6144.14,4667
2018.09.11,21:00,6171.05,6183.48,6148.71,6163.25,6175
2018.09.12,00:00,6157.83,6167.47,6153.48,6159.48,12907
2018.09.13,00:00,6159.98,6168.01,6125.01,6145.06,7443
2018.09.14,00:00,6146.06,6178.73,6139.06,6176.74,6688
2018.09.16,00:00,6168.11,6168.11,6151.11,6154.62,256
2018.09.17,00:00,6154.12,6198.04,6140.67,6152.93,8694
2018.09.18,00:00,6153.43,6198.64,6147.75,6173.86,9179
2018.09.19,00:00,6172.86,6197.29,6156.54,6173.82,5561
2018.09.20,00:00,6174.32,6194.80,6162.39,6188.27,6748
2018.09.21,00:00,6188.77,6210.16,6173.65,6174.65,6470
2018.09.24,00:00,6171.89,6197.12,6169.93,6175.94,5798
2018.09.25,00:00,6174.94,6216.16,6165.83,6193.91,5811
2018.09.26,00:00,6194.41,6210.89,6162.49,6174.21,5966
2018.09.27,00:00,6173.21,6208.32,6169.88,6193.08,5863
2018.09.28,00:00,6194.07,6232.81,6168.24,6176.35,6966
2018.09.30,00:00,6175.62,6176.62,6166.17,6172.14,275
2018.10.01,00:00,6171.65,6190.79,6152.00,6177.13,5184
2018.10.02,00:00,6176.13,6182.10,6113.34,6133.87,6315
2018.10.03,00:00,6134.86,6178.33,6126.73,6166.83,5701
2018.10.04,00:00,6165.83,6195.04,6135.13,6155.69,7923
2018.10.05,00:00,6156.68,6199.31,6137.63,6149.65,10598
2018.10.07,00:00,6126.20,6129.38,6123.45,6127.80,152
2018.10.08,00:00,6127.30,6135.15,6048.86,6057.36,9333
2018.10.09,00:00,6058.36,6066.01,6008.85,6035.29,10311
2018.10.10,00:00,6034.29,6057.36,5917.85,5935.19,13000
2018.10.11,00:00,5934.20,5951.50,5746.56,5879.25,22943
2018.10.12,00:00,5878.26,5903.78,5788.12,5824.54,17728
2018.10.15,00:00,5837.34,5854.80,5791.25,5824.79,12026
2018.10.16,00:00,5833.30,5914.81,5827.82,5903.86,8254
2018.10.17,00:00,5912.87,5949.87,5886.72,5918.68,9956
2018.10.18,00:00,5929.83,5948.17,5866.09,5889.04,14350
2018.10.19,00:00,5894.60,5949.07,5882.38,5921.90,13368
2018.10.22,00:00,5898.55,5928.22,5874.45,5895.97,9111
2018.10.23,00:00,5891.03,5904.11,5778.56,5828.92,16677
2018.10.24,00:00,5837.37,5858.82,5713.54,5714.54,15563
2018.10.25,00:00,5732.15,5745.11,5635.76,5715.71,15188
2018.10.26,00:00,5673.29,5708.39,5607.30,5667.89,18317
2018.10.29,00:00,5708.28,5765.59,5637.36,5673.76,17856
2018.10.30,00:00,5671.30,5804.66,5671.30,5782.45,18065
2018.10.31,00:00,5794.48,5862.44,5788.25,5843.50,13335
2018.11.01,00:00,5846.65,5878.00,5805.91,5835.06,13550
2018.11.02,00:00,5815.17,5867.75,5807.40,5838.38,16488
2018.11.05,00:00,5820.74,5857.97,5814.34,5839.45,10584
2018.11.06,00:00,5826.99,5879.64,5819.01,5865.34,9751
2018.11.07,00:00,5878.15,5931.27,5843.55,5930.77,11442
2018.11.08,00:00,5911.33,5935.70,5904.56,5914.53,9550
2018.11.09,00:00,5913.69,5932.94,5873.57,5891.06,9436
2018.11.12,00:00,5902.00,5945.31,5859.24,5866.23,10193
2018.11.13,00:00,5843.23,5860.99,5814.04,5819.59,13700
2018.11.14,00:00,5824.27,5828.99,5713.29,5737.77,15921
2018.11.15,00:00,5745.39,5760.60,5684.90,5754.62,15297
2018.11.16,00:00,5746.58,5758.32,5691.58,5731.59,12844
2018.11.19,00:00,5707.60,5721.97,5656.12,5672.62,11971
2018.11.20,00:00,5643.30,5682.88,5603.56,5607.56,15906
2018.11.21,00:00,5605.18,5669.41,5595.73,5655.44,10111
2018.11.22,00:00,5665.16,5703.98,5656.10,5668.11,5245
2018.11.23,00:00,5682.58,5723.95,5662.23,5665.75,7726
2018.11.26,00:00,5677.85,5723.38,5655.26,5720.92,7732
2018.11.27,00:00,5686.57,5751.45,5669.12,5734.08,11184
2018.11.28,00:00,5714.33,5765.33,5704.22,5762.83,8662
2018.11.29,00:00,5771.17,5778.68,5726.42,5742.44,9282
2018.11.30,00:00,5718.23,5723.27,5654.41,5696.41,6938
2018.12.03,00:00,5748.95,5788.79,5733.84,5756.44,9760
2018.12.04,00:00,5755.55,5762.59,5614.50,5622.50,14417
2018.12.05,00:00,5628.62,5687.11,5624.50,5669.65,5438
2018.12.06,00:00,5645.67,5662.42,5572.13,5648.14,22784
2018.12.07,00:00,5692.35,5707.18,5608.48,5633.47,17554
2018.12.10,00:00,5585.29,5597.52,5522.81,5572.29,17991
2018.12.11,00:00,5578.80,5637.75,5550.96,5604.78,14518
2018.12.12,00:00,5590.85,5685.77,5587.41,5641.29,12091
2018.12.13,00:00,5655.78,5682.33,5626.18,5637.66,12652
2018.12.14,00:00,5644.33,5647.27,5578.25,5579.23,12948
2018.12.17,00:00,5588.56,5671.70,5563.52,5579.02,14041
2018.12.18,00:00,5588.21,5621.60,5561.83,5577.75,8997
2018.12.19,00:00,5584.36,5655.71,5552.72,5560.20,9959
2018.12.20,00:00,5574.73,5587.64,5468.15,5494.05,23417
2018.12.21,00:00,5532.20,5533.48,5408.15,5409.65,20653
2018.12.24,00:00,5452.39,5496.87,5449.87,5479.20,963
2018.12.27,00:00,5563.44,5620.73,5526.16,5619.41,20214
2018.12.28,00:00,5603.96,5682.26,5600.18,5661.86,16046
2018.12.31,00:00,5688.63,5699.76,5616.83,5617.27,1158
2019.01.02,00:00,5643.78,5652.68,5520.47,5634.25,15981
2019.01.03,00:00,5633.76,5647.39,5575.28,5594.77,17880
2019.01.04,00:00,5577.47,5699.90,5567.00,5687.48,13215
2019.01.07,00:00,5690.39,5716.71,5653.43,5685.43,11114
2019.01.08,00:00,5680.95,5747.67,5669.47,5735.79,10892
2019.01.09,00:00,5749.57,5796.61,5741.55,5790.66,11257
2019.01.10,00:00,5791.33,5805.17,5754.42,5804.18,10896
2019.01.11,00:00,5796.15,5809.17,5760.90,5797.86,7375
2019.01.14,00:00,5785.80,5794.98,5756.95,5781.47,6052
2019.01.15,00:00,5774.31,5826.51,5772.35,5816.08,7979
2019.01.16,00:00,5825.87,5853.59,5809.20,5846.19,5814
2019.01.17,00:00,5843.29,5882.38,5823.42,5876.41,10831
2019.01.18,00:00,5874.00,5925.75,5866.22,5920.79,9259
2019.01.21,00:00,5916.17,5916.67,5873.97,5880.02,6201
2019.01.22,00:00,5878.56,5884.29,5822.59,5833.07,9372
2019.01.23,00:00,5841.08,5869.60,5819.82,5844.29,10353
2019.01.24,00:00,5848.09,5885.06,5838.02,5884.12,10241
2019.01.25,00:00,5882.27,5915.33,5875.06,5904.66,7746
2019.01.28,00:00,5886.82,5891.89,5864.05,5887.53,3919
2019.01.29,00:00,5906.66,5908.60,5859.88,5896.71,7973
2019.01.30,00:00,5902.22,5911.11,5864.68,5901.75,8646
2019.01.31,00:00,5909.94,5916.42,5845.81,5876.32,9830
2019.02.01,00:00,5882.88,5890.37,5853.32,5879.94,9203
2019.02.04,00:00,5867.16,5936.88,5846.22,5936.38,8745
2019.02.05,00:00,5944.90,6039.24,5942.40,6020.77,11065
2019.02.06,00:00,6012.72,6068.51,5990.03,6044.18,9812
2019.02.07,00:00,6056.87,6106.22,6048.06,6061.59,13004
2019.02.08,00:00,6075.15,6094.83,6032.99,6063.98,12259
2019.02.11,00:00,6058.36,6086.30,6027.18,6074.64,10315
2019.02.12,00:00,6082.05,6103.32,6052.13,6103.32,9054
2019.02.13,00:00,6090.92,6098.91,6050.50,6050.50,9896
2019.02.14,00:00,6054.04,6094.64,6034.30,6045.61,12603
2019.02.15,00:00,6048.22,6111.85,6045.72,6111.85,10928
2019.02.18,00:00,6108.79,6116.46,6083.46,6092.48,6368
2019.02.19,00:00,6103.82,6132.31,6089.85,6117.92,8568
2019.02.20,00:00,6117.08,6124.57,6075.88,6105.82,46777
2019.02.21,00:00,6106.81,6155.03,6080.99,6135.25,12845
2019.02.22,00:00,6127.95,6180.94,6123.96,6171.66,9056
2019.02.25,00:00,6183.28,6200.75,6157.84,6165.59,9168
2019.02.26,00:00,6157.33,6168.77,6104.19,6148.41,10076
2019.02.27,00:00,6148.84,6170.53,6121.89,6153.12,9207
2019.02.28,00:00,6160.25,6187.34,6133.26,6174.94,9639
2019.03.01,00:00,6177.35,6225.56,6169.36,6225.06,8584
2019.03.04,00:00,6227.44,6239.73,6167.97,6185.51,10108
2019.03.05,00:00,6194.41,6221.00,6174.21,6201.65,9460
2019.03.06,00:00,6215.16,6285.25,6204.17,6260.48,10128
2019.03.07,00:00,6255.07,6281.34,6225.46,6229.11,11927
2019.03.08,00:00,6236.59,6242.59,6158.53,6184.58,11890
2019.03.11,00:00,6190.20,6217.63,6171.51,6215.18,4503
2019.03.12,00:00,6209.49,6210.49,6157.84,6163.01,6183
2019.03.13,00:00,6145.33,6196.98,6125.67,6179.04,5241
2019.03.14,00:00,6171.21,6209.21,6152.58,6197.42,6298
2019.03.15,00:00,6176.25,6204.25,6165.62,6203.25,5679
2019.03.18,00:00,6196.23,6207.80,6165.52,6205.80,5395
2019.03.19,00:00,6185.63,6223.52,6171.00,6193.25,5806
2019.03.20,00:00,6198.83,6198.83,6151.89,6162.92,6774
2019.03.21,00:00,6155.42,6205.82,6133.16,6200.36,12247
2019.03.22,00:00,6198.47,6226.99,6134.58,6138.12,24083
2019.03.25,00:00,6145.44,6149.17,6098.11,6129.53,24447
2019.03.26,00:00,6132.57,6145.33,6108.92,6135.46,17784
2019.03.27,00:00,6135.82,6139.47,6095.37,6122.79,21917
2019.03.28,00:00,6126.37,6193.69,6113.39,6175.87,20690
2019.03.29,00:00,6180.45,6212.65,6168.28,6199.85,16601
2019.04.01,00:00,6223.56,6250.86,6206.65,6249.87,13140
2019.04.02,00:00,6239.96,6273.85,6236.97,6271.86,8969
2019.04.03,00:00,6272.95,6289.65,6253.59,6281.87,13252
2019.04.04,00:00,6223.55,6223.55,6223.55,6223.55,1
2019.04.05,00:00,6223.13,6223.63,6169.40,6209.61,8140
2019.04.08,00:00,6209.61,6231.74,6198.14,6230.25,6648
2019.04.09,00:00,6225.31,6234.27,6184.31,6194.88,7654
2019.04.10,00:00,6193.88,6234.89,6193.88,6210.92,7867
2019.04.11,00:00,6210.42,6230.88,6182.71,6227.47,8314
2019.04.12,00:00,6231.49,6261.65,6222.52,6248.93,7354
2019.04.15,00:00,6251.68,6258.97,6230.64,6239.18,5635
2019.04.16,00:00,6239.72,6295.95,6231.25,6262.20,5266
2019.04.17,00:00,6262.33,6285.23,6248.14,6261.15,7418
2019.04.18,00:00,6272.60,6319.94,6246.80,6285.71,6841
2019.04.23,00:00,6293.56,6353.93,6274.62,6342.55,6807
2019.04.24,00:00,6337.70,6397.10,6334.71,6383.85,8098
2019.04.25,00:00,6382.02,6392.20,6371.68,6381.26,3823
2019.04.26,00:00,6378.56,6391.52,6361.74,6380.80,7767
2019.04.29,00:00,6382.09,6386.07,6345.45,6357.80,7768
2019.04.30,00:00,6352.36,6355.35,6313.82,6342.74,7547
2019.05.01,00:00,6354.74,6379.76,6340.14,6341.14,8368
2019.05.02,00:00,6334.68,6362.11,6321.92,6346.25,11388
2019.05.03,00:00,6340.81,6372.92,6325.86,6368.94,7196
2019.05.06,00:00,6291.00,6317.76,6247.00,6294.83,10071
2019.05.07,00:00,6301.86,6342.06,6233.86,6257.33,16261
2019.05.08,00:00,6248.81,6277.62,6240.33,6275.04,14836
2019.05.09,00:00,6265.16,6301.71,6241.50,6282.49,17091
2019.05.10,00:00,6287.41,6348.47,6275.94,6344.51,22355
2019.05.13,00:00,6306.88,6308.87,6244.19,6249.74,17510
2019.05.14,00:00,6227.30,6268.71,6200.36,6253.27,11952
2019.05.15,00:00,6248.32,6306.02,6240.88,6299.62,13192
2019.05.16,00:00,6291.57,6396.63,6271.13,6378.25,12365
2019.05.17,00:00,6387.11,6398.54,6334.80,6358.89,13717
2019.05.20,00:00,6448.50,6480.08,6419.27,6436.71,17622
2019.05.21,00:00,6497.00,6499.50,6497.00,6499.00,18
2019.05.22,00:00,6491.55,6513.05,6477.32,6492.74,9573
2019.05.23,00:00,6494.10,6505.24,6437.70,6454.20,14289
2019.05.24,00:00,6456.74,6480.17,6435.94,6454.31,10079
2019.05.27,00:00,6466.40,6466.40,6446.84,6460.11,5581
2019.05.28,00:00,6463.65,6491.54,6429.23,6435.24,10869
2019.05.29,00:00,6442.23,6443.23,6385.59,6396.61,26694
2019.05.30,00:00,6407.88,6410.36,6378.19,6407.37,19763
2019.05.31,00:00,6371.90,6399.89,6360.01,6375.01,27540
2019.06.03,00:00,6350.17,6365.66,6299.76,6326.84,29408
2019.06.04,00:00,6330.26,6385.29,6313.96,6383.80,19973
2019.06.05,00:00,6386.19,6396.18,6353.64,6377.36,21485
2019.06.06,00:00,6373.61,6424.06,6366.11,6409.59,18183
2019.06.07,00:00,6410.13,6483.27,6401.76,6475.80,16296
2019.06.10,00:00,6490.60,6517.71,6487.61,6498.79,10482
2019.06.11,00:00,6490.32,6579.47,6482.33,6556.23,14790
2019.06.12,00:00,6549.83,6588.08,6536.28,6545.69,8490
2019.06.13,00:00,6547.84,6569.53,6533.54,6551.29,9958
2019.06.14,00:00,6558.85,6558.85,6524.55,6557.34,9081
2019.06.17,00:00,6568.82,6571.32,6523.57,6539.58,8174
2019.06.18,00:00,6534.26,6616.88,6524.77,6607.11,11702
2019.06.19,00:00,6621.09,6658.21,6614.12,6653.25,10609
2019.06.20,00:00,6658.78,6700.52,6638.24,6680.82,10995
2019.06.21,00:00,6682.64,6688.61,6637.60,6639.11,9566
2019.06.24,00:00,6649.56,6667.34,6616.24,6649.01,6922
2019.06.25,00:00,6647.39,6680.30,6624.54,6626.99,9397
2019.06.26,00:00,6626.04,6664.44,6623.76,6625.27,7791
2019.06.27,00:00,6620.40,6668.95,6602.29,6654.10,8931
2019.06.28,00:00,6646.66,6662.11,6616.11,6639.21,6821
2019.07.01,00:00,6669.61,6680.57,6634.78,6664.41,8052
2019.07.02,00:00,6672.42,6687.04,6633.74,6651.74,7827
2019.07.03,00:00,6652.03,6707.82,6638.09,6696.37,6220
2019.07.04,00:00,6710.15,6731.87,6701.68,6716.97,4499
2019.07.05,00:00,6722.51,6769.62,6709.11,6736.46,7209
2019.07.08,00:00,6740.63,6741.62,6665.75,6677.81,6601
2019.07.09,00:00,6669.14,6693.11,6640.17,6690.14,7449
2019.07.10,00:00,6688.69,6716.54,6679.47,6695.61,7899
2019.07.11,00:00,6689.25,6728.02,6680.28,6688.51,7550
2019.07.12,00:00,6695.05,6714.00,6660.97,6665.48,5917
2019.07.15,00:00,6670.11,6679.26,6637.36,6651.13,6662
2019.07.16,00:00,6649.18,6662.20,6630.64,6631.14,6441
2019.07.17,00:00,6640.16,6686.87,6621.72,6652.63,6135
2019.07.18,00:00,6653.73,6669.69,6629.98,6658.48,7759
2019.07.19,00:00,6656.54,6707.31,6649.56,6677.73,11606
2019.07.22,00:00,6683.51,6710.53,6673.20,6700.75,14192
2019.07.23,00:00,6705.78,6759.10,6697.31,6752.12,12440
2019.07.24,00:00,6760.65,6782.68,6751.68,6777.21,12564
2019.07.25,00:00,6776.81,6832.27,6774.81,6779.06,18076
2019.07.26,00:00,6785.10,6817.64,6778.19,6812.20,12342
2019.07.29,00:00,6807.96,6856.17,6801.06,6854.18,10130
2019.07.30,00:00,6856.72,6876.35,6809.91,6818.44,12914
2019.07.31,00:00,6819.49,6838.76,6762.77,6784.75,20942
2019.08.01,00:00,6784.30,6840.05,6775.23,6776.27,28738
2019.08.02,00:00,6772.82,6805.38,6746.15,6770.06,34454
2019.08.05,00:00,6756.79,6767.77,6514.17,6522.66,39612
2019.08.06,00:00,6443.37,6515.94,6434.78,6506.72,44888
2019.08.07,00:00,6473.81,6549.35,6438.51,6505.99,39310
2019.08.08,00:00,6503.99,6604.19,6459.04,6604.19,28292
2019.08.09,00:00,6590.72,6600.71,6541.73,6566.74,29938
2019.08.12,00:00,6559.72,6602.36,6535.12,6544.63,28482
2019.08.13,00:00,6560.15,6608.09,6528.13,6604.61,36092
2019.08.14,00:00,6589.54,6603.52,6446.19,6449.18,39580
2019.08.15,00:00,6467.77,6484.75,6354.05,6400.03,59754
2019.08.16,00:00,6383.23,6447.39,6379.74,6445.90,24896
2019.08.19,00:00,6454.97,6493.95,6445.93,6485.48,16066
2019.08.20,00:00,6485.45,6548.11,6474.96,6496.86,20058
2019.08.21,00:00,6492.16,6518.31,6465.93,6512.39,16946
2019.08.22,00:00,6518.41,6525.91,6472.66,6492.20,20896
2019.08.23,00:00,6497.15,6530.27,6428.08,6442.58,39842
2019.08.26,00:00,6414.86,6480.51,6400.86,6455.58,38560
2019.08.27,00:00,6453.13,6488.21,6435.15,6456.36,26076
2019.08.28,00:00,6459.40,6509.13,6454.77,6498.82,26606
2019.08.29,00:00,6499.89,6565.47,6474.01,6558.57,20954
2019.08.30,00:00,6567.07,6620.95,6547.31,6594.61,18948
2019.09.02,00:00,6571.22,6601.60,6552.65,6563.70,15452
2019.09.03,00:00,6565.51,6591.27,6509.73,6538.79,26610
2019.09.04,00:00,6540.19,6576.88,6502.23,6575.38,17718
2019.09.05,00:00,6570.48,6634.05,6561.47,6613.13,20042
2019.09.06,00:00,6628.07,6655.97,6618.32,6635.93,16154
2019.09.09,00:00,6642.00,6660.22,6624.66,6635.21,13044
2019.09.10,00:00,6633.87,6638.87,6593.53,6635.18,18066
2019.09.11,00:00,6630.54,6661.18,6615.06,6658.19,13228
2019.09.12,00:00,6680.73,6686.92,6631.28,6668.38,20952
2019.09.13,00:00,6670.30,6683.99,6653.33,6663.74,13102
2019.09.16,00:00,6643.64,6685.97,6641.64,6661.01,18500
2019.09.17,00:00,6663.67,6703.89,6648.15,6699.97,17228
2019.09.18,00:00,6698.45,6704.25,6662.00,6694.91,14500
2019.09.19,00:00,6701.00,6753.21,6690.04,6733.86,20382
2019.09.20,00:00,6741.87,6776.06,6719.00,6730.13,18026
2019.09.23,00:00,6757.24,6770.97,6704.93,6734.98,16114
2019.09.24,00:00,6744.26,6763.41,6666.19,6676.20,19316
2019.09.25,00:00,6690.68,6728.46,6673.30,6716.66,21000
2019.09.26,00:00,6723.95,6725.94,6665.00,6704.15,19352
2019.09.27,00:00,6709.46,6740.08,6678.40,6696.86,20886
2019.09.30,00:00,6711.51,6735.33,6675.85,6705.35,16984
2019.10.01,00:00,6705.39,6752.04,6658.97,6668.97,22182
2019.10.02,00:00,6678.97,6683.96,6491.19,6515.17,28074
2019.10.03,00:00,6500.39,6522.76,6435.88,6521.27,33338
2019.10.04,00:00,6514.83,6564.05,6485.62,6559.06,23674
2019.10.07,00:00,6550.43,6608.41,6535.35,6587.98,21318
2019.10.08,00:00,6588.77,6600.67,6524.46,6524.46,29558
2019.10.09,00:00,6527.49,6590.07,6516.68,6578.60,24664
2019.10.10,00:00,6538.26,6595.24,6528.24,6592.78,35456
2019.10.11,00:00,6608.80,6667.05,6586.16,6634.69,27064
2019.10.14,00:00,6651.64,6676.72,6613.76,6614.76,18550
2019.10.15,00:00,6622.77,6719.33,6619.78,6702.91,19734
2019.10.16,00:00,6700.96,6750.33,6693.48,6725.94,21448
2019.10.17,00:00,6727.05,6744.51,6653.15,6671.65,22538
2019.10.18,00:00,6676.69,6676.69,6615.37,6625.38,19250
2019.10.21,00:00,6635.02,6663.57,6613.06,6661.57,16716
2019.10.22,00:00,6659.61,6685.61,6646.63,6664.21,14366
2019.10.23,00:00,6652.76,6706.85,6634.11,6700.90,15570
2019.10.24,00:00,6700.99,6738.28,6689.27,6734.83,14858
2019.10.25,00:00,6733.25,6764.78,6722.80,6758.85,11300
2019.10.28,00:00,6766.89,6771.38,6736.11,6762.22,11610
2019.10.29,00:00,6764.07,6764.07,6708.07,6719.09,12100
2019.10.30,00:00,6723.61,6727.48,6678.96,6699.53,16412
2019.10.31,00:00,6684.14,6690.13,6629.48,6641.99,21272
2019.11.01,00:00,6651.52,6694.12,6636.39,6694.12,14126
2019.11.04,00:00,6684.15,6726.50,6670.17,6719.50,5269
2019.11.05,00:00,6726.00,6727.00,6676.09,6706.14,9186
2019.11.06,00:00,6704.53,6713.48,6649.11,6680.69,7807
2019.11.07,00:00,6678.28,6761.61,6671.35,6738.68,8269
2019.11.08,00:00,6734.70,6752.17,6704.90,6744.20,8171
2019.11.11,00:00,6737.55,6789.46,6731.06,6782.50,5702
2019.11.12,00:00,6773.24,6785.89,6730.98,6766.96,7406
2019.11.13,00:00,6769.97,6777.47,6689.26,6713.81,9247
2019.11.14,00:00,6711.78,6763.56,6680.31,6752.64,10165
2019.11.15,00:00,6753.78,6797.46,6748.79,6786.59,6541
2019.11.18,00:00,6778.28,6788.27,6747.96,6767.31,7761
2019.11.19,00:00,6762.83,6830.50,6753.68,6777.70,8255
2019.11.20,00:00,6773.23,6776.22,6687.28,6703.29,11233
2019.11.21,00:00,6690.81,6706.81,6635.30,6705.32,13288
2019.11.22,00:00,6703.35,6727.98,6699.35,6723.06,8670
2019.11.25,00:00,6729.16,6767.30,6725.63,6763.30,6205
2019.11.26,00:00,6762.33,6798.80,6756.44,6782.02,7681
2019.11.27,00:00,6783.17,6873.01,6782.18,6873.01,6152
2019.11.28,00:00,6869.15,6893.20,6857.54,6890.74,5326
2019.11.29,00:00,6893.51,6897.00,6838.27,6845.98,6035
2019.12.02,00:00,6856.65,6890.79,6732.84,6771.86,11006
2019.12.03,00:00,6767.88,6774.38,6581.47,6638.50,15180
2019.12.04,00:00,6633.99,6671.88,6589.38,6664.88,14472
2019.12.05,00:00,6661.09,6716.25,6650.09,6684.82,11009
2019.12.06,00:00,6686.27,6744.57,6680.77,6732.11,8197
2019.12.09,00:00,6737.11,6748.36,6710.26,6710.46,6718
2019.12.10,00:00,6712.49,6734.36,6669.38,6709.64,11576
2019.12.11,00:00,6714.17,6759.50,6709.68,6719.75,9561
2019.12.12,00:00,6732.27,6742.27,6676.20,6729.72,14237
2019.12.13,00:00,6736.23,6784.33,6729.73,6777.38,16545
2019.12.16,00:00,6766.31,6883.04,6764.81,6870.97,8944
2019.12.17,00:00,6869.42,6878.42,6817.75,6828.70,9181
2019.12.18,00:00,6837.19,6864.24,6829.15,6843.66,6879
2019.12.19,00:00,6852.73,6874.72,6800.25,6816.25,9841
2019.12.20,00:00,6832.73,6843.19,6792.09,6797.08,9328
2019.12.23,00:00,6827.99,6827.99,6769.65,6780.91,6736
2019.12.24,00:00,6785.50,6797.00,6774.05,6782.00,2114
2019.12.27,00:00,6806.50,6826.37,6780.51,6793.03,6769
2019.12.30,00:00,6782.95,6812.88,6733.59,6736.42,9503
2019.12.31,00:00,6733.96,6749.13,6665.00,6667.00,4094
2020.01.02,00:00,6676.50,6754.16,6650.00,6753.16,8745
2020.01.03,00:00,6760.18,6788.91,6686.00,6711.52,13542
2020.01.06,00:00,6712.88,6770.95,6662.49,6764.47,11898
2020.01.07,00:00,6756.01,6863.34,6755.51,6821.21,11176
2020.01.08,00:00,6822.23,6891.05,6748.59,6858.70,17638
2020.01.09,00:00,6864.27,6890.73,6850.64,6887.68,8486
2020.01.10,00:00,6891.21,6933.23,6859.08,6870.85,8491
2020.01.13,00:00,6885.61,6932.83,6873.15,6930.34,8276
2020.01.14,00:00,6931.94,6982.67,6925.46,6971.24,10853
2020.01.15,00:00,6973.26,7027.46,6966.28,7002.11,9399
2020.01.16,00:00,7016.64,7080.79,7010.16,7080.30,8495
2020.01.17,00:00,7087.32,7101.03,7059.44,7100.53,7250
2020.01.20,00:00,7097.53,7097.53,7071.11,7088.72,5837
2020.01.21,00:00,7081.61,7096.36,7039.79,7066.98,9632
2020.01.22,00:00,7071.00,7145.25,7066.50,7116.41,8901
2020.01.23,00:00,7119.95,7138.40,7049.31,7106.84,12739
2020.01.24,00:00,7104.38,7125.00,7048.50,7064.00,10937
2020.01.27,00:00,7022.00,7038.50,6964.50,6976.50,10485
2020.01.28,00:00,6988.00,7043.80,6961.00,7037.84,13058
2020.01.29,00:00,7039.86,7046.73,7011.42,7015.49,11052
2020.01.30,00:00,7037.99,7042.98,6979.44,7040.59,18759
2020.01.31,00:00,7056.59,7056.59,6884.69,6899.16,19461
2020.02.03,00:00,6904.29,6943.56,6892.81,6917.69,17285
2020.02.04,00:00,6912.72,7005.72,6904.24,6995.30,11722
2020.02.05,00:00,7007.80,7032.24,6962.09,7029.76,14940
2020.02.06,00:00,7036.30,7060.35,7011.51,7055.94,11516
2020.02.07,00:00,7055.98,7061.17,6999.85,7027.86,13108
2020.02.10,00:00,7020.54,7054.73,6980.80,7051.30,11185
2020.02.11,00:00,7049.33,7071.77,7034.35,7063.39,8802
2020.02.12,00:00,7065.82,7126.26,7065.82,7125.27,7401
2020.02.13,00:00,7127.45,7144.50,7051.54,7095.58,12559
2020.02.14,00:00,7104.01,7138.21,7094.19,7113.69,8233
2020.02.17,00:00,7117.72,7138.09,7102.19,7128.76,5319
2020.02.18,00:00,7126.88,7127.87,7089.84,7113.86,10540
2020.02.19,00:00,7107.51,7167.82,7102.52,7156.86,7247
2020.02.20,00:00,7169.06,7197.50,7127.63,7166.14,15446
2020.02.21,00:00,7158.61,7162.11,7072.51,7093.04,16710
2020.02.24,00:00,7034.04,7047.53,6789.49,6808.50,27197
2020.02.25,00:00,6812.08,6903.93,6686.54,6710.04,40712
2020.02.26,00:00,6695.83,6762.06,6614.44,6665.96,46245
2020.02.27,00:00,6667.02,6727.73,6487.36,6492.86,55306
2020.02.28,00:00,6430.71,6509.99,6243.99,6359.50,60489
2020.03.02,00:00,6300.03,6445.72,6226.28,6441.72,59511
2020.03.03,00:00,6427.81,6524.90,6247.54,6309.52,50255
2020.03.04,00:00,6319.23,6466.50,6309.14,6457.00,40072
2020.03.05,00:00,6425.10,6446.55,6253.39,6277.90,36706
2020.03.06,00:00,6289.47,6315.98,6041.94,6119.94,45259
2020.03.09,00:00,6118.94,6118.94,5347.51,5434.53,44797
2020.03.10,00:00,5525.69,6036.66,5484.71,6006.73,60662
2020.03.11,00:00,5955.94,5963.44,5497.55,5524.05,48367
2020.03.12,00:00,5588.40,5646.91,4811.80,4894.30,56752
2020.03.13,00:00,4965.80,5675.80,4869.80,5652.80,53484
2020.03.16,00:00,5253.20,5338.70,4773.70,4843.70,35481
2020.03.17,00:00,4916.20,5337.20,4912.70,5284.70,38339
2020.03.18,00:00,5211.00,5225.50,4744.38,4857.00,42984
2020.03.19,00:00,4970.50,5112.50,4740.00,4974.00,42483
2020.03.20,00:00,4955.50,5032.00,4725.00,4725.00,35717
2020.03.23,00:00,4402.50,4811.00,4402.50,4551.00,45514
2020.03.24,00:00,4634.50,5031.00,4608.00,5023.00,35610
2020.03.25,00:00,5084.00,5273.00,4808.00,5167.50,35490
2020.03.26,00:00,5125.50,5352.00,5030.50,5329.00,31863
2020.03.27,00:00,5299.50,5332.50,4807.50,4859.50,31685
2020.03.30,00:00,4792.50,5290.50,4789.50,5284.00,38758
2020.03.31,00:00,5300.00,5398.50,5017.50,5205.50,40762
2020.04.01,00:00,5209.50,5309.00,5063.00,5083.00,39038
2020.04.02,00:00,5097.75,5303.25,5081.75,5278.25,36754
2020.04.03,00:00,5226.75,5268.75,5036.75,5099.25,29030
2020.04.06,00:00,5168.25,5470.25,5125.25,5440.25,30895
2020.04.07,00:00,5424.25,5458.75,5205.75,5219.25,40887
2020.04.08,00:00,5210.75,5353.25,5137.75,5236.25,35328
2020.04.09,00:00,5294.10,5473.60,5261.10,5470.60,24772
2020.04.10,00:00,5472.10,5472.10,5472.10,5472.10,1
2020.04.13,00:00,5470.60,5472.10,5470.60,5472.10,2
2020.04.14,00:00,5424.10,5544.60,5360.10,5526.10,24431
2020.04.15,00:00,5507.10,5559.60,5334.10,5368.60,27954
2020.04.16,00:00,5328.10,5460.10,5315.10,5407.10,26706
2020.04.17,00:00,5508.10,5593.10,5419.10,5502.10,23148
2020.04.20,00:00,5452.50,5517.00,5276.00,5326.50,25791
2020.04.21,00:00,5338.50,5367.50,5089.00,5110.00,34836
2020.04.22,00:00,5109.50,5321.90,5105.00,5294.09,30020
2020.04.23,00:00,5255.78,5287.36,5181.30,5227.60,28147
2020.04.24,00:00,5217.18,5324.71,5201.73,5314.75,20545
2020.04.27,00:00,5269.55,5343.10,5205.73,5330.39,22415
2020.04.28,00:00,5316.99,5383.16,5271.05,5314.30,22849
2020.04.29,00:00,5329.80,5469.50,5314.80,5437.00,19967
2020.04.30,00:00,5470.00,5562.50,5408.99,5435.52,26029
2020.05.01,00:00,5422.31,5424.31,5196.23,5240.70,24155
2020.05.04,00:00,5155.95,5359.13,5155.95,5352.70,30794
2020.05.05,00:00,5329.30,5430.95,5324.81,5389.83,22952
2020.05.06,00:00,5409.84,5425.07,5335.70,5338.69,23429
2020.05.07,00:00,5350.69,5409.12,5343.71,5364.68,21630
2020.05.08,00:00,5382.18,5429.67,5364.94,5401.93,15920
2020.05.11,00:00,5401.44,5489.61,5401.44,5458.76,20710
2020.05.12,00:00,5445.28,5451.28,5341.47,5341.97,22769
2020.05.13,00:00,5313.98,5442.57,5296.91,5349.14,31175
2020.05.14,00:00,5365.13,5388.60,5253.03,5352.02,33730
2020.05.15,00:00,5356.52,5445.97,5347.16,5439.97,28822
2020.05.18,00:00,5433.98,5606.39,5433.98,5592.39,21852
2020.05.19,00:00,5589.89,5618.89,5483.69,5485.69,28753
2020.05.20,00:00,5508.36,5610.15,5484.86,5601.18,20882
2020.05.21,00:00,5606.53,5635.52,5522.07,5538.66,24961
2020.05.22,00:00,5554.66,5571.25,5474.25,5563.25,22443
2020.05.25,00:00,5577.30,5675.77,5567.80,5667.81,13370
2020.05.26,00:00,5660.84,5810.98,5638.36,5736.05,21052
2020.05.27,00:00,5741.56,5835.13,5707.80,5814.47,31046
2020.05.28,00:00,5815.69,5924.51,5809.09,5819.13,32467
2020.05.29,00:00,5821.63,5822.89,5640.96,5691.95,33104
2020.06.01,00:00,5677.02,5843.13,5671.53,5835.63,29106
2020.06.02,00:00,5835.11,5869.29,5798.09,5859.82,24558
2020.06.03,00:00,5875.84,6002.23,5867.34,5988.23,23686
2020.06.04,00:00,6008.26,6040.71,5942.76,5968.29,30005
2020.06.05,00:00,5982.79,6145.00,5961.28,6096.00,25734
2020.06.08,00:00,6087.00,6142.50,6085.00,6141.50,11972
2020.06.09,00:00,6133.50,6199.00,6071.43,6086.42,26963
2020.06.10,00:00,6093.91,6182.54,6052.56,6056.05,29819
2020.06.11,00:00,6059.05,6090.03,5757.19,5763.69,41624
2020.06.12,00:00,5809.68,5884.29,5754.48,5841.92,49940
2020.06.15,00:00,5789.79,5878.52,5710.71,5868.49,42573
2020.06.16,00:00,5896.42,6012.30,5865.66,5971.08,32156
2020.06.17,00:00,5984.26,6021.13,5929.29,5969.55,30360
2020.06.18,00:00,5961.63,5999.95,5885.43,5968.86,39613
2020.06.19,00:00,5970.20,6006.19,5907.20,5908.70,31003
2020.06.22,00:00,5893.32,5985.94,5874.92,5975.50,27439
2020.06.23,00:00,5991.99,6017.29,5876.39,5975.63,33066
2020.06.24,00:00,5974.16,5992.12,5851.50,5858.03,32467
2020.06.25,00:00,5874.47,5917.06,5764.41,5885.30,37208
2020.06.26,00:00,5873.91,5912.90,5795.41,5800.89,27659
2020.06.29,00:00,5798.19,5915.02,5770.88,5908.08,31543
2020.06.30,00:00,5913.62,5953.74,5879.97,5912.60,28279
2020.07.01,00:00,5914.16,5991.43,5890.36,5973.04,25150
2020.07.02,00:00,5969.09,6110.41,5941.41,6074.54,24238
2020.07.03,00:00,6075.05,6101.91,5996.77,6022.23,15443
2020.07.06,00:00,6032.66,6078.67,6001.17,6041.06,22394
2020.07.07,00:00,6045.57,6078.93,5978.35,5980.84,24493
2020.07.08,00:00,5998.66,6020.18,5910.67,5971.16,25569
2020.07.09,00:00,5972.71,5997.73,5887.49,5924.88,24954
2020.07.10,00:00,5922.92,6000.42,5896.23,5997.93,22654
2020.07.13,00:00,6012.55,6020.01,5901.84,5910.79,25282
2020.07.14,00:00,5915.79,5988.00,5913.50,5974.50,27751
2020.07.15,00:00,5989.00,6104.50,5989.00,6079.00,24607
2020.07.16,00:00,6079.00,6094.00,5985.70,6026.23,25485
2020.07.17,00:00,6028.31,6046.47,5998.09,6037.07,14956
2020.07.20,00:00,6049.82,6052.30,5980.40,6046.33,16513
2020.07.21,00:00,6040.96,6174.03,6037.97,6100.64,16614
2020.07.22,00:00,6104.16,6129.09,6025.35,6074.29,17356
2020.07.23,00:00,6050.99,6114.92,6023.09,6041.04,22879
2020.07.24,00:00,6038.58,6052.58,5991.28,6004.28,20599
2020.07.27,00:00,6016.46,6076.20,5998.06,6068.74,16259
2020.07.28,00:00,6068.76,6117.64,5991.66,5993.16,17932
2020.07.29,00:00,6016.64,6068.86,6000.81,6057.42,15944
2020.07.30,00:00,6040.95,6068.91,5944.23,6003.59,21824
2020.07.31,00:00,6026.58,6036.04,5854.23,5912.99,25537
2020.08.03,00:00,5889.78,6024.15,5854.94,6019.21,19625
2020.08.04,00:00,6010.77,6062.19,5989.80,6020.35,18931
2020.08.05,00:00,6023.37,6036.57,5962.72,6022.40,17076
2020.08.06,00:00,6020.79,6063.30,6005.12,6026.23,19599
2020.08.07,00:00,6026.26,6053.12,5980.14,6052.62,19629
2020.08.10,00:00,6042.91,6131.73,6038.42,6112.63,15012
2020.08.11,00:00,6107.18,6192.19,6097.28,6127.15,19796
2020.08.12,00:00,6142.23,6192.90,6100.90,6172.05,20256
2020.08.13,00:00,6172.04,6174.53,6062.54,6082.30,19931
2020.08.14,00:00,6109.81,6138.30,6053.69,6077.94,16434
2020.08.17,00:00,6084.25,6102.06,6047.40,6095.69,13166
2020.08.18,00:00,6089.49,6138.13,6071.11,6108.42,13947
2020.08.19,00:00,6101.97,6187.03,6098.71,6137.51,15587
2020.08.20,00:00,6132.55,6132.55,6082.92,6114.24,16153
2020.08.21,00:00,6113.77,6154.24,6045.79,6092.36,16706
2020.08.24,00:00,6102.89,6162.23,6073.46,6158.77,261416
2020.08.25,00:00,6168.53,6190.50,6094.96,6108.02,176598
2020.08.26,00:00,6116.53,6119.43,6066.18,6107.99,12539
2020.08.27,00:00,6108.40,6148.38,6061.39,6076.93,18242
2020.08.28,00:00,6089.29,6093.78,5983.83,6022.38,20625
2020.08.31,00:00,6040.77,6084.77,5963.18,5971.27,14503
2020.09.01,00:00,5982.84,5988.33,5895.01,5964.14,21124
2020.09.02,00:00,5968.25,6111.54,5964.76,6103.05,18323
2020.09.03,00:00,6107.29,6126.34,5947.44,5977.92,30909
2020.09.04,00:00,5974.45,5979.44,5807.99,5883.52,35504
2020.09.07,00:00,5879.77,5967.55,5857.30,5961.66,21481
2020.09.08,00:00,5972.61,6021.60,5872.13,5879.15,34583
2020.09.09,00:00,5877.46,5961.35,5841.56,5936.88,30483
2020.09.10,00:00,5931.91,5962.11,5813.16,5814.65,36595
2020.09.11,00:00,5849.07,5874.62,5808.98,5840.02,28066
2020.09.14,00:00,5880.36,5916.54,5870.86,5892.32,17814
2020.09.15,00:00,5887.73,5950.10,5879.86,5935.68,10572
2020.09.16,00:00,5924.71,5977.07,5924.71,5948.12,13111
2020.09.17,00:00,5946.31,5959.28,5846.02,5888.99,27944
2020.09.18,00:00,5892.83,5916.80,5810.03,5836.00,19778
2020.09.21,00:00,5840.10,5865.07,5717.75,5758.74,35511
2020.09.22,00:00,5764.23,5859.18,5761.76,5852.69,28406
2020.09.23,00:00,5847.21,5954.31,5845.71,5859.51,30332
2020.09.24,00:00,5857.01,5896.95,5818.07,5862.00,34757
2020.09.25,00:00,5893.94,5973.49,5862.99,5965.90,28340
2020.09.28,00:00,5980.52,5996.46,5938.07,5990.47,20408
2020.09.29,00:00,5998.17,6005.67,5880.12,5888.61,21841
2020.09.30,00:00,5891.11,5911.36,5804.44,5828.45,33814
2020.10.01,00:00,5856.41,5916.90,5832.23,5856.72,27380
2020.10.02,00:00,5854.14,5874.91,5778.62,5863.41,32907
2020.10.05,00:00,5877.98,5966.80,5872.98,5962.31,19385
2020.10.06,00:00,5963.81,6006.50,5910.78,5946.02,26046
2020.10.07,00:00,5931.53,6063.43,5924.53,6051.95,22489
2020.10.08,00:00,6060.82,6123.13,6052.33,6106.06,19340
2020.10.09,00:00,6103.13,6127.71,6086.49,6098.56,11905
2020.10.12,00:00,6092.76,6181.70,6087.27,6170.20,13856
2020.10.13,00:00,6173.21,6216.06,6148.65,6155.15,20340
2020.10.14,00:00,6163.65,6199.49,6155.16,6158.17,17962
2020.10.15,00:00,6165.65,6233.58,6149.93,6195.92,21922
2020.10.16,00:00,6205.42,6224.57,6164.18,6214.09,15772
2020.10.19,00:00,6222.22,6249.03,6172.14,6181.63,17933
2020.10.20,00:00,6209.12,6240.65,6173.91,6182.41,23736
2020.10.21,00:00,6192.41,6207.14,6114.32,6124.82,25145
2020.10.22,00:00,6131.80,6194.12,6098.51,6180.12,22956
2020.10.23,00:00,6191.62,6193.42,6147.49,6187.92,16599
2020.10.26,00:00,6167.16,6207.02,6076.03,6102.01,21494
2020.10.27,00:00,6102.53,6110.52,6023.65,6030.15,21908
2020.10.28,00:00,6001.65,6075.56,5952.58,5955.08,30142
2020.10.29,00:00,5974.55,5999.73,5908.74,5986.23,31979
2020.10.30,00:00,5959.23,5987.14,5863.76,5957.28,31862
2020.11.02,00:00,5970.87,5999.73,5901.77,5960.75,29202
2020.11.03,00:00,5959.76,6089.98,5953.76,6066.66,22148
2020.11.04,00:00,6066.16,6129.74,5984.31,6097.25,62317
2020.11.05,00:00,6090.28,6196.94,6074.28,6173.46,30065
2020.11.06,00:00,6182.25,6238.51,6156.38,6220.02,26389
2020.11.09,00:00,6221.49,6547.49,6201.99,6485.04,50085
2020.11.10,00:00,6433.08,6441.57,6329.40,6411.99,47674
2020.11.11,00:00,6395.39,6489.40,6394.39,6457.43,28024
2020.11.12,00:00,6469.37,6476.87,6384.66,6384.66,26187
2020.11.13,00:00,6393.16,6458.07,6376.46,6456.57,19311
2020.11.16,00:00,6450.17,6519.50,6441.50,6484.50,21783
2020.11.17,00:00,6508.00,6530.00,6467.04,6519.55,16488
2020.11.18,00:00,6511.55,6568.62,6501.55,6541.14,15661
2020.11.19,00:00,6503.15,6571.82,6495.83,6562.32,18051
2020.11.20,00:00,6553.14,6581.79,6530.78,6578.29,14246
2020.11.23,00:00,6561.24,6604.99,6548.24,6603.99,17457
2020.11.24,00:00,6586.50,6686.86,6584.50,6684.86,15434
2020.11.25,00:00,6687.81,6709.85,6649.62,6682.11,16009
2020.11.26,00:00,6678.44,6701.45,6615.87,6623.37,11263
2020.11.27,00:00,6623.37,6638.88,6588.66,6633.39,11010
2020.11.30,00:00,6627.32,6642.33,6505.00,6532.45,20219
2020.12.01,00:00,6519.95,6636.30,6511.03,6624.30,17780
2020.12.02,00:00,6617.81,6627.31,6561.03,6619.87,16994
2020.12.03,00:00,6610.00,6633.53,6599.02,6633.04,12970
2020.12.04,00:00,6615.54,6677.95,6611.54,6672.93,11708
2020.12.07,00:00,6672.20,6715.94,6639.04,6657.93,14042
2020.12.08,00:00,6660.40,6721.37,6657.90,6715.88,12931
2020.12.09,00:00,6716.89,6745.47,6671.59,6680.08,16020
2020.12.10,00:00,6707.57,6715.17,6638.02,6644.50,17578
2020.12.11,00:00,6648.45,6672.32,6581.24,6616.19,16575
2020.12.14,00:00,6637.41,6694.35,6621.41,6663.19,16021
2020.12.15,00:00,6644.18,6681.66,6624.84,6681.15,14979
2020.12.16,00:00,6687.04,6720.38,6674.39,6710.51,14341
2020.12.17,00:00,6701.01,6772.67,6691.02,6762.71,11407
2020.12.18,00:00,6752.73,6753.73,6663.97,6667.00,12983
2020.12.21,00:00,6676.16,6680.16,6566.61,6637.13,29506
2020.12.22,00:00,6629.34,6659.83,6573.63,6627.88,19161
2020.12.23,00:00,6637.38,6689.07,6622.96,6683.07,13743
2020.12.24,00:00,6681.58,6700.54,6648.83,6668.47,4124
2020.12.25,00:00,6664.97,6668.47,6664.97,6668.47,2
2020.12.28,00:00,6664.97,6668.47,6664.97,6668.47,2
2020.12.29,00:00,6664.97,6725.87,6662.71,6672.21,12531
2020.12.30,00:00,6673.48,6693.41,6629.83,6677.41,11008
2020.12.31,00:00,6657.91,6679.91,6586.71,6603.00,5299
2021.01.04,00:00,6630.50,6711.11,6601.00,6645.17,24077
2021.01.05,00:00,6646.67,6684.69,6624.68,6664.23,22476
2021.01.06,00:00,6656.60,6741.50,6564.00,6706.50,28155
2021.01.07,00:00,6707.50,6751.50,6678.00,6725.50,15908
2021.01.08,00:00,6730.50,6763.00,6711.00,6735.50,14707
2021.01.11,00:00,6757.50,6758.50,6669.00,6704.50,15533
2021.01.12,00:00,6696.50,6734.00,6641.00,6657.50,14707
2021.01.13,00:00,6665.50,6690.00,6651.50,6687.50,11790
2021.01.14,00:00,6692.50,6730.50,6665.00,6716.00,11740
2021.01.15,00:00,6714.00,6752.00,6666.50,6695.50,15743
2021.01.18,00:00,6674.50,6697.50,6646.50,6695.00,9926
2021.01.19,00:00,6704.50,6753.50,6698.00,6749.50,9383
2021.01.20,00:00,6741.50,6807.50,6734.00,6805.50,10004
2021.01.21,00:00,6809.00,6839.00,6800.00,6812.50,9099
2021.01.22,00:00,6805.50,6819.00,6762.00,6808.00,10159
2021.01.25,00:00,6803.00,6833.50,6757.00,6802.50,16373
2021.01.26,00:00,6832.00,6834.50,6788.50,6803.00,6512
2021.01.27,00:00,6816.00,6818.50,6696.50,6702.00,22088
2021.01.28,00:00,6693.00,6748.00,6591.00,6737.50,30780
2021.01.29,00:00,6719.00,6729.00,6540.00,6565.00,33860
2021.02.01,00:00,6582.50,6707.19,6511.00,6686.71,24969
2021.02.02,00:00,6693.22,6812.77,6685.72,6811.77,16769
2021.02.03,00:00,6810.78,6855.75,6793.21,6820.79,16252
2021.02.04,00:00,6820.30,6832.70,6756.83,6828.69,13406
2021.02.05,00:00,6831.19,6867.73,6813.74,6830.25,10883
2021.02.08,00:00,6842.05,6900.81,6820.06,6858.16,11634
2021.02.09,00:00,6868.16,6888.21,6802.50,6834.00,11867
2021.02.10,00:00,6825.50,6870.00,6804.50,6842.50,12521
2021.02.11,00:00,6824.00,6874.00,6813.00,6845.00,11258
2021.02.12,00:00,6841.50,6852.00,6793.50,6826.50,9673
