2016.01.18,22:00,0.76474,0.77134,0.75826,0.77042,2049
2016.01.19,22:00,0.77043,0.77560,0.76694,0.76741,1431
2016.01.20,22:00,0.76732,0.77428,0.76172,0.76458,2239
2016.01.21,22:00,0.76460,0.76500,0.75256,0.75615,1644
2016.01.23,22:00,0.75646,0.75708,0.75602,0.75644,211
2016.01.24,22:00,0.75646,0.76186,0.75529,0.76139,822
2016.01.25,22:00,0.76142,0.76642,0.75498,0.75741,1888
2016.01.26,22:00,0.75744,0.76662,0.75643,0.76533,1250
2016.01.27,22:00,0.76532,0.76630,0.75939,0.76175,1026
2016.01.28,22:00,0.76176,0.76494,0.75616,0.76020,1601
2016.01.30,22:00,0.75994,0.76043,0.75966,0.76006,143
2016.01.31,22:00,0.76006,0.76234,0.75410,0.75439,1082
2016.02.01,22:00,0.75444,0.76170,0.75412,0.75776,1185
2016.02.02,22:00,0.75772,0.76153,0.75251,0.76039,1538
2016.02.03,22:00,0.76017,0.77020,0.75913,0.76824,1408
2016.02.04,22:00,0.76813,0.77174,0.76695,0.76916,856
2016.02.06,22:00,0.76944,0.76968,0.76904,0.76928,113
2016.02.07,22:00,0.76928,0.77675,0.76613,0.77556,1497
2016.02.08,22:00,0.77558,0.78510,0.77309,0.78032,1929
2016.02.09,22:00,0.78035,0.78191,0.77131,0.77754,1840
2016.02.10,22:00,0.77756,0.78980,0.77554,0.78214,2395
2016.02.11,22:00,0.78211,0.78288,0.77423,0.77572,1092
2016.02.13,22:00,0.77464,0.77531,0.77436,0.77492,163
2016.02.14,22:00,0.77526,0.77616,0.76978,0.77275,1026
2016.02.15,22:00,0.77274,0.78129,0.76952,0.77896,1733
2016.02.16,22:00,0.77894,0.78455,0.77619,0.77855,1634
2016.02.17,22:00,0.77854,0.78171,0.77075,0.77474,1813
2016.02.18,22:00,0.77470,0.77935,0.77339,0.77510,1153
2016.02.20,22:00,0.77966,0.78042,0.77855,0.77879,288
2016.02.21,22:00,0.77874,0.78440,0.77676,0.77948,1455
2016.02.22,22:00,0.77946,0.78650,0.77762,0.78590,1133
2016.02.23,22:00,0.78588,0.79252,0.78540,0.79076,937
2016.02.24,22:00,0.79082,0.79291,0.78796,0.78913,822
2016.02.25,22:00,0.78911,0.79232,0.78434,0.78908,1594
2016.02.27,22:00,0.78783,0.78798,0.78712,0.78756,146
2016.02.28,22:00,0.78752,0.78979,0.77908,0.78124,1515
2016.02.29,22:00,0.78124,0.78234,0.77576,0.77886,1079
2016.03.01,22:00,0.77908,0.78135,0.76909,0.77196,1741
2016.03.02,22:00,0.77196,0.77500,0.77046,0.77282,823
2016.03.03,22:00,0.77278,0.77729,0.77214,0.77351,958
2016.03.05,22:00,0.77308,0.77331,0.77252,0.77304,155
2016.03.06,22:00,0.77308,0.77494,0.77133,0.77212,627
2016.03.07,22:00,0.77208,0.77926,0.77184,0.77458,1235
2016.03.08,22:00,0.77461,0.77566,0.77006,0.77371,1031
2016.03.09,22:00,0.77364,0.78484,0.76526,0.78266,3015
2016.03.10,22:00,0.78268,0.78480,0.77381,0.77580,1511
2016.03.12,22:00,0.77475,0.77542,0.77434,0.77510,182
2016.03.13,22:00,0.77532,0.77706,0.77358,0.77627,602
2016.03.14,22:00,0.77625,0.78610,0.77601,0.78473,1171
2016.03.15,22:00,0.78472,0.78858,0.78423,0.78669,674
2016.03.16,22:00,0.78668,0.79116,0.78076,0.78166,1579
2016.03.17,22:00,0.78167,0.78299,0.77744,0.77874,818
2016.03.19,22:00,0.78002,0.78024,0.77876,0.77942,237
2016.03.20,22:00,0.77942,0.78380,0.77899,0.78215,690
2016.03.21,22:00,0.78213,0.79059,0.78142,0.78902,1146
2016.03.22,22:00,0.78902,0.79339,0.78818,0.79191,754
2016.03.23,22:00,0.79193,0.79466,0.78822,0.78986,1082
2016.03.24,22:00,0.78986,0.79111,0.78910,0.79035,354
2016.03.26,22:00,0.79058,0.79066,0.78992,0.79012,103
2016.03.27,21:00,0.79001,0.79066,0.78442,0.78541,789
2016.03.28,21:00,0.78546,0.78728,0.78304,0.78490,793
2016.03.29,21:00,0.78475,0.78868,0.78344,0.78851,673
2016.03.30,21:00,0.78854,0.79450,0.78792,0.79246,925
2016.03.31,21:00,0.79247,0.80224,0.79184,0.80067,1261
2016.04.02,21:00,0.80080,0.80171,0.80061,0.80147,154
2016.04.03,21:00,0.80149,0.80186,0.79600,0.79860,884
2016.04.04,21:00,0.79857,0.80548,0.79784,0.80390,996
2016.04.05,21:00,0.80388,0.81050,0.80234,0.80715,1306
2016.04.06,21:00,0.80716,0.81175,0.80454,0.80936,1223
2016.04.07,21:00,0.80945,0.80958,0.80470,0.80700,732
2016.04.09,21:00,0.80862,0.80902,0.80836,0.80877,118
2016.04.10,21:00,0.80883,0.80908,0.79950,0.80124,1158
2016.04.11,21:00,0.80116,0.80291,0.79614,0.79764,1003
2016.04.12,21:00,0.79763,0.79852,0.79252,0.79368,806
2016.04.13,21:00,0.79369,0.79818,0.79342,0.79608,714
2016.04.14,21:00,0.79610,0.79765,0.79385,0.79470,621
2016.04.16,21:00,0.79626,0.79649,0.79566,0.79606,147
2016.04.17,21:00,0.79604,0.79936,0.79136,0.79235,1232
2016.04.18,21:00,0.79234,0.79262,0.78820,0.78878,529
2016.04.19,21:00,0.78903,0.79162,0.78636,0.78824,974
2016.04.20,21:00,0.78822,0.78984,0.78542,0.78810,873
2016.04.21,21:00,0.78809,0.78863,0.77830,0.77863,1121
2016.04.23,21:00,0.77712,0.77740,0.77516,0.77539,276
2016.04.24,21:00,0.77541,0.78118,0.77522,0.77806,928
2016.04.25,21:00,0.77792,0.77850,0.77351,0.77476,683
2016.04.26,21:00,0.77486,0.77944,0.77385,0.77846,759
2016.04.27,21:00,0.77858,0.78040,0.77544,0.77706,841
2016.04.28,21:00,0.77708,0.78429,0.77652,0.78365,898
2016.04.30,21:00,0.78442,0.78602,0.78432,0.78570,213
2016.05.01,21:00,0.78568,0.78656,0.78213,0.78606,849
2016.05.02,21:00,0.78601,0.79207,0.78418,0.79095,1085
2016.05.03,21:00,0.79096,0.79474,0.78929,0.79241,946
2016.05.04,21:00,0.79243,0.79273,0.78620,0.78736,800
2016.05.05,21:00,0.78738,0.79182,0.78652,0.79036,763
2016.05.07,21:00,0.79054,0.79070,0.79032,0.79058,73
2016.05.08,21:00,0.79056,0.79281,0.78675,0.79012,1169
2016.05.09,21:00,0.79016,0.79044,0.78708,0.78747,404
2016.05.10,21:00,0.78746,0.79198,0.78658,0.79088,739
2016.05.11,21:00,0.79084,0.79192,0.78462,0.78730,1107
2016.05.12,21:00,0.78726,0.78832,0.78584,0.78722,493
2016.05.14,21:00,0.78818,0.78862,0.78750,0.78820,223
2016.05.15,21:00,0.78822,0.78938,0.78586,0.78604,487
2016.05.16,21:00,0.78602,0.78634,0.78010,0.78225,872
2016.05.17,21:00,0.78228,0.78319,0.76824,0.76833,1596
2016.05.18,21:00,0.76832,0.77036,0.76492,0.76672,929
2016.05.19,21:00,0.76674,0.77432,0.76659,0.77403,818
2016.05.21,21:00,0.77280,0.77350,0.77252,0.77268,185
2016.05.22,21:00,0.77268,0.77542,0.77049,0.77470,785
2016.05.23,21:00,0.77470,0.77510,0.76108,0.76122,1457
2016.05.24,21:00,0.76130,0.76399,0.75648,0.75899,1272
2016.05.25,21:00,0.75896,0.76352,0.75790,0.76300,721
2016.05.26,21:00,0.76298,0.76444,0.76028,0.76056,591
2016.05.28,21:00,0.76090,0.76093,0.76064,0.76066,35
2016.05.29,21:00,0.76068,0.76323,0.75896,0.76075,848
2016.05.30,21:00,0.76076,0.76966,0.75729,0.76868,1683
2016.05.31,21:00,0.76864,0.77678,0.76714,0.77613,1180
2016.06.01,21:00,0.77612,0.77766,0.77201,0.77308,827
2016.06.02,21:00,0.77310,0.78228,0.77204,0.78212,1147
2016.06.04,21:00,0.78290,0.78545,0.78284,0.78492,321
2016.06.05,21:00,0.78491,0.79062,0.78433,0.78623,1127
2016.06.06,21:00,0.78630,0.78656,0.77528,0.78086,1713
2016.06.07,21:00,0.78085,0.78600,0.77954,0.78566,812
2016.06.08,21:00,0.78568,0.78791,0.78073,0.78270,1139
2016.06.09,21:00,0.78270,0.79322,0.78096,0.78912,1811
2016.06.11,21:00,0.79060,0.79078,0.78814,0.78842,311
2016.06.12,21:00,0.78843,0.79860,0.78780,0.79142,1862
2016.06.13,21:00,0.79141,0.79730,0.79098,0.79408,998
2016.06.14,21:00,0.79404,0.79700,0.78924,0.79266,1415
2016.06.15,21:00,0.79272,0.79956,0.78885,0.79028,1899
2016.06.16,21:00,0.79032,0.79090,0.78423,0.78528,831
2016.06.18,21:00,0.78336,0.78431,0.78264,0.78300,299
2016.06.19,21:00,0.78300,0.78365,0.76903,0.76989,1614
2016.06.20,21:00,0.76994,0.77450,0.76544,0.76731,1550
2016.06.21,21:00,0.76732,0.77173,0.76546,0.76810,1177
2016.06.22,21:00,0.76815,0.77077,0.76234,0.76548,1420
2016.06.23,21:00,0.76398,0.83158,0.75988,0.81317,9422
2016.06.25,21:00,0.81594,0.82117,0.81561,0.82051,656
2016.06.26,21:00,0.82054,0.83798,0.81826,0.83376,2623
2016.06.27,21:00,0.83371,0.83456,0.82567,0.82930,1338
2016.06.28,21:00,0.82925,0.83212,0.82060,0.82842,2222
2016.06.29,21:00,0.82848,0.83830,0.82412,0.83439,2246
2016.06.30,21:00,0.83428,0.84064,0.83160,0.83820,1417
2016.07.02,21:00,0.84030,0.84046,0.83988,0.84030,117
2016.07.03,21:00,0.84012,0.84054,0.83534,0.83949,978
2016.07.04,21:00,0.83952,0.85480,0.83889,0.85047,2088
2016.07.05,21:00,0.85047,0.86280,0.84950,0.85841,1867
2016.07.06,21:00,0.85840,0.86145,0.84907,0.85708,2345
2016.07.07,21:00,0.85708,0.85866,0.85029,0.85375,1342
2016.07.09,21:00,0.85264,0.85376,0.85223,0.85348,223
2016.07.10,21:00,0.85329,0.85794,0.84846,0.85095,1663
2016.07.11,21:00,0.85134,0.85259,0.83362,0.83496,2157
2016.07.12,21:00,0.83494,0.84512,0.82984,0.84364,2187
2016.07.13,21:00,0.84358,0.84702,0.82492,0.83342,3405
2016.07.14,21:00,0.83344,0.84171,0.82616,0.83734,2721
2016.07.16,21:00,0.83664,0.83882,0.83624,0.83726,455
2016.07.17,21:00,0.83764,0.83803,0.83197,0.83550,999
2016.07.18,21:00,0.83552,0.84274,0.83414,0.84066,1207
2016.07.19,21:00,0.84064,0.84242,0.83291,0.83398,1237
2016.07.20,21:00,0.83398,0.83832,0.83020,0.83324,1551
2016.07.21,21:00,0.83324,0.84200,0.83001,0.83754,1969
2016.07.23,21:00,0.83569,0.83618,0.83446,0.83490,266
2016.07.24,21:00,0.83490,0.83832,0.83376,0.83679,724
2016.07.25,21:00,0.83678,0.84266,0.83517,0.83672,1493
2016.07.26,21:00,0.83670,0.84127,0.83486,0.83632,1245
2016.07.27,21:00,0.83632,0.84511,0.83577,0.84136,1365
2016.07.28,21:00,0.84142,0.84784,0.83862,0.84472,1515
2016.07.30,21:00,0.84455,0.84456,0.84382,0.84402,96
2016.07.31,21:00,0.84462,0.84880,0.84176,0.84702,1169
2016.08.01,21:00,0.84706,0.84926,0.84002,0.84029,1172
2016.08.02,21:00,0.84029,0.84332,0.83656,0.83674,998
2016.08.03,21:00,0.83671,0.84964,0.83430,0.84912,1828
2016.08.04,21:00,0.84910,0.85046,0.84586,0.84800,811
2016.08.06,21:00,0.84725,0.84738,0.84692,0.84718,86
2016.08.07,21:00,0.84717,0.85086,0.84662,0.85028,538
2016.08.08,21:00,0.85028,0.85666,0.84953,0.85499,956
2016.08.09,21:00,0.85499,0.85978,0.85170,0.85910,1206
2016.08.10,21:00,0.85910,0.86238,0.85766,0.85959,896
2016.08.11,21:00,0.85960,0.86530,0.85839,0.86455,888
2016.08.13,21:00,0.86390,0.86392,0.86382,0.86384,15
2016.08.14,21:00,0.86386,0.87034,0.86210,0.86828,1207
2016.08.15,21:00,0.86827,0.87249,0.86409,0.86452,1306
2016.08.16,21:00,0.86450,0.86730,0.86283,0.86562,783
2016.08.17,21:00,0.86558,0.86726,0.85911,0.86222,1295
2016.08.18,21:00,0.86212,0.86923,0.86098,0.86606,1257
2016.08.20,21:00,0.86728,0.86853,0.86606,0.86608,375
2016.08.21,21:00,0.86611,0.86670,0.86092,0.86172,718
2016.08.22,21:00,0.86165,0.86294,0.85624,0.85662,838
2016.08.23,21:00,0.85664,0.85788,0.84854,0.85124,1329
2016.08.24,21:00,0.85124,0.85663,0.84994,0.85542,921
2016.08.25,21:00,0.85524,0.85654,0.85182,0.85242,663
2016.08.27,21:00,0.85198,0.85312,0.85162,0.85250,249
2016.08.28,21:00,0.85243,0.85507,0.85135,0.85384,604
2016.08.29,21:00,0.85372,0.85522,0.84974,0.85185,910
2016.08.30,21:00,0.85196,0.85266,0.84733,0.84926,797
2016.08.31,21:00,0.84933,0.84980,0.83879,0.84390,1660
2016.09.01,21:00,0.84385,0.84472,0.83754,0.83918,970
2016.09.03,21:00,0.83872,0.83918,0.83846,0.83886,131
2016.09.04,21:00,0.83886,0.84064,0.83522,0.83788,987
2016.09.05,21:00,0.83782,0.83840,0.83334,0.83743,974
2016.09.06,21:00,0.83742,0.84351,0.83734,0.84244,733
2016.09.07,21:00,0.84244,0.84957,0.84220,0.84694,1025
2016.09.08,21:00,0.84690,0.84844,0.84395,0.84588,797
2016.09.10,21:00,0.84702,0.84722,0.84679,0.84692,77
2016.09.11,21:00,0.84694,0.84842,0.84212,0.84241,808
2016.09.12,21:00,0.84240,0.85345,0.84202,0.85030,1497
2016.09.13,21:00,0.85029,0.85450,0.84831,0.84992,1202
2016.09.14,21:00,0.85000,0.85392,0.84674,0.84929,1366
2016.09.15,21:00,0.84927,0.85784,0.84861,0.85742,1032
2016.09.17,21:00,0.85724,0.85826,0.85690,0.85783,214
2016.09.18,21:00,0.85785,0.85833,0.85352,0.85764,942
2016.09.19,21:00,0.85770,0.86314,0.85631,0.85850,1287
2016.09.20,21:00,0.85851,0.86084,0.85668,0.85852,832
2016.09.21,21:00,0.85854,0.86111,0.85620,0.85702,831
2016.09.22,21:00,0.85702,0.86796,0.85621,0.86602,1451
2016.09.24,21:00,0.86547,0.86648,0.86530,0.86600,184
2016.09.25,21:00,0.86598,0.87168,0.86466,0.86740,1263
2016.09.26,21:00,0.86730,0.86939,0.86071,0.86116,1123
2016.09.27,21:00,0.86110,0.86398,0.85894,0.86161,958
2016.09.28,21:00,0.86166,0.86690,0.85936,0.86538,1137
2016.09.29,21:00,0.86531,0.86661,0.86042,0.86658,1112
2016.10.01,21:00,0.86941,0.86958,0.86874,0.86927,155
2016.10.02,21:00,0.86926,0.87470,0.86771,0.87302,1023
2016.10.03,21:00,0.87296,0.88112,0.87084,0.88026,1327
2016.10.04,21:00,0.88022,0.88433,0.87765,0.87893,1208
2016.10.05,21:00,0.87892,0.88508,0.87842,0.88390,835
2016.10.06,21:00,0.88382,0.92974,0.88300,0.90000,7731
2016.10.08,21:00,0.90126,0.90262,0.90064,0.90150,373
2016.10.09,21:00,0.90204,0.90400,0.89804,0.90108,1097
2016.10.10,21:00,0.90100,0.91417,0.89958,0.91184,1835
2016.10.11,21:00,0.91185,0.91302,0.89670,0.90238,2318
2016.10.12,21:00,0.90160,0.90682,0.89992,0.90231,1310
2016.10.13,21:00,0.90226,0.90474,0.89746,0.90134,1365
2016.10.15,21:00,0.90306,0.90318,0.90228,0.90234,109
2016.10.16,21:00,0.90234,0.90583,0.90014,0.90283,1090
2016.10.17,21:00,0.90300,0.90322,0.89135,0.89293,1368
2016.10.18,21:00,0.89292,0.89579,0.89000,0.89318,1133
2016.10.19,21:00,0.89316,0.90267,0.89100,0.89194,2213
2016.10.20,21:00,0.89190,0.89408,0.88805,0.89022,1039
2016.10.22,21:00,0.89008,0.89050,0.88981,0.89024,123
2016.10.23,21:00,0.89014,0.89268,0.88845,0.88911,744
2016.10.24,21:00,0.88912,0.89810,0.88888,0.89338,1419
2016.10.25,21:00,0.89338,0.89652,0.89044,0.89070,949
2016.10.26,21:00,0.89074,0.89798,0.88940,0.89591,1200
2016.10.27,21:00,0.89594,0.90134,0.89454,0.90086,869
2016.10.29,21:00,0.90253,0.90268,0.90064,0.90128,284
2016.10.30,22:00,0.90130,0.90180,0.89541,0.89680,829
2016.10.31,22:00,0.89687,0.90450,0.89478,0.90307,1325
2016.11.01,22:00,0.90345,0.90492,0.89798,0.90188,1232
2016.11.02,22:00,0.90191,0.90246,0.88592,0.89106,2224
2016.11.03,22:00,0.89107,0.89163,0.88570,0.89008,1088
2016.11.05,22:00,0.88798,0.88886,0.88738,0.88824,271
2016.11.06,22:00,0.88814,0.89382,0.88772,0.89057,978
2016.11.07,22:00,0.89068,0.89328,0.88842,0.89071,970
2016.11.08,22:00,0.89082,0.90260,0.87634,0.87936,4107
2016.11.09,22:00,0.87948,0.88256,0.86620,0.86766,2091
2016.11.10,22:00,0.86758,0.86909,0.85675,0.86102,1813
2016.11.12,22:00,0.85988,0.86183,0.85957,0.86180,261
2016.11.13,22:00,0.86190,0.86363,0.85812,0.85967,880
2016.11.14,22:00,0.85965,0.87074,0.85687,0.86070,2670
2016.11.15,22:00,0.86086,0.86277,0.85729,0.85922,933
2016.11.16,22:00,0.85922,0.86256,0.85476,0.85560,1199
2016.11.17,22:00,0.85546,0.86363,0.85264,0.85733,2012
2016.11.19,22:00,0.85865,0.85918,0.85738,0.85827,323
2016.11.20,22:00,0.85824,0.86392,0.84896,0.85090,2259
2016.11.21,22:00,0.85080,0.85719,0.84951,0.85538,1079
2016.11.22,22:00,0.85542,0.85946,0.84650,0.84818,1869
2016.11.23,22:00,0.84823,0.85024,0.84598,0.84753,783
2016.11.24,22:00,0.84750,0.85454,0.84675,0.84986,1323
2016.11.26,22:00,0.85037,0.85262,0.85013,0.85132,404
2016.11.27,22:00,0.85130,0.85672,0.84953,0.85492,1077
2016.11.28,22:00,0.85478,0.85600,0.84668,0.85242,1629
2016.11.29,22:00,0.85256,0.85782,0.84561,0.84665,1852
2016.11.30,22:00,0.84669,0.84860,0.83693,0.84672,2332
2016.12.01,22:00,0.84685,0.84842,0.83773,0.83783,1237
2016.12.03,22:00,0.83811,0.84106,0.83664,0.84094,602
2016.12.04,22:00,0.84097,0.84799,0.83042,0.84544,3068
2016.12.05,22:00,0.84546,0.84668,0.84066,0.84540,1199
2016.12.06,22:00,0.84542,0.85504,0.84498,0.85174,1381
2016.12.07,22:00,0.85173,0.85734,0.84250,0.84331,2127
2016.12.08,22:00,0.84333,0.84581,0.83720,0.83965,1355
2016.12.10,22:00,0.83791,0.83816,0.83728,0.83757,143
2016.12.11,22:00,0.83756,0.84292,0.83607,0.83868,1259
2016.12.12,22:00,0.83863,0.84108,0.83421,0.83941,1297
2016.12.13,22:00,0.83944,0.84212,0.83510,0.83858,1319
2016.12.14,22:00,0.83850,0.84016,0.83305,0.83856,1417
2016.12.15,22:00,0.83854,0.84271,0.83555,0.83663,1242
2016.12.17,22:00,0.83603,0.83672,0.83506,0.83618,318
2016.12.18,22:00,0.83618,0.84500,0.83568,0.83919,1564
2016.12.19,22:00,0.83904,0.84264,0.83748,0.84000,937
2016.12.20,22:00,0.84004,0.84542,0.83960,0.84388,781
2016.12.21,22:00,0.84384,0.85105,0.84326,0.84972,971
2016.12.22,22:00,0.84965,0.85388,0.84898,0.85099,847
2016.12.25,22:00,0.85151,0.85298,0.84980,0.85148,634
2016.12.26,22:00,0.85159,0.85400,0.84999,0.85231,731
2016.12.27,22:00,0.85220,0.85373,0.84896,0.85178,913
2016.12.28,22:00,0.85179,0.85832,0.85092,0.85553,1107
2016.12.29,22:00,0.85539,0.86712,0.85080,0.85205,2931
2017.01.01,22:00,0.85196,0.85317,0.84916,0.85158,765
2017.01.02,22:00,0.85172,0.85318,0.84502,0.85028,1489
2017.01.03,22:00,0.85022,0.85377,0.84794,0.85097,1092
2017.01.04,22:00,0.85122,0.85820,0.85064,0.85416,1219
2017.01.05,22:00,0.85414,0.85899,0.85319,0.85732,843
2017.01.07,22:00,0.85924,0.85981,0.85910,0.85966,101
2017.01.08,22:00,0.85966,0.86991,0.85834,0.86934,1347
2017.01.09,22:00,0.86945,0.87638,0.86650,0.86681,1713
2017.01.10,22:00,0.86666,0.87058,0.86474,0.86653,1156
2017.01.11,22:00,0.86647,0.87481,0.86549,0.87267,1245
2017.01.12,22:00,0.87251,0.87682,0.86938,0.87357,1383
2017.01.14,22:00,0.88436,0.88482,0.88326,0.88380,257
2017.01.15,22:00,0.88380,0.88576,0.87632,0.87990,1499
2017.01.16,22:00,0.87989,0.88190,0.86260,0.86288,2160
2017.01.17,22:00,0.86335,0.87081,0.86268,0.86689,1273
2017.01.18,22:00,0.86705,0.86790,0.86098,0.86413,1093
2017.01.19,22:00,0.86401,0.86726,0.86302,0.86488,762
2017.01.21,22:00,0.86494,0.86514,0.86436,0.86458,121
2017.01.22,22:00,0.86460,0.86635,0.85855,0.85886,987
2017.01.23,22:00,0.85881,0.86513,0.85652,0.85711,1553
2017.01.24,22:00,0.85710,0.85799,0.84970,0.85083,1032
2017.01.25,22:00,0.85086,0.85337,0.84706,0.84816,993
2017.01.26,22:00,0.84814,0.85386,0.84696,0.85238,957
2017.01.28,22:00,0.85146,0.85240,0.85100,0.85182,245
2017.01.29,22:00,0.85182,0.85788,0.84896,0.85661,1306
2017.01.30,22:00,0.85667,0.86348,0.85468,0.85839,1589
2017.01.31,22:00,0.85830,0.85946,0.84930,0.85069,1272
2017.02.01,22:00,0.85076,0.86255,0.85002,0.85876,1707
2017.02.02,22:00,0.85884,0.86456,0.85741,0.86386,929
2017.02.04,22:00,0.86416,0.86470,0.86366,0.86403,196
2017.02.05,22:00,0.86402,0.86460,0.85920,0.86216,895
2017.02.06,22:00,0.86217,0.86394,0.85322,0.85398,1326
2017.02.07,22:00,0.85392,0.85523,0.85094,0.85316,783
2017.02.08,22:00,0.85341,0.85478,0.84934,0.85260,1008
2017.02.09,22:00,0.85220,0.85514,0.85022,0.85186,951
2017.02.11,22:00,0.85158,0.85184,0.85136,0.85178,77
2017.02.12,22:00,0.85198,0.85292,0.84570,0.84612,859
2017.02.13,22:00,0.84604,0.85302,0.84558,0.84840,1253
2017.02.14,22:00,0.84808,0.85218,0.84660,0.85072,853
2017.02.15,22:00,0.85081,0.85526,0.84868,0.85464,934
2017.02.16,22:00,0.85461,0.85920,0.85194,0.85569,1345
2017.02.18,22:00,0.85496,0.85522,0.85444,0.85493,154
2017.02.19,22:00,0.85506,0.85581,0.85107,0.85162,605
2017.02.20,22:00,0.85164,0.85196,0.84420,0.84471,860
2017.02.21,22:00,0.84473,0.84918,0.84025,0.84812,1448
2017.02.22,22:00,0.84799,0.84942,0.84218,0.84283,933
2017.02.23,22:00,0.84284,0.84922,0.84220,0.84790,899
2017.02.25,22:00,0.84730,0.84736,0.84648,0.84688,135
2017.02.26,22:00,0.84688,0.85400,0.84674,0.85081,1060
2017.02.27,22:00,0.85087,0.85500,0.85056,0.85430,546
2017.02.28,22:00,0.85422,0.85875,0.85098,0.85790,1187
2017.03.01,22:00,0.85794,0.85910,0.85473,0.85644,725
2017.03.02,22:00,0.85656,0.86439,0.85586,0.86374,989
2017.03.04,22:00,0.86280,0.86387,0.86256,0.86349,194
2017.03.05,22:00,0.86346,0.86698,0.86250,0.86474,769
2017.03.06,22:00,0.86472,0.86834,0.86390,0.86612,749
2017.03.07,22:00,0.86610,0.86952,0.86536,0.86630,813
2017.03.08,22:00,0.86628,0.87200,0.86560,0.86946,963
2017.03.09,22:00,0.86944,0.87832,0.86926,0.87752,1005
2017.03.11,22:00,0.87797,0.87878,0.87756,0.87814,228
2017.03.12,22:00,0.87815,0.87876,0.87088,0.87184,946
2017.03.13,22:00,0.87182,0.87860,0.87166,0.87268,1303
2017.03.14,22:00,0.87278,0.87387,0.86662,0.87370,1359
2017.03.15,22:00,0.87360,0.87596,0.86688,0.87150,1607
2017.03.16,22:00,0.87156,0.87369,0.86601,0.86629,1010
2017.03.18,22:00,0.86625,0.86722,0.86606,0.86693,165
2017.03.19,22:00,0.86696,0.87084,0.86594,0.86872,805
2017.03.20,22:00,0.86882,0.87270,0.86498,0.86640,1303
2017.03.21,22:00,0.86638,0.87008,0.86430,0.86486,1005
2017.03.22,22:00,0.86484,0.86558,0.86048,0.86148,685
2017.03.23,22:00,0.86150,0.86639,0.86108,0.86591,622
2017.03.25,22:00,0.86811,0.86864,0.86698,0.86766,288
2017.03.26,21:00,0.86767,0.86772,0.86246,0.86504,790
2017.03.27,21:00,0.86504,0.86892,0.86178,0.86848,1085
2017.03.28,21:00,0.86854,0.87360,0.86240,0.86590,1977
2017.03.29,21:00,0.86594,0.86618,0.85568,0.85620,1127
2017.03.30,21:00,0.85618,0.85968,0.84832,0.84868,1523
2017.04.01,21:00,0.85070,0.85070,0.84953,0.84999,164
2017.04.02,21:00,0.84999,0.85577,0.84922,0.85450,860
2017.04.03,21:00,0.85448,0.85879,0.85369,0.85802,667
2017.04.04,21:00,0.85804,0.85911,0.85318,0.85420,803
2017.04.05,21:00,0.85420,0.85674,0.85108,0.85366,1079
2017.04.06,21:00,0.85370,0.85800,0.85298,0.85602,773
2017.04.08,21:00,0.85484,0.85538,0.85454,0.85503,150
2017.04.09,21:00,0.85502,0.85554,0.85240,0.85354,481
2017.04.10,21:00,0.85352,0.85488,0.84877,0.84902,773
2017.04.11,21:00,0.84898,0.85120,0.84772,0.85056,539
2017.04.12,21:00,0.85054,0.85115,0.84748,0.84888,569
2017.04.13,21:00,0.84886,0.84960,0.84760,0.84868,383
2017.04.15,21:00,0.84728,0.84778,0.84686,0.84723,180
2017.04.16,21:00,0.84723,0.84901,0.84606,0.84706,574
2017.04.17,21:00,0.84706,0.85126,0.83136,0.83566,2841
2017.04.18,21:00,0.83558,0.83892,0.83373,0.83832,765
2017.04.19,21:00,0.83830,0.84140,0.83592,0.83638,905
2017.04.20,21:00,0.83642,0.83878,0.83516,0.83740,627
2017.04.22,21:00,0.85016,0.85096,0.84926,0.85056,301
2017.04.23,21:00,0.85058,0.85114,0.84514,0.84930,1073
2017.04.24,21:00,0.84928,0.85306,0.84778,0.85078,907
2017.04.25,21:00,0.85078,0.85311,0.84586,0.84866,1239
2017.04.26,21:00,0.84868,0.84958,0.84154,0.84258,999
2017.04.27,21:00,0.84260,0.84624,0.84051,0.84126,1013
2017.04.29,21:00,0.84332,0.84402,0.84270,0.84362,235
2017.04.30,21:00,0.84362,0.84600,0.84168,0.84584,643
2017.05.01,21:00,0.84584,0.84848,0.84228,0.84478,1135
2017.05.02,21:00,0.84476,0.84770,0.84364,0.84600,689
2017.05.03,21:00,0.84600,0.85012,0.84558,0.85000,509
2017.05.04,21:00,0.85000,0.85091,0.84626,0.84724,655
2017.05.06,21:00,0.84911,0.84924,0.84861,0.84870,86
2017.05.07,21:00,0.84870,0.84892,0.84338,0.84420,659
2017.05.08,21:00,0.84420,0.84478,0.84012,0.84068,581
2017.05.09,21:00,0.84070,0.84171,0.83834,0.83994,599
2017.05.10,21:00,0.83996,0.84522,0.83948,0.84288,857
2017.05.11,21:00,0.84292,0.84888,0.84250,0.84796,773
2017.05.13,21:00,0.84864,0.84900,0.84802,0.84850,183
2017.05.14,21:00,0.84850,0.85148,0.84580,0.85100,887
2017.05.15,21:00,0.85102,0.85956,0.85036,0.85798,1145
2017.05.16,21:00,0.85796,0.86156,0.85602,0.86026,879
2017.05.17,21:00,0.86034,0.86142,0.85242,0.85800,1567
2017.05.18,21:00,0.85808,0.86041,0.85688,0.85982,533
2017.05.20,21:00,0.86132,0.86228,0.86106,0.86155,222
2017.05.21,21:00,0.86155,0.86513,0.85997,0.86444,744
2017.05.22,21:00,0.86442,0.86754,0.86190,0.86278,965
2017.05.23,21:00,0.86278,0.86566,0.86028,0.86472,883
2017.05.24,21:00,0.86474,0.86674,0.86402,0.86618,401
2017.05.25,21:00,0.86620,0.87504,0.86575,0.87314,1165
2017.05.27,21:00,0.87229,0.87281,0.87202,0.87246,142
2017.05.28,21:00,0.87246,0.87302,0.86921,0.86944,461
2017.05.29,21:00,0.86946,0.87066,0.86560,0.86992,967
2017.05.30,21:00,0.86990,0.87486,0.86970,0.87228,795
2017.05.31,21:00,0.87224,0.87550,0.86838,0.87050,1251
2017.06.01,21:00,0.87049,0.87678,0.86952,0.87528,974
2017.06.03,21:00,0.87668,0.87694,0.87626,0.87658,127
2017.06.04,21:00,0.87659,0.87696,0.86940,0.87214,1068
2017.06.05,21:00,0.87220,0.87554,0.86924,0.87342,1139
2017.06.06,21:00,0.87344,0.87410,0.86772,0.86858,791
2017.06.07,21:00,0.86852,0.86998,0.86502,0.86566,707
2017.06.08,21:00,0.86570,0.88593,0.86504,0.87826,2923
2017.06.10,21:00,0.88040,0.88204,0.88040,0.88150,219
2017.06.11,21:00,0.88150,0.88664,0.87790,0.88494,1405
2017.06.12,21:00,0.88498,0.88553,0.87806,0.87900,897
2017.06.13,21:00,0.87896,0.88362,0.87664,0.87968,1325
2017.06.14,21:00,0.87970,0.88075,0.87229,0.87362,1085
2017.06.15,21:00,0.87366,0.87663,0.87194,0.87644,661
2017.06.17,21:00,0.87792,0.87834,0.87734,0.87806,187
2017.06.18,21:00,0.87807,0.87830,0.87345,0.87526,690
2017.06.19,21:00,0.87532,0.88349,0.87386,0.88166,1293
2017.06.20,21:00,0.88166,0.88458,0.87709,0.88138,1471
2017.06.21,21:00,0.88142,0.88287,0.87856,0.87934,655
2017.06.22,21:00,0.87934,0.88054,0.87634,0.88020,755
2017.06.24,21:00,0.87920,0.88009,0.87832,0.87918,353
2017.06.25,21:00,0.87918,0.88081,0.87726,0.87888,681
2017.06.26,21:00,0.87888,0.88630,0.87829,0.88484,1007
2017.06.27,21:00,0.88484,0.88804,0.87714,0.88020,1717
2017.06.28,21:00,0.88020,0.88090,0.87798,0.87960,525
2017.06.29,21:00,0.87962,0.88144,0.87637,0.87716,769
2017.07.01,21:00,0.87766,0.87831,0.87728,0.87800,173
2017.07.02,21:00,0.87800,0.87904,0.87570,0.87828,641
2017.07.03,21:00,0.87828,0.87908,0.87634,0.87822,543
2017.07.04,21:00,0.87816,0.88090,0.87618,0.87766,895
2017.07.05,21:00,0.87770,0.88186,0.87562,0.88050,969
2017.07.06,21:00,0.88058,0.88610,0.87968,0.88440,903
2017.07.08,21:00,0.88504,0.88512,0.88440,0.88481,122
2017.07.09,21:00,0.88481,0.88594,0.88330,0.88498,512
2017.07.10,21:00,0.88496,0.89333,0.88148,0.89264,1603
2017.07.11,21:00,0.89254,0.89496,0.88387,0.88576,1541
2017.07.12,21:00,0.88576,0.88744,0.88020,0.88092,965
2017.07.13,21:00,0.88092,0.88174,0.87430,0.87554,951
2017.07.14,21:00,0.87554,0.87554,0.87554,0.87554,1
2017.07.15,21:00,0.87570,0.87614,0.87549,0.87594,107
2017.07.16,21:00,0.87594,0.87980,0.87446,0.87920,743
2017.07.17,21:00,0.87918,0.88990,0.87814,0.88604,1667
2017.07.18,21:00,0.88604,0.88630,0.88288,0.88428,509
2017.07.19,21:00,0.88430,0.89780,0.88328,0.89650,1685
2017.07.20,21:00,0.89652,0.89952,0.89399,0.89734,1025
2017.07.22,21:00,0.89767,0.89818,0.89732,0.89772,168
2017.07.23,21:00,0.89774,0.89848,0.89205,0.89366,879
2017.07.24,21:00,0.89364,0.89597,0.89269,0.89422,599
2017.07.25,21:00,0.89422,0.89552,0.89043,0.89434,1007
2017.07.26,21:00,0.89430,0.89556,0.88910,0.89376,1239
2017.07.27,21:00,0.89376,0.89698,0.89286,0.89458,743
2017.07.29,21:00,0.89487,0.89532,0.89453,0.89503,143
2017.07.30,21:00,0.89503,0.89760,0.89331,0.89610,752
2017.07.31,21:00,0.89612,0.89652,0.89226,0.89378,619
2017.08.01,21:00,0.89378,0.89889,0.89337,0.89660,823
2017.08.02,21:00,0.89660,0.90490,0.89238,0.90342,1823
2017.08.03,21:00,0.90340,0.90550,0.89960,0.90286,1127
2017.08.05,21:00,0.90323,0.90356,0.90228,0.90290,224
2017.08.06,21:00,0.90290,0.90610,0.90238,0.90492,543
2017.08.07,21:00,0.90494,0.90884,0.90370,0.90464,999
2017.08.08,21:00,0.90462,0.90566,0.90090,0.90426,917
2017.08.09,21:00,0.90430,0.90762,0.90080,0.90718,1077
2017.08.10,21:00,0.90718,0.91190,0.90510,0.90882,1197
2017.08.11,21:00,0.90882,0.90882,0.90882,0.90882,1
2017.08.12,21:00,0.90862,0.90980,0.90824,0.90936,239
2017.08.13,21:00,0.90935,0.91019,0.90704,0.90864,560
2017.08.14,21:00,0.90860,0.91332,0.90508,0.91188,1321
2017.08.15,21:00,0.91188,0.91430,0.90829,0.91280,1111
2017.08.16,21:00,0.91280,0.91368,0.90632,0.91104,1297
2017.08.17,21:00,0.91104,0.91495,0.90908,0.91366,913
2017.08.18,21:00,0.91366,0.91366,0.91366,0.91366,1
2017.08.19,21:00,0.91403,0.91473,0.91376,0.91432,166
2017.08.20,21:00,0.91433,0.91620,0.91110,0.91590,864
2017.08.21,21:00,0.91586,0.91771,0.91540,0.91722,327
2017.08.22,21:00,0.91722,0.92366,0.91606,0.92244,999
2017.08.23,21:00,0.92242,0.92349,0.91894,0.92176,845
2017.08.24,21:00,0.92176,0.92696,0.91949,0.92568,1103
2017.08.26,21:00,0.92404,0.92464,0.92326,0.92384,257
2017.08.27,21:00,0.92391,0.92681,0.92301,0.92626,526
2017.08.28,21:00,0.92626,0.93066,0.92469,0.92674,1147
2017.08.29,21:00,0.92672,0.92698,0.91931,0.91944,807
2017.08.30,21:00,0.91942,0.92378,0.91858,0.92114,869
2017.08.31,21:00,0.92114,0.92238,0.91486,0.91578,969
2017.09.02,21:00,0.91566,0.91736,0.91566,0.91687,220
2017.09.03,21:00,0.91687,0.92262,0.91612,0.91976,1012
2017.09.04,21:00,0.91976,0.92132,0.91324,0.91418,1059
2017.09.05,21:00,0.91418,0.91647,0.91239,0.91366,765
2017.09.06,21:00,0.91372,0.92030,0.91182,0.91770,1299
2017.09.07,21:00,0.91776,0.92034,0.91094,0.91196,1301
2017.09.09,21:00,0.91235,0.91235,0.91100,0.91152,188
2017.09.10,21:00,0.91152,0.91230,0.90753,0.90800,603
2017.09.11,21:00,0.90800,0.90830,0.89828,0.90088,1293
2017.09.12,21:00,0.90088,0.90387,0.89827,0.89972,1005
2017.09.13,21:00,0.89970,0.90472,0.88664,0.88958,2605
2017.09.14,21:00,0.88958,0.89080,0.87742,0.87896,1615
2017.09.16,21:00,0.87824,0.88020,0.87824,0.87904,313
2017.09.17,21:00,0.87906,0.88633,0.87786,0.88578,1023
2017.09.18,21:00,0.88578,0.88994,0.88432,0.88784,919
2017.09.19,21:00,0.88786,0.88890,0.87958,0.88132,1211
2017.09.20,21:00,0.88128,0.88343,0.87833,0.87938,831
2017.09.21,21:00,0.87940,0.88860,0.87890,0.88554,1327
2017.09.23,21:00,0.88616,0.88616,0.88197,0.88220,443
2017.09.24,21:00,0.88220,0.88399,0.87751,0.87972,1049
2017.09.25,21:00,0.87976,0.88028,0.87542,0.87626,623
2017.09.26,21:00,0.87622,0.87998,0.87460,0.87738,961
2017.09.27,21:00,0.87738,0.88098,0.87598,0.87684,947
2017.09.28,21:00,0.87684,0.88420,0.87656,0.88178,1035
2017.09.29,21:00,0.88178,0.88178,0.88178,0.88178,1
2017.09.30,21:00,0.88178,0.88216,0.88096,0.88184,235
2017.10.01,21:00,0.88184,0.88684,0.88012,0.88374,1155
2017.10.02,21:00,0.88376,0.88816,0.88220,0.88718,851
2017.10.03,21:00,0.88718,0.88812,0.88500,0.88762,581
2017.10.04,21:00,0.88760,0.89338,0.88754,0.89270,659
2017.10.05,21:00,0.89272,0.89926,0.89250,0.89772,853
2017.10.07,21:00,0.89482,0.89614,0.89452,0.89558,249
2017.10.08,21:00,0.89555,0.89770,0.89064,0.89342,1200
2017.10.09,21:00,0.89342,0.89546,0.89252,0.89432,499
2017.10.10,21:00,0.89432,0.89888,0.89392,0.89682,743
2017.10.11,21:00,0.89682,0.90332,0.89144,0.89192,1887
2017.10.12,21:00,0.89192,0.89317,0.88760,0.88974,897
2017.10.14,21:00,0.88800,0.88882,0.88753,0.88836,223
2017.10.15,21:00,0.88836,0.89230,0.88562,0.89020,1153
2017.10.16,21:00,0.89020,0.89304,0.88574,0.89204,1277
2017.10.17,21:00,0.89204,0.89470,0.88984,0.89266,911
2017.10.18,21:00,0.89266,0.90128,0.89247,0.90064,965
2017.10.19,21:00,0.90064,0.90228,0.89240,0.89338,1251
2017.10.21,21:00,0.89212,0.89258,0.89200,0.89231,98
2017.10.22,21:00,0.89231,0.89294,0.88862,0.89024,658
2017.10.23,21:00,0.89024,0.89764,0.88942,0.89538,1131
2017.10.24,21:00,0.89538,0.89735,0.88798,0.89060,1397
2017.10.25,21:00,0.89060,0.89570,0.88503,0.88522,1597
2017.10.26,21:00,0.88522,0.89016,0.88258,0.88428,1423
2017.10.27,21:00,0.88428,0.88428,0.88428,0.88428,1
2017.10.28,21:00,0.88456,0.88488,0.88362,0.88396,193
2017.10.29,22:00,0.88396,0.88490,0.87930,0.88208,933
2017.10.30,22:00,0.88208,0.88240,0.87646,0.87668,649
2017.10.31,22:00,0.87668,0.87835,0.87330,0.87722,957
2017.11.01,22:00,0.87722,0.89388,0.87668,0.89270,1893
2017.11.02,22:00,0.89270,0.89349,0.88732,0.88769,734
2017.11.04,22:00,0.88858,0.88906,0.88835,0.88868,133
2017.11.05,22:00,0.88867,0.88897,0.88102,0.88142,866
2017.11.06,22:00,0.88142,0.88348,0.87914,0.87996,723
2017.11.07,22:00,0.87998,0.88628,0.87984,0.88398,889
2017.11.08,22:00,0.88398,0.88772,0.88244,0.88556,899
2017.11.09,22:00,0.88556,0.88749,0.88118,0.88436,1143
2017.11.11,22:00,0.88424,0.88584,0.88400,0.88558,235
2017.11.12,22:00,0.88558,0.89230,0.88453,0.88956,1157
2017.11.13,22:00,0.88958,0.89748,0.88894,0.89616,1051
2017.11.14,22:00,0.89612,0.90148,0.89505,0.89518,1193
2017.11.15,22:00,0.89520,0.89678,0.89114,0.89206,815
2017.11.16,22:00,0.89206,0.89543,0.88980,0.89234,1099
2017.11.18,22:00,0.89219,0.89278,0.89142,0.89172,226
2017.11.19,22:00,0.89172,0.89246,0.88566,0.88654,843
2017.11.20,22:00,0.88654,0.88858,0.88420,0.88664,867
2017.11.21,22:00,0.88664,0.88918,0.88541,0.88716,703
2017.11.22,22:00,0.88716,0.89120,0.88671,0.89044,571
2017.11.23,22:00,0.89043,0.89624,0.88928,0.89454,982
2017.11.25,22:00,0.89617,0.89630,0.89432,0.89510,290
2017.11.26,22:00,0.89520,0.89673,0.89246,0.89342,677
2017.11.27,22:00,0.89340,0.89820,0.88469,0.88760,2123
2017.11.28,22:00,0.88766,0.88794,0.88170,0.88356,839
2017.11.29,22:00,0.88352,0.88394,0.87766,0.88012,917
2017.11.30,22:00,0.88020,0.88442,0.87888,0.88308,821
2017.12.02,22:00,0.88240,0.88329,0.88100,0.88126,345
2017.12.03,22:00,0.88200,0.88351,0.87557,0.88022,1411
2017.12.04,22:00,0.88024,0.88680,0.87798,0.87974,1715
2017.12.05,22:00,0.87976,0.88536,0.87952,0.88076,1069
2017.12.06,22:00,0.88078,0.88502,0.87336,0.87370,1625
2017.12.07,22:00,0.87370,0.88062,0.86892,0.87838,1873
2017.12.09,22:00,0.87907,0.87954,0.87854,0.87914,194
2017.12.10,22:00,0.87914,0.88451,0.87736,0.88220,1125
2017.12.11,22:00,0.88222,0.88458,0.87912,0.88166,1037
2017.12.12,22:00,0.88172,0.88355,0.87824,0.88124,1015
2017.12.13,22:00,0.88124,0.88467,0.87606,0.87692,1291
2017.12.14,22:00,0.87692,0.88600,0.87610,0.88212,1461
2017.12.16,22:00,0.88148,0.88264,0.88142,0.88214,179
2017.12.17,22:00,0.88214,0.88408,0.87926,0.88034,785
2017.12.18,22:00,0.88034,0.88670,0.88018,0.88450,889
2017.12.19,22:00,0.88448,0.88797,0.88286,0.88750,721
2017.12.20,22:00,0.88750,0.88906,0.88678,0.88706,413
2017.12.21,22:00,0.88708,0.88877,0.88358,0.88772,975
2017.12.25,22:00,0.88769,0.88934,0.88640,0.88666,486
2017.12.26,22:00,0.88668,0.88874,0.88540,0.88722,615
2017.12.27,22:00,0.88722,0.88938,0.88660,0.88836,443
2017.12.28,22:00,0.88854,0.88936,0.88576,0.88816,683
2018.01.01,22:00,0.88902,0.89182,0.88590,0.88732,1015
2018.01.02,22:00,0.88734,0.89002,0.88480,0.88894,885
2018.01.03,22:00,0.88894,0.89246,0.88808,0.89058,713
2018.01.04,22:00,0.89054,0.89120,0.88625,0.88650,587
2018.01.06,22:00,0.88682,0.88720,0.88634,0.88690,165
2018.01.07,22:00,0.88690,0.88780,0.88152,0.88200,767
2018.01.08,22:00,0.88200,0.88342,0.88088,0.88160,469
2018.01.09,22:00,0.88160,0.88728,0.88132,0.88456,897
2018.01.10,22:00,0.88450,0.89128,0.88436,0.88872,963
2018.01.11,22:00,0.88872,0.89290,0.88558,0.88870,1463
2018.01.13,22:00,0.88781,0.88838,0.88746,0.88814,152
2018.01.14,22:00,0.88810,0.89100,0.88727,0.88908,649
2018.01.15,22:00,0.88909,0.89016,0.88622,0.88894,774
2018.01.16,22:00,0.88898,0.89086,0.88076,0.88102,1225
2018.01.17,22:00,0.88102,0.88376,0.88019,0.88082,695
2018.01.18,22:00,0.88084,0.88458,0.88036,0.88214,715
2018.01.20,22:00,0.88357,0.88362,0.88280,0.88311,119
2018.01.21,22:00,0.88311,0.88350,0.87620,0.87666,816
2018.01.22,22:00,0.87666,0.87956,0.87616,0.87850,497
2018.01.23,22:00,0.87850,0.87876,0.86987,0.87116,1045
2018.01.24,22:00,0.87116,0.87854,0.86871,0.87648,1435
2018.01.25,22:00,0.87644,0.87862,0.87235,0.87762,1137
2018.01.27,22:00,0.87843,0.87930,0.87834,0.87896,140
2018.01.28,22:00,0.87895,0.88164,0.87670,0.87982,902
2018.01.29,22:00,0.87984,0.88336,0.87539,0.87674,1285
2018.01.30,22:00,0.87672,0.88164,0.87422,0.87472,1285
2018.01.31,22:00,0.87472,0.87748,0.87162,0.87698,947
2018.02.01,22:00,0.87698,0.88286,0.87568,0.88240,895
2018.02.03,22:00,0.88158,0.88233,0.88086,0.88206,247
2018.02.04,22:00,0.88208,0.88734,0.88118,0.88596,845
2018.02.05,22:00,0.88596,0.89114,0.88553,0.88736,983
2018.02.06,22:00,0.88734,0.88984,0.88330,0.88350,925
2018.02.07,22:00,0.88350,0.88419,0.87322,0.88028,1873
2018.02.08,22:00,0.88028,0.88796,0.87786,0.88572,1477
2018.02.10,22:00,0.88646,0.88704,0.88618,0.88660,159
2018.02.11,22:00,0.88660,0.88924,0.88434,0.88832,809
2018.02.12,22:00,0.88830,0.89104,0.88576,0.88904,983
2018.02.13,22:00,0.88904,0.89200,0.88744,0.88938,879
2018.02.14,22:00,0.88934,0.89022,0.88582,0.88704,651
2018.02.15,22:00,0.88702,0.88892,0.88386,0.88444,755
2018.02.17,22:00,0.88488,0.88514,0.88454,0.88482,115
2018.02.18,22:00,0.88482,0.88694,0.88447,0.88630,347
2018.02.19,22:00,0.88632,0.88704,0.88051,0.88154,829
2018.02.20,22:00,0.88152,0.88579,0.88056,0.88254,945
2018.02.21,22:00,0.88254,0.88634,0.88227,0.88354,715
2018.02.22,22:00,0.88352,0.88388,0.87864,0.88032,729
2018.02.24,22:00,0.87948,0.87984,0.87864,0.87886,179
2018.02.25,22:00,0.87886,0.88234,0.87714,0.88184,743
2018.02.26,22:00,0.88186,0.88444,0.87868,0.87952,919
2018.02.27,22:00,0.87954,0.88668,0.87792,0.88620,1087
2018.02.28,22:00,0.88614,0.89092,0.88370,0.89042,1017
2018.03.01,22:00,0.89046,0.89518,0.88960,0.89246,917
2018.03.03,22:00,0.89468,0.89486,0.89339,0.89424,251
2018.03.04,22:00,0.89424,0.89528,0.88848,0.89074,1011
2018.03.05,22:00,0.89076,0.89442,0.89056,0.89316,533
2018.03.06,22:00,0.89318,0.89680,0.89193,0.89326,967
2018.03.07,22:00,0.89322,0.89572,0.89062,0.89146,845
2018.03.08,22:00,0.89146,0.89266,0.88750,0.88868,755
2018.03.10,22:00,0.88902,0.88930,0.88838,0.88888,171
2018.03.11,22:00,0.88888,0.88970,0.88496,0.88710,771
2018.03.12,22:00,0.88710,0.88864,0.88514,0.88732,679
2018.03.13,22:00,0.88728,0.88796,0.88446,0.88570,543
2018.03.14,22:00,0.88566,0.88738,0.88238,0.88282,717
2018.03.15,22:00,0.88284,0.88392,0.88086,0.88161,490
2018.03.17,22:00,0.88126,0.88176,0.88082,0.88134,181
2018.03.18,22:00,0.88136,0.88166,0.87450,0.87942,1239
2018.03.19,22:00,0.87942,0.87996,0.87438,0.87448,623
2018.03.20,22:00,0.87452,0.87588,0.87074,0.87274,851
2018.03.21,22:00,0.87280,0.87420,0.86680,0.87254,1455
2018.03.22,22:00,0.87260,0.87538,0.87094,0.87408,741
2018.03.24,22:00,0.87307,0.87395,0.87306,0.87358,128
2018.03.25,21:00,0.87358,0.87626,0.87168,0.87460,815
2018.03.26,21:00,0.87458,0.87976,0.87446,0.87606,913
2018.03.27,21:00,0.87608,0.87682,0.87338,0.87436,517
2018.03.28,21:00,0.87434,0.87762,0.87406,0.87746,401
2018.03.29,21:00,0.87752,0.87820,0.87640,0.87740,349
2018.04.01,21:00,0.87836,0.87882,0.87512,0.87594,499
2018.04.02,21:00,0.87594,0.87643,0.87132,0.87290,719
2018.04.03,21:00,0.87294,0.87590,0.87150,0.87202,789
2018.04.04,21:00,0.87202,0.87502,0.87158,0.87410,481
2018.04.05,21:00,0.87410,0.87502,0.87011,0.87170,743
2018.04.07,21:00,0.87138,0.87236,0.87137,0.87192,145
2018.04.08,21:00,0.87192,0.87228,0.86978,0.87188,497
2018.04.09,21:00,0.87188,0.87280,0.86922,0.87164,693
2018.04.10,21:00,0.87164,0.87400,0.87004,0.87234,723
2018.04.11,21:00,0.87234,0.87290,0.86436,0.86636,1111
2018.04.12,21:00,0.86636,0.86670,0.86278,0.86610,759
2018.04.14,21:00,0.86566,0.86598,0.86532,0.86568,131
2018.04.15,21:00,0.86569,0.86694,0.86272,0.86338,614
2018.04.16,21:00,0.86338,0.86608,0.86208,0.86576,563
2018.04.17,21:00,0.86578,0.87224,0.86442,0.87124,1019
2018.04.18,21:00,0.87124,0.87706,0.86888,0.87634,1127
2018.04.19,21:00,0.87634,0.87910,0.87340,0.87768,1007
2018.04.21,21:00,0.87584,0.87684,0.87581,0.87660,131
2018.04.22,21:00,0.87659,0.87765,0.87448,0.87584,560
2018.04.23,21:00,0.87580,0.87668,0.87406,0.87512,457
2018.04.24,21:00,0.87512,0.87529,0.87280,0.87290,277
2018.04.25,21:00,0.87292,0.87506,0.86808,0.86960,1065
2018.04.26,21:00,0.86960,0.88059,0.86828,0.88022,1401
2018.04.28,21:00,0.88038,0.88064,0.88008,0.88026,101
2018.04.29,21:00,0.88027,0.88278,0.87656,0.87772,990
2018.04.30,21:00,0.87772,0.88228,0.87610,0.88086,923
2018.05.01,21:00,0.88086,0.88310,0.87828,0.88030,909
2018.05.02,21:00,0.88030,0.88398,0.88006,0.88312,503
2018.05.03,21:00,0.88312,0.88449,0.88152,0.88378,529
2018.05.05,21:00,0.88348,0.88412,0.88297,0.88332,215
2018.05.06,21:00,0.88332,0.88404,0.87786,0.87940,845
2018.05.07,21:00,0.87940,0.88098,0.87540,0.87580,757
2018.05.08,21:00,0.87578,0.87672,0.87276,0.87456,671
2018.05.09,21:00,0.87456,0.88369,0.87292,0.88136,1475
2018.05.10,21:00,0.88134,0.88269,0.87888,0.88194,703
2018.05.12,21:00,0.88206,0.88218,0.88132,0.88168,135
2018.05.13,21:00,0.88166,0.88274,0.87979,0.87980,405
2018.05.14,21:00,0.87980,0.88178,0.87625,0.87650,777
2018.05.15,21:00,0.87650,0.87830,0.87322,0.87546,913
2018.05.16,21:00,0.87544,0.87596,0.87128,0.87260,653
2018.05.17,21:00,0.87260,0.87536,0.87245,0.87378,465
2018.05.19,21:00,0.87417,0.87474,0.87373,0.87444,176
2018.05.20,21:00,0.87444,0.87856,0.87257,0.87832,811
2018.05.21,21:00,0.87832,0.87891,0.87580,0.87696,487
2018.05.22,21:00,0.87696,0.87968,0.87392,0.87634,1091
2018.05.23,21:00,0.87636,0.87780,0.87380,0.87582,747
2018.05.24,21:00,0.87582,0.87810,0.87414,0.87552,763
2018.05.26,21:00,0.87771,0.87822,0.87711,0.87758,210
2018.05.27,21:00,0.87758,0.87954,0.87252,0.87338,985
2018.05.28,21:00,0.87324,0.87420,0.86978,0.87136,697
2018.05.29,21:00,0.87130,0.87842,0.86980,0.87804,1051
2018.05.30,21:00,0.87800,0.88000,0.87558,0.87934,751
2018.05.31,21:00,0.87932,0.88098,0.87266,0.87362,1095
2018.06.02,21:00,0.87364,0.87421,0.87336,0.87372,163
2018.06.03,21:00,0.87373,0.87884,0.87314,0.87874,640
2018.06.04,21:00,0.87874,0.87896,0.87236,0.87506,953
2018.06.05,21:00,0.87480,0.87878,0.87396,0.87776,669
2018.06.06,21:00,0.87776,0.88380,0.87765,0.87904,1103
2018.06.07,21:00,0.87904,0.88001,0.87590,0.87774,693
2018.06.09,21:00,0.87838,0.87856,0.87754,0.87772,139
2018.06.10,21:00,0.87772,0.88316,0.87757,0.88090,801
2018.06.11,21:00,0.88086,0.88322,0.87698,0.87836,999
2018.06.12,21:00,0.87834,0.88254,0.87808,0.88156,571
2018.06.13,21:00,0.88156,0.88211,0.87204,0.87224,1083
2018.06.14,21:00,0.87228,0.87561,0.87180,0.87432,559
2018.06.16,21:00,0.87400,0.87470,0.87328,0.87354,239
2018.06.17,21:00,0.87355,0.87790,0.87270,0.87758,638
2018.06.18,21:00,0.87758,0.87987,0.87530,0.87972,701
2018.06.19,21:00,0.87974,0.88014,0.87680,0.87844,539
2018.06.20,21:00,0.87844,0.87992,0.87256,0.87624,1253
2018.06.21,21:00,0.87618,0.88058,0.87517,0.87854,847
2018.06.23,21:00,0.87918,0.88073,0.87862,0.88008,333
2018.06.24,21:00,0.88009,0.88194,0.87808,0.88130,652
2018.06.25,21:00,0.88132,0.88230,0.87982,0.88082,447
2018.06.26,21:00,0.88082,0.88284,0.87970,0.88096,615
2018.06.27,21:00,0.88098,0.88708,0.88076,0.88460,903
2018.06.28,21:00,0.88458,0.88906,0.88363,0.88466,1079
2018.06.30,21:00,0.88350,0.88643,0.88288,0.88504,557
2018.07.01,21:00,0.88514,0.88706,0.88329,0.88562,707
2018.07.02,21:00,0.88562,0.88640,0.88292,0.88366,501
2018.07.03,21:00,0.88360,0.88412,0.87996,0.88108,581
2018.07.04,21:00,0.88108,0.88579,0.88052,0.88422,741
2018.07.05,21:00,0.88422,0.88680,0.88354,0.88398,629
2018.07.07,21:00,0.88192,0.88203,0.88114,0.88155,142
2018.07.08,21:00,0.88155,0.89018,0.88115,0.88620,1342
2018.07.09,21:00,0.88620,0.88754,0.88200,0.88474,963
2018.07.10,21:00,0.88474,0.88620,0.88297,0.88398,571
2018.07.11,21:00,0.88398,0.88502,0.88206,0.88380,575
2018.07.12,21:00,0.88380,0.88664,0.88243,0.88312,775
2018.07.14,21:00,0.88396,0.88410,0.88338,0.88372,121
2018.07.15,21:00,0.88372,0.88540,0.88166,0.88484,637
2018.07.16,21:00,0.88484,0.89151,0.88422,0.88916,1027
2018.07.17,21:00,0.88918,0.89320,0.88738,0.89054,1029
2018.07.18,21:00,0.89052,0.89550,0.89017,0.89452,667
2018.07.19,21:00,0.89452,0.89582,0.89190,0.89258,591
2018.07.21,21:00,0.89388,0.89403,0.89294,0.89340,171
2018.07.22,21:00,0.89340,0.89379,0.89106,0.89244,451
2018.07.23,21:00,0.89244,0.89278,0.88854,0.88920,525
2018.07.24,21:00,0.88912,0.89026,0.88725,0.88924,591
2018.07.25,21:00,0.88920,0.88965,0.88648,0.88820,535
2018.07.26,21:00,0.88816,0.89018,0.88738,0.88972,405
2018.07.28,21:00,0.89002,0.89002,0.88850,0.88894,197
2018.07.29,21:00,0.88891,0.89190,0.88796,0.89134,546
2018.07.30,21:00,0.89134,0.89362,0.89040,0.89082,593
2018.07.31,21:00,0.89084,0.89184,0.88820,0.88826,471
2018.08.01,21:00,0.88828,0.89250,0.88548,0.89000,1233
2018.08.02,21:00,0.88998,0.89194,0.88915,0.88976,537
2018.08.04,21:00,0.88944,0.88981,0.88896,0.88928,155
2018.08.05,21:00,0.88928,0.89368,0.88880,0.89258,647
2018.08.06,21:00,0.89258,0.89660,0.89220,0.89642,497
2018.08.07,21:00,0.89644,0.90170,0.89590,0.90134,671
2018.08.08,21:00,0.90134,0.90310,0.89807,0.89886,759
2018.08.09,21:00,0.89886,0.89922,0.89260,0.89380,819
2018.08.11,21:00,0.89200,0.89242,0.89146,0.89189,182
2018.08.12,21:00,0.89189,0.89462,0.89128,0.89348,510
2018.08.13,21:00,0.89350,0.89514,0.88968,0.89152,895
2018.08.14,21:00,0.89152,0.89394,0.89010,0.89354,567
2018.08.15,21:00,0.89352,0.89610,0.89328,0.89488,429
2018.08.16,21:00,0.89484,0.89780,0.89356,0.89724,609
2018.08.18,21:00,0.89752,0.89798,0.89686,0.89742,215
2018.08.19,21:00,0.89742,0.89782,0.89394,0.89726,761
2018.08.20,21:00,0.89726,0.90028,0.89492,0.89686,1033
2018.08.21,21:00,0.89688,0.90052,0.89614,0.89824,741
2018.08.22,21:00,0.89814,0.90232,0.89696,0.90054,833
2018.08.23,00:00,0.89780,0.89861,0.89748,0.89834,1206
2018.08.24,00:00,0.89836,0.90246,0.89743,0.90177,5783
2018.08.27,00:00,0.90288,0.90388,0.90073,0.90322,6610
2018.08.28,00:00,0.90338,0.90712,0.90308,0.90590,6368
2018.08.29,00:00,0.90585,0.90642,0.89550,0.89554,6740
2018.08.30,00:00,0.89556,0.89655,0.89274,0.89389,6620
2018.08.31,00:00,0.89387,0.89607,0.89112,0.89250,5562
2018.09.03,00:00,0.89488,0.90063,0.89438,0.89980,6388
2018.09.04,00:00,0.89982,0.90000,0.89630,0.89845,4364
2018.09.05,00:00,0.89825,0.89889,0.89810,0.89821,1065
2018.09.06,00:00,0.89824,0.89920,0.89473,0.89633,6674
2018.09.07,00:00,0.89635,0.89794,0.88876,0.89152,6050
2018.09.09,00:00,0.89098,0.89157,0.89078,0.89149,677
2018.09.10,00:00,0.89149,0.89303,0.88682,0.88733,6496
2018.09.11,00:00,0.88731,0.89056,0.88545,0.88823,6542
2018.09.12,00:00,0.88819,0.89101,0.88617,0.88854,5677
2018.09.13,00:00,0.88854,0.89034,0.88671,0.88909,6445
2018.09.14,00:00,0.88908,0.89056,0.88647,0.88672,5666
2018.09.16,00:00,0.88621,0.88714,0.88621,0.88657,673
2018.09.17,00:00,0.88659,0.88773,0.88455,0.88499,6553
2018.09.18,00:00,0.88501,0.88820,0.88386,0.88425,6689
2018.09.19,00:00,0.88429,0.88917,0.88351,0.88574,6571
2018.09.20,00:00,0.88572,0.88638,0.88213,0.88471,6520
2018.09.21,00:00,0.88472,0.89682,0.88472,0.89554,5874
2018.09.23,00:00,0.89541,0.89579,0.89475,0.89569,464
2018.09.24,00:00,0.89556,0.89565,0.89083,0.89334,6381
2018.09.25,00:00,0.89340,0.89484,0.88943,0.88982,5849
2018.09.26,00:00,0.88981,0.89191,0.88752,0.88925,6585
2018.09.27,00:00,0.88921,0.89099,0.88581,0.88722,6705
2018.09.28,00:00,0.88719,0.88874,0.88464,0.88795,5682
2018.09.30,00:00,0.88867,0.88885,0.88733,0.88739,764
2018.10.01,00:00,0.88734,0.88882,0.88372,0.88494,6481
2018.10.02,00:00,0.88494,0.88872,0.88406,0.88725,6338
2018.10.03,00:00,0.88723,0.88913,0.88334,0.88422,6924
2018.10.04,00:00,0.88423,0.88489,0.88083,0.88176,6719
2018.10.05,00:00,0.88178,0.88209,0.87509,0.87581,5891
2018.10.07,00:00,0.87524,0.87634,0.87512,0.87529,804
2018.10.08,00:00,0.87523,0.87806,0.87466,0.87529,6592
2018.10.09,00:00,0.87526,0.87648,0.87076,0.87183,6610
2018.10.10,00:00,0.87179,0.87239,0.86971,0.87078,6780
2018.10.11,00:00,0.87071,0.87467,0.87040,0.87322,6993
2018.10.12,00:00,0.87323,0.87682,0.87201,0.87612,6056
2018.10.14,00:00,0.87904,0.87943,0.87839,0.87933,128
2018.10.15,00:00,0.87927,0.87992,0.87714,0.87777,6827
2018.10.16,00:00,0.87776,0.87862,0.87273,0.87523,6553
2018.10.17,00:00,0.87545,0.87786,0.87391,0.87424,6647
2018.10.18,00:00,0.87427,0.87800,0.87427,0.87718,6911
2018.10.19,00:00,0.87719,0.88064,0.87499,0.87853,6724
2018.10.22,00:00,0.87820,0.88296,0.87798,0.88154,6611
2018.10.23,00:00,0.88178,0.88209,0.87735,0.88086,6655
2018.10.24,00:00,0.88092,0.88219,0.87892,0.88161,6611
2018.10.25,00:00,0.88172,0.88564,0.88053,0.88481,6834
2018.10.26,00:00,0.88483,0.88696,0.88354,0.88609,6973
2018.10.29,00:00,0.88579,0.88736,0.88418,0.88629,6846
2018.10.30,00:00,0.88626,0.89125,0.88538,0.89009,6576
2018.10.31,00:00,0.89028,0.89056,0.88172,0.88343,6624
2018.11.01,00:00,0.88346,0.88380,0.87346,0.87469,7013
2018.11.02,00:00,0.87420,0.87735,0.87412,0.87559,6640
2018.11.05,00:00,0.87171,0.87460,0.87111,0.87225,6607
2018.11.06,00:00,0.87229,0.87275,0.86879,0.86913,6480
2018.11.07,00:00,0.86915,0.87201,0.86810,0.86817,7326
2018.11.08,00:00,0.86810,0.87110,0.86687,0.86718,6873
2018.11.09,00:00,0.86717,0.87182,0.86657,0.87158,6928
2018.11.10,00:00,0.87153,0.87153,0.87089,0.87116,87
2018.11.12,00:00,0.87275,0.87468,0.86840,0.87043,6884
2018.11.13,00:00,0.87044,0.87154,0.86309,0.86775,7206
2018.11.14,00:00,0.86720,0.87311,0.86417,0.86810,7522
2018.11.15,00:00,0.86800,0.88621,0.86726,0.88415,7572
2018.11.16,00:00,0.88401,0.88777,0.87997,0.88702,7427
2018.11.19,00:00,0.88696,0.89024,0.88412,0.88841,6620
2018.11.20,00:00,0.88854,0.88959,0.88489,0.88652,7193
2018.11.21,00:00,0.88650,0.88966,0.88587,0.88839,6983
2018.11.22,00:00,0.88833,0.88956,0.88168,0.88286,7048
2018.11.23,00:00,0.88283,0.88495,0.88123,0.88218,6886
2018.11.26,00:00,0.88162,0.88422,0.88104,0.88164,6701
2018.11.27,00:00,0.88033,0.88612,0.88033,0.88349,7073
2018.11.28,00:00,0.88299,0.88486,0.87843,0.88367,7085
2018.11.29,00:00,0.88364,0.88934,0.88339,0.88830,6982
2018.11.30,00:00,0.88812,0.88976,0.88341,0.88500,7045
2018.12.03,00:00,0.88712,0.88983,0.88367,0.88966,6960
2018.12.04,00:00,0.88964,0.89178,0.88631,0.88899,7391
2018.12.05,00:00,0.88905,0.89050,0.88486,0.88824,7270
2018.12.06,00:00,0.88823,0.89006,0.88610,0.88733,7431
2018.12.07,00:00,0.88726,0.89408,0.88641,0.89219,7370
2018.12.10,00:00,0.89379,0.90598,0.89331,0.90128,7381
2018.12.11,00:00,0.90138,0.90423,0.89798,0.90348,7454
2018.12.12,00:00,0.90355,0.90414,0.89430,0.89750,7537
2018.12.13,00:00,0.89754,0.89875,0.89257,0.89462,7275
2018.12.14,00:00,0.89482,0.89778,0.89345,0.89579,7331
2018.12.17,00:00,0.89411,0.89764,0.89411,0.89694,7169
2018.12.18,00:00,0.89661,0.89834,0.89375,0.89616,7324
2018.12.19,00:00,0.89613,0.90139,0.89556,0.89945,7502
2018.12.20,00:00,0.89948,0.90274,0.89794,0.90157,7553
2018.12.21,00:00,0.90168,0.90232,0.89574,0.89754,7665
2018.12.24,00:00,0.89631,0.89994,0.89378,0.89480,6143
2018.12.26,00:00,0.89725,0.89809,0.89401,0.89597,6992
2018.12.27,00:00,0.89595,0.90320,0.89418,0.90137,7762
2018.12.28,00:00,0.90131,0.90326,0.89772,0.89843,7594
2018.12.31,00:00,0.89794,0.89946,0.89009,0.89617,7274
2019.01.01,00:00,0.89641,0.89641,0.89641,0.89641,1
2019.01.02,00:00,0.89660,0.90045,0.89546,0.89695,7257
2019.01.03,00:00,0.89723,0.90815,0.89594,0.89904,7809
2019.01.04,00:00,0.89934,0.90025,0.89176,0.89313,7527
2019.01.07,00:00,0.89291,0.89646,0.89261,0.89523,7289
2019.01.08,00:00,0.89527,0.89789,0.89216,0.89720,7258
2019.01.09,00:00,0.89697,0.90140,0.89485,0.89979,7488
2019.01.10,00:00,0.89978,0.90325,0.89857,0.89920,7360
2019.01.11,00:00,0.89923,0.90345,0.88958,0.89070,7309
2019.01.14,00:00,0.88885,0.89254,0.88488,0.88865,7346
2019.01.15,00:00,0.88878,0.89563,0.88285,0.88477,7416
2019.01.16,00:00,0.88487,0.88629,0.88127,0.88182,7462
2019.01.17,00:00,0.88151,0.88429,0.87376,0.87437,7430
2019.01.18,00:00,0.87436,0.88119,0.87404,0.88000,7225
2019.01.21,00:00,0.87977,0.88358,0.87805,0.87892,7026
2019.01.22,00:00,0.87888,0.88023,0.87347,0.87412,7088
2019.01.23,00:00,0.87410,0.87553,0.86727,0.86823,6904
2019.01.24,00:00,0.86822,0.86989,0.86263,0.86282,6930
2019.01.25,00:00,0.86270,0.86556,0.85923,0.86166,7292
2019.01.28,00:00,0.86206,0.86691,0.86104,0.86588,6833
2019.01.29,00:00,0.86596,0.87296,0.86308,0.87230,7055
2019.01.30,00:00,0.87238,0.87373,0.86891,0.87271,7108
2019.01.31,00:00,0.87256,0.87401,0.86857,0.87056,6920
2019.02.01,00:00,0.87065,0.87665,0.87010,0.87321,6961
2019.02.04,00:00,0.87348,0.87485,0.87010,0.87474,6694
2019.02.05,00:00,0.87468,0.87953,0.87237,0.87813,6637
2019.02.06,00:00,0.87849,0.87851,0.87471,0.87606,6790
2019.02.07,00:00,0.87602,0.87873,0.87035,0.87295,6909
2019.02.08,00:00,0.87293,0.87386,0.87161,0.87221,6549
2019.02.11,00:00,0.87259,0.87495,0.87192,0.87410,6584
2019.02.12,00:00,0.87437,0.87630,0.87303,0.87591,6541
2019.02.13,00:00,0.87590,0.87663,0.87176,0.87402,6653
2019.02.14,00:00,0.87398,0.88134,0.87304,0.87988,6760
2019.02.15,00:00,0.87953,0.88011,0.87273,0.87369,6704
2019.02.18,00:00,0.87205,0.87414,0.87160,0.87256,6723
2019.02.19,00:00,0.87260,0.87365,0.86465,0.86554,6487
2019.02.20,00:00,0.86553,0.86883,0.86484,0.86612,5805
2019.02.21,00:00,0.86616,0.86772,0.86405,0.86665,6809
2019.02.22,00:00,0.86673,0.87026,0.86514,0.86563,6670
2019.02.25,00:00,0.86451,0.86728,0.86369,0.86462,6961
2019.02.26,00:00,0.86465,0.86465,0.85386,0.85678,6966
2019.02.27,00:00,0.85686,0.85707,0.85049,0.85168,7031
2019.02.28,00:00,0.85174,0.85600,0.85129,0.85482,6729
2019.03.01,00:00,0.85478,0.85970,0.85458,0.85795,6621
2019.03.04,00:00,0.85656,0.85831,0.85328,0.85785,6546
2019.03.05,00:00,0.85784,0.86193,0.85512,0.85548,6521
2019.03.06,00:00,0.85546,0.85932,0.85544,0.85591,6517
2019.03.07,00:00,0.85593,0.85985,0.85124,0.85300,6644
2019.03.08,00:00,0.85289,0.86283,0.85225,0.86061,6733
2019.03.11,00:00,0.86261,0.86497,0.85007,0.85026,6971
2019.03.12,00:00,0.85030,0.86276,0.84517,0.86082,7121
2019.03.13,00:00,0.86080,0.86141,0.84482,0.84837,6908
2019.03.14,00:00,0.84828,0.85351,0.84737,0.85002,7443
2019.03.15,00:00,0.84998,0.85480,0.84836,0.84958,6795
2019.03.18,00:00,0.84909,0.85692,0.84856,0.85320,6994
2019.03.19,00:00,0.85312,0.85438,0.85097,0.85301,6551
2019.03.20,00:00,0.85295,0.86395,0.85254,0.86227,7088
2019.03.21,00:00,0.86237,0.86965,0.86120,0.86511,7460
2019.03.22,00:00,0.86522,0.86584,0.85076,0.85299,7372
2019.03.25,00:00,0.85194,0.85725,0.85167,0.85452,7247
2019.03.26,00:00,0.85457,0.85682,0.84937,0.85058,7367
2019.03.27,00:00,0.85055,0.85251,0.84589,0.84986,7575
2019.03.28,00:00,0.84988,0.85833,0.84872,0.85784,7595
2019.03.29,00:00,0.85777,0.86228,0.85281,0.85803,7498
2019.04.01,00:00,0.85846,0.86007,0.84999,0.85320,7149
2019.04.02,00:00,0.85327,0.85815,0.84939,0.85068,7241
2019.04.03,00:00,0.85050,0.85307,0.84777,0.85099,7280
2019.04.04,00:00,0.85100,0.85674,0.84939,0.85568,7174
2019.04.05,00:00,0.85557,0.86106,0.85322,0.85769,7190
2019.04.08,00:00,0.85762,0.86192,0.85650,0.85963,7125
2019.04.09,00:00,0.85980,0.86256,0.85694,0.86042,7224
2019.04.10,00:00,0.86040,0.86086,0.85658,0.85874,7082
2019.04.11,00:00,0.85859,0.86072,0.85791,0.85952,7071
2019.04.12,00:00,0.85942,0.86446,0.85930,0.86407,39521
2019.04.15,00:00,0.86363,0.86488,0.86183,0.86267,87788
2019.04.16,00:00,0.86242,0.86595,0.86218,0.86426,105663
2019.04.17,00:00,0.86417,0.86803,0.86400,0.86546,101053
2019.04.18,00:00,0.86556,0.86659,0.86324,0.86410,125000
2019.04.19,00:00,0.86368,0.86561,0.86365,0.86502,59916
2019.04.22,00:00,0.86478,0.86756,0.86433,0.86690,51051
2019.04.23,00:00,0.86674,0.86813,0.86351,0.86760,91056
2019.04.24,00:00,0.86748,0.86787,0.86300,0.86426,108636
2019.04.25,00:00,0.86397,0.86540,0.86252,0.86288,103743
2019.04.26,00:00,0.86266,0.86388,0.86188,0.86257,108714
2019.04.29,00:00,0.86190,0.86490,0.86172,0.86475,74658
2019.04.30,00:00,0.86402,0.86500,0.85905,0.86031,86714
2019.05.01,00:00,0.86011,0.86056,0.85769,0.85777,86550
2019.05.02,00:00,0.85780,0.85969,0.85654,0.85697,93101
2019.05.03,00:00,0.85673,0.85864,0.84949,0.84988,92163
2019.05.06,00:00,0.84943,0.85563,0.84863,0.85489,100065
2019.05.07,00:00,0.85475,0.85804,0.85371,0.85576,94653
2019.05.08,00:00,0.85545,0.86233,0.85511,0.86033,118165
2019.05.09,00:00,0.86026,0.86481,0.85963,0.86178,108721
2019.05.10,00:00,0.86127,0.86415,0.86082,0.86340,100468
2019.05.13,00:00,0.86373,0.86801,0.86238,0.86592,86689
2019.05.14,00:00,0.86588,0.86914,0.86508,0.86799,87997
2019.05.15,00:00,0.86792,0.87357,0.86679,0.87186,97150
2019.05.16,00:00,0.87164,0.87476,0.87113,0.87283,84532
2019.05.17,00:00,0.87279,0.87779,0.87235,0.87675,90151
2019.05.20,00:00,0.87599,0.87841,0.87486,0.87730,70128
2019.05.21,00:00,0.87709,0.87893,0.87238,0.87821,76455
2019.05.22,00:00,0.87797,0.88394,0.87715,0.88044,86004
2019.05.23,00:00,0.88003,0.88377,0.87896,0.88322,102085
2019.05.24,00:00,0.88321,0.88493,0.88011,0.88068,93043
2019.05.27,00:00,0.88041,0.88346,0.87896,0.88235,88373
2019.05.28,00:00,0.88234,0.88410,0.88052,0.88191,88865
2019.05.29,00:00,0.88199,0.88318,0.87979,0.88131,82976
2019.05.30,00:00,0.88137,0.88403,0.88075,0.88230,71444
2019.05.31,00:00,0.88226,0.88744,0.88216,0.88393,96403
2019.06.03,00:00,0.88309,0.88876,0.88244,0.88750,92431
2019.06.04,00:00,0.88747,0.89013,0.88518,0.88591,105661
2019.06.05,00:00,0.88582,0.88777,0.88411,0.88443,107785
2019.06.06,00:00,0.88404,0.88901,0.88265,0.88801,110215
2019.06.07,00:00,0.88762,0.89008,0.88494,0.88944,97882
2019.06.10,00:00,0.88824,0.89296,0.88798,0.89157,80526
2019.06.11,00:00,0.89157,0.89323,0.88905,0.88979,93477
2019.06.12,00:00,0.88969,0.89154,0.88717,0.88947,100524
2019.06.13,00:00,0.88950,0.89194,0.88771,0.88959,85877
2019.06.14,00:00,0.88944,0.89174,0.88898,0.88968,99020
2019.06.17,00:00,0.89083,0.89503,0.88910,0.89485,69095
2019.06.18,00:00,0.89482,0.89741,0.89099,0.89124,108060
2019.06.19,00:00,0.89116,0.89259,0.88705,0.88769,98470
2019.06.20,00:00,0.88776,0.89226,0.88721,0.88858,119970
2019.06.21,00:00,0.88870,0.89449,0.88816,0.89176,114246
2019.06.24,00:00,0.89240,0.89603,0.89174,0.89455,91939
2019.06.25,00:00,0.89406,0.89628,0.89156,0.89540,118999
2019.06.26,00:00,0.89533,0.89759,0.89404,0.89569,121655
2019.06.27,00:00,0.89549,0.89810,0.89363,0.89714,113400
2019.06.28,00:00,0.89644,0.89909,0.89398,0.89532,106725
2019.07.01,00:00,0.89424,0.89798,0.89240,0.89258,115894
2019.07.02,00:00,0.89253,0.89723,0.89192,0.89593,100771
2019.07.03,00:00,0.89594,0.89892,0.89582,0.89657,93647
2019.07.04,00:00,0.89636,0.89772,0.89576,0.89685,65339
2019.07.05,00:00,0.89679,0.89838,0.89544,0.89544,98839
2019.07.08,00:00,0.89544,0.89729,0.89532,0.89581,72911
2019.07.09,00:00,0.89559,0.90016,0.89540,0.89910,82685
2019.07.10,00:00,0.89867,0.90098,0.89832,0.89965,106832
2019.07.11,00:00,0.89937,0.90052,0.89658,0.89831,105702
2019.07.12,00:00,0.89809,0.89897,0.89553,0.89576,100151
2019.07.15,00:00,0.89576,0.90001,0.89537,0.89931,77471
2019.07.16,00:00,0.89931,0.90466,0.89919,0.90326,101261
2019.07.17,00:00,0.90326,0.90506,0.90143,0.90259,92146
2019.07.18,00:00,0.90249,0.90382,0.89787,0.89849,110297
2019.07.19,00:00,0.89838,0.89974,0.89560,0.89687,95881
2019.07.22,00:00,0.89722,0.89998,0.89558,0.89817,78702
2019.07.23,00:00,0.89813,0.90048,0.89525,0.89638,92062
2019.07.24,00:00,0.89629,0.89677,0.89052,0.89223,89723
2019.07.25,00:00,0.89225,0.89587,0.88910,0.89433,110218
2019.07.26,00:00,0.89426,0.89866,0.89424,0.89823,80992
2019.07.29,00:00,0.89866,0.91220,0.89788,0.91188,82767
2019.07.30,00:00,0.91184,0.91896,0.91095,0.91778,111717
2019.07.31,00:00,0.91769,0.91804,0.90885,0.91054,128779
2019.08.01,00:00,0.91046,0.91477,0.90948,0.91309,154494
2019.08.02,00:00,0.91336,0.91699,0.91191,0.91261,161030
2019.08.05,00:00,0.91402,0.92296,0.91281,0.92241,150148
2019.08.06,00:00,0.92232,0.92497,0.91549,0.92015,147219
2019.08.07,00:00,0.91961,0.92480,0.91879,0.92197,159060
2019.08.08,00:00,0.92186,0.92650,0.92065,0.92102,125149
2019.08.09,00:00,0.92103,0.93165,0.92019,0.93040,117984
2019.08.12,00:00,0.92851,0.93241,0.92464,0.92841,136991
2019.08.13,00:00,0.92832,0.92940,0.92401,0.92608,153726
2019.08.14,00:00,0.92598,0.92755,0.92287,0.92342,149072
2019.08.15,00:00,0.92336,0.92505,0.91542,0.91858,161436
2019.08.16,00:00,0.91859,0.91939,0.90900,0.91280,130632
2019.08.19,00:00,0.91231,0.91692,0.91112,0.91334,100490
2019.08.20,00:00,0.91333,0.91832,0.90988,0.91179,111467
2019.08.21,00:00,0.91151,0.91614,0.91131,0.91415,101900
2019.08.22,00:00,0.91320,0.91560,0.90270,0.90396,127564
2019.08.23,00:00,0.90398,0.90933,0.90319,0.90585,143201
2019.08.26,00:00,0.90877,0.91085,0.90618,0.90825,168443
2019.08.27,00:00,0.90835,0.90943,0.90151,0.90210,123912
2019.08.28,00:00,0.90200,0.91225,0.90190,0.90658,133356
2019.08.29,00:00,0.90862,0.90938,0.90508,0.90740,129064
2019.08.30,00:00,0.90735,0.90836,0.90192,0.90294,126533
2019.09.02,00:00,0.90393,0.91085,0.90253,0.90848,85978
2019.09.03,00:00,0.90843,0.91477,0.90465,0.90758,144335
2019.09.04,00:00,0.90749,0.90814,0.90008,0.90045,130464
2019.09.05,00:00,0.90047,0.90301,0.89453,0.89471,136111
2019.09.06,00:00,0.89404,0.89855,0.89380,0.89704,117886
2019.09.09,00:00,0.89819,0.90142,0.89038,0.89471,100914
2019.09.10,00:00,0.89453,0.89737,0.89208,0.89347,100071
2019.09.11,00:00,0.89329,0.89510,0.89045,0.89280,99071
2019.09.12,00:00,0.89264,0.89723,0.88678,0.89672,116032
2019.09.13,00:00,0.89404,0.89740,0.88517,0.88527,109098
2019.09.16,00:00,0.88704,0.89014,0.88462,0.88479,89795
2019.09.17,00:00,0.88462,0.88886,0.88378,0.88567,101900
2019.09.18,00:00,0.88560,0.88803,0.88193,0.88424,102573
2019.09.19,00:00,0.88393,0.88937,0.88035,0.88142,112262
2019.09.20,00:00,0.88119,0.88449,0.87858,0.88230,110935
2019.09.23,00:00,0.88263,0.88549,0.88142,0.88414,98707
2019.09.24,00:00,0.88379,0.88521,0.88033,0.88186,106081
2019.09.25,00:00,0.88152,0.88801,0.88092,0.88572,107153
2019.09.26,00:00,0.88545,0.88859,0.88443,0.88591,100734
2019.09.27,00:00,0.88587,0.89036,0.88459,0.88972,93975
2019.09.30,00:00,0.88930,0.89042,0.88309,0.88606,89614
2019.10.01,00:00,0.88594,0.89361,0.88458,0.88800,114081
2019.10.02,00:00,0.88772,0.89240,0.88757,0.89072,109613
2019.10.03,00:00,0.89038,0.89216,0.88466,0.88898,121648
2019.10.04,00:00,0.88845,0.89372,0.88743,0.88931,103390
2019.10.07,00:00,0.89131,0.89274,0.89009,0.89234,92075
2019.10.08,00:00,0.89216,0.89994,0.89196,0.89651,117759
2019.10.09,00:00,0.89644,0.89944,0.89377,0.89877,102629
2019.10.10,00:00,0.89835,0.90187,0.88299,0.88403,152811
2019.10.11,00:00,0.88396,0.88682,0.86945,0.87195,169808
2019.10.14,00:00,0.87287,0.88104,0.87146,0.87434,135165
2019.10.15,00:00,0.87433,0.87503,0.86233,0.86240,173870
2019.10.16,00:00,0.86232,0.87147,0.85963,0.86244,174978
2019.10.17,00:00,0.86232,0.87023,0.85738,0.86279,170598
2019.10.18,00:00,0.86267,0.86630,0.85941,0.85989,136400
2019.10.21,00:00,0.86133,0.86603,0.85776,0.86030,118863
2019.10.22,00:00,0.86017,0.86444,0.85757,0.86406,123658
2019.10.23,00:00,0.86407,0.86595,0.86140,0.86161,112254
2019.10.24,00:00,0.86151,0.86757,0.85995,0.86383,109284
2019.10.25,00:00,0.86353,0.86701,0.86295,0.86338,82509
2019.10.28,00:00,0.86366,0.86520,0.86153,0.86293,80959
2019.10.29,00:00,0.86259,0.86501,0.86076,0.86317,93182
2019.10.30,00:00,0.86335,0.86441,0.86114,0.86423,101303
2019.10.31,00:00,0.86416,0.86460,0.85998,0.86159,111832
2019.11.01,00:00,0.86154,0.86360,0.85946,0.86261,90681
2019.11.04,00:00,0.86355,0.86469,0.86206,0.86395,69596
2019.11.05,00:00,0.86394,0.86445,0.85844,0.85910,94713
2019.11.06,00:00,0.85911,0.86164,0.85897,0.86093,68847
2019.11.07,00:00,0.86091,0.86568,0.86018,0.86193,99841
2019.11.08,00:00,0.86194,0.86298,0.85980,0.86212,76981
2019.11.11,00:00,0.86061,0.86207,0.85574,0.85798,68125
2019.11.12,00:00,0.85784,0.86052,0.85576,0.85691,79037
2019.11.13,00:00,0.85695,0.85889,0.85531,0.85623,78584
2019.11.14,00:00,0.85618,0.85813,0.85444,0.85543,73989
2019.11.15,00:00,0.85538,0.85733,0.85492,0.85604,62973
2019.11.18,00:00,0.85487,0.85597,0.85207,0.85468,66296
2019.11.19,00:00,0.85452,0.85800,0.85370,0.85683,62755
2019.11.20,00:00,0.85681,0.85828,0.85595,0.85664,68958
2019.11.21,00:00,0.85653,0.85800,0.85445,0.85632,66409
2019.11.22,00:00,0.85628,0.86051,0.85566,0.85815,75229
2019.11.25,00:00,0.85645,0.85839,0.85297,0.85362,64168
2019.11.26,00:00,0.85341,0.85794,0.85277,0.85646,66024
2019.11.27,00:00,0.85632,0.85838,0.85086,0.85090,68081
2019.11.28,00:00,0.85094,0.85315,0.84961,0.85229,70391
2019.11.29,00:00,0.85219,0.85423,0.85070,0.85128,67108
2019.12.02,00:00,0.85374,0.85742,0.85146,0.85588,66141
2019.12.03,00:00,0.85586,0.85644,0.85118,0.85254,66390
2019.12.04,00:00,0.85231,0.85294,0.84508,0.84520,81174
2019.12.05,00:00,0.84514,0.84552,0.84297,0.84379,61714
2019.12.06,00:00,0.84373,0.84670,0.84102,0.84120,63412
2019.12.09,00:00,0.84160,0.84260,0.83925,0.84163,56253
2019.12.10,00:00,0.84122,0.84316,0.83966,0.84294,63873
2019.12.11,00:00,0.84272,0.84600,0.84102,0.84339,85204
2019.12.12,00:00,0.84320,0.85086,0.84201,0.84482,112687
2019.12.13,00:00,0.84476,0.84598,0.82762,0.83361,151734
2019.12.16,00:00,0.83410,0.83642,0.83011,0.83555,80414
2019.12.17,00:00,0.83529,0.85099,0.83529,0.84904,102899
2019.12.18,00:00,0.84870,0.85169,0.84828,0.84955,97940
2019.12.19,00:00,0.84951,0.85564,0.84759,0.85452,96945
2019.12.20,00:00,0.85463,0.85510,0.84763,0.85144,75668
2019.12.23,00:00,0.85217,0.85913,0.85045,0.85701,80985
2019.12.24,00:00,0.85700,0.85780,0.85430,0.85499,63480
2019.12.26,00:00,0.85404,0.85550,0.85290,0.85362,39978
2019.12.27,00:00,0.85359,0.85648,0.85082,0.85336,88652
2019.12.30,00:00,0.85328,0.85563,0.85120,0.85386,85817
2019.12.31,00:00,0.85380,0.85487,0.84497,0.84502,86835
2020.01.01,00:00,0.84560,0.84560,0.84560,0.84560,1
2020.01.02,00:00,0.84593,0.85142,0.84579,0.85020,89473
2020.01.03,00:00,0.84996,0.85427,0.84911,0.85253,100286
2020.01.06,00:00,0.85289,0.85446,0.84923,0.85003,80837
2020.01.07,00:00,0.84994,0.85266,0.84648,0.84985,92961
2020.01.08,00:00,0.84976,0.85160,0.84546,0.84789,117682
2020.01.09,00:00,0.84762,0.85327,0.84708,0.84977,87652
2020.01.10,00:00,0.84967,0.85193,0.84788,0.85053,79226
2020.01.13,00:00,0.85262,0.85817,0.85205,0.85692,73306
2020.01.14,00:00,0.85688,0.85958,0.85393,0.85435,85116
2020.01.15,00:00,0.85428,0.85769,0.85369,0.85502,71910
2020.01.16,00:00,0.85500,0.85611,0.85090,0.85132,80091
2020.01.17,00:00,0.85131,0.85325,0.84874,0.85209,80042
2020.01.20,00:00,0.85304,0.85528,0.85203,0.85241,58193
2020.01.21,00:00,0.85249,0.85348,0.84888,0.84897,80652
2020.01.22,00:00,0.84898,0.85006,0.84235,0.84384,86278
2020.01.23,00:00,0.84352,0.84573,0.84165,0.84213,85137
2020.01.24,00:00,0.84198,0.84437,0.83865,0.84298,83260
2020.01.27,00:00,0.84319,0.84489,0.84080,0.84362,71963
2020.01.28,00:00,0.84364,0.84782,0.84315,0.84594,65581
2020.01.29,00:00,0.84592,0.84678,0.84461,0.84544,56538
2020.01.30,00:00,0.84527,0.84870,0.84117,0.84229,77421
2020.01.31,00:00,0.84226,0.84308,0.83866,0.83973,82435
2020.02.03,00:00,0.84180,0.85175,0.84064,0.85088,83139
2020.02.04,00:00,0.85056,0.85375,0.84637,0.84743,78197
2020.02.05,00:00,0.84734,0.84908,0.84339,0.84572,79399
2020.02.06,00:00,0.84566,0.84967,0.84564,0.84917,68188
2020.02.07,00:00,0.84908,0.84973,0.84613,0.84900,78499
2020.02.10,00:00,0.84866,0.85041,0.84425,0.84469,70545
2020.02.11,00:00,0.84471,0.84584,0.84198,0.84253,69065
2020.02.12,00:00,0.84236,0.84289,0.83813,0.83884,68176
2020.02.13,00:00,0.83867,0.83994,0.82952,0.83104,76709
2020.02.14,00:00,0.83102,0.83437,0.82980,0.82997,65517
2020.02.17,00:00,0.83096,0.83344,0.83028,0.83294,56240
2020.02.18,00:00,0.83279,0.83476,0.82815,0.83014,76314
2020.02.19,00:00,0.83009,0.83674,0.82940,0.83568,69661
2020.02.20,00:00,0.83552,0.84153,0.83548,0.83678,88166
2020.02.21,00:00,0.83692,0.83844,0.83430,0.83672,89148
2020.02.24,00:00,0.83581,0.84068,0.83435,0.83909,103780
2020.02.25,00:00,0.83906,0.84003,0.83377,0.83660,116496
2020.02.26,00:00,0.83653,0.84416,0.83555,0.84316,117334
2020.02.27,00:00,0.84310,0.85420,0.84234,0.85350,146199
2020.02.28,00:00,0.85323,0.86412,0.85205,0.85977,182980
2020.03.02,00:00,0.86401,0.87414,0.85938,0.87274,205456
2020.03.03,00:00,0.87275,0.87429,0.86815,0.87155,193883
2020.03.04,00:00,0.87129,0.87439,0.86482,0.86491,143754
2020.03.05,00:00,0.86482,0.86809,0.86206,0.86721,123590
2020.03.06,00:00,0.86704,0.87174,0.86426,0.86441,207111
2020.03.09,00:00,0.86476,0.87665,0.86476,0.87169,281476
2020.03.10,00:00,0.87144,0.87808,0.86801,0.87351,272530
2020.03.11,00:00,0.87300,0.88471,0.87140,0.87846,222699
2020.03.12,00:00,0.87892,0.89120,0.87697,0.88960,273390
2020.03.13,00:00,0.88933,0.90492,0.88425,0.90384,280538
2020.03.16,00:00,0.90131,0.91491,0.89780,0.91091,338092
2020.03.17,00:00,0.91082,0.91404,0.90639,0.91195,311006
2020.03.18,00:00,0.91189,0.94375,0.90666,0.93861,330400
2020.03.19,00:00,0.93916,0.95019,0.91209,0.93042,354316
2020.03.20,00:00,0.93036,0.93378,0.89947,0.91761,356590
2020.03.23,00:00,0.91596,0.93865,0.91538,0.92864,331980
2020.03.24,00:00,0.92746,0.93255,0.91427,0.91679,297297
2020.03.25,00:00,0.91684,0.92749,0.90542,0.91495,274084
2020.03.26,00:00,0.91558,0.92371,0.90319,0.90356,268594
2020.03.27,00:00,0.90337,0.90918,0.89036,0.89365,269916
2020.03.30,00:00,0.89379,0.89873,0.88652,0.88856,195813
2020.03.31,00:00,0.88921,0.89713,0.88107,0.88760,227947
2020.04.01,00:00,0.88810,0.89103,0.87852,0.88599,181842
2020.04.02,00:00,0.88586,0.88594,0.87385,0.87542,180752
2020.04.03,00:00,0.87540,0.88359,0.87404,0.87985,167302
2020.04.06,00:00,0.88331,0.88543,0.87641,0.88204,159362
2020.04.07,00:00,0.88211,0.88640,0.87999,0.88273,163816
2020.04.08,00:00,0.88248,0.88336,0.87453,0.87605,139860
2020.04.09,00:00,0.87596,0.87867,0.87240,0.87665,157970
2020.04.10,00:00,0.87670,0.87792,0.87537,0.87762,35124
2020.04.13,00:00,0.87878,0.87878,0.87054,0.87201,102698
2020.04.14,00:00,0.87156,0.87384,0.86811,0.86909,133666
2020.04.15,00:00,0.86895,0.87447,0.86886,0.87105,135127
2020.04.16,00:00,0.87053,0.87282,0.86957,0.86993,149592
2020.04.17,00:00,0.86988,0.87210,0.86828,0.86908,144386
2020.04.20,00:00,0.86912,0.87430,0.86880,0.87331,116545
2020.04.21,00:00,0.87306,0.88628,0.87212,0.88280,143123
2020.04.22,00:00,0.88287,0.88365,0.87722,0.87730,115588
2020.04.23,00:00,0.87735,0.87765,0.87078,0.87263,141761
2020.04.24,00:00,0.87269,0.87679,0.87113,0.87448,121991
2020.04.27,00:00,0.87467,0.87504,0.87071,0.87071,108347
2020.04.28,00:00,0.87084,0.87242,0.86882,0.87063,116446
2020.04.29,00:00,0.87028,0.87550,0.86930,0.87155,116723
2020.04.30,00:00,0.87137,0.87420,0.86702,0.86942,147459
2020.05.01,00:00,0.86922,0.87964,0.86883,0.87833,114974
2020.05.04,00:00,0.87823,0.88139,0.87534,0.87613,121192
2020.05.05,00:00,0.87612,0.87643,0.86899,0.87141,122449
2020.05.06,00:00,0.87084,0.87557,0.86970,0.87424,117865
2020.05.07,00:00,0.87362,0.87894,0.87077,0.87614,131396
2020.05.08,00:00,0.87613,0.87650,0.87119,0.87289,100231
2020.05.11,00:00,0.87182,0.88063,0.87141,0.87602,120404
2020.05.12,00:00,0.87567,0.88510,0.87485,0.88467,132528
2020.05.13,00:00,0.88468,0.88768,0.88072,0.88397,142922
2020.05.14,00:00,0.88384,0.88704,0.88254,0.88313,129150
2020.05.15,00:00,0.88305,0.89388,0.88288,0.89307,129007
2020.05.18,00:00,0.89393,0.89594,0.88938,0.89463,120191
2020.05.19,00:00,0.89479,0.89571,0.89017,0.89125,127957
2020.05.20,00:00,0.89125,0.89826,0.89103,0.89706,117413
2020.05.21,00:00,0.89695,0.90000,0.89452,0.89565,111922
2020.05.22,00:00,0.89562,0.89704,0.89290,0.89539,105103
2020.05.25,00:00,0.89425,0.89549,0.89276,0.89330,82499
2020.05.26,00:00,0.89333,0.89407,0.88796,0.89007,112883
2020.05.27,00:00,0.89013,0.89933,0.88885,0.89777,157967
2020.05.28,00:00,0.89774,0.89941,0.89631,0.89886,107840
2020.05.29,00:00,0.89885,0.90543,0.89791,0.89867,130147
2020.05.31,00:00,0.90125,0.90191,0.90058,0.90138,208
2020.06.01,00:00,0.90139,0.90154,0.89017,0.89148,110143
2020.06.02,00:00,0.89081,0.89210,0.88657,0.88976,112323
2020.06.03,00:00,0.88968,0.89388,0.88781,0.89317,122582
2020.06.04,00:00,0.89313,0.90067,0.89218,0.89993,124155
2020.06.05,00:00,0.89993,0.90044,0.88850,0.89102,123776
2020.06.07,00:00,0.88974,0.89014,0.88938,0.88981,100
2020.06.08,00:00,0.88973,0.89283,0.88690,0.88761,102859
2020.06.09,00:00,0.88753,0.89384,0.88639,0.89067,107440
2020.06.10,00:00,0.89051,0.89299,0.88822,0.89218,127971
2020.06.11,00:00,0.89190,0.90143,0.89178,0.89643,156330
2020.06.12,00:00,0.89619,0.89970,0.89479,0.89733,152460
2020.06.14,00:00,0.89738,0.89760,0.89679,0.89723,240
2020.06.15,00:00,0.89719,0.90242,0.89608,0.89820,156841
2020.06.16,00:00,0.89808,0.89869,0.89112,0.89574,140718
2020.06.17,00:00,0.89570,0.89901,0.89380,0.89539,122569
2020.06.18,00:00,0.89515,0.90416,0.89490,0.90184,123950
2020.06.19,00:00,0.90193,0.90722,0.90061,0.90502,106705
2020.06.21,00:00,0.90533,0.90597,0.90517,0.90530,464
2020.06.22,00:00,0.90529,0.90599,0.90194,0.90300,98925
2020.06.23,00:00,0.90294,0.90790,0.90183,0.90308,118735
2020.06.24,00:00,0.90297,0.90735,0.90155,0.90578,112304
2020.06.25,00:00,0.90570,0.90648,0.90006,0.90310,107355
2020.06.26,00:00,0.90299,0.91005,0.90189,0.90912,91013
2020.06.28,00:00,0.90890,0.90902,0.90828,0.90863,72
2020.06.29,00:00,0.90867,0.91755,0.90824,0.91380,88595
2020.06.30,00:00,0.91367,0.91445,0.90601,0.90642,88968
2020.07.01,00:00,0.90564,0.90789,0.90118,0.90195,85952
2020.07.02,00:00,0.90145,0.90311,0.90022,0.90133,85057
2020.07.03,00:00,0.90129,0.90289,0.89972,0.90036,83108
2020.07.05,00:00,0.90046,0.90204,0.90046,0.90128,114
2020.07.06,00:00,0.90138,0.90668,0.90046,0.90511,82119
2020.07.07,00:00,0.90493,0.90557,0.89670,0.89874,89271
2020.07.08,00:00,0.89862,0.90104,0.89740,0.89841,91019
2020.07.09,00:00,0.89830,0.89998,0.89454,0.89506,97401
2020.07.10,00:00,0.89502,0.89688,0.89376,0.89507,81166
2020.07.13,00:00,0.89425,0.90387,0.89379,0.90349,88891
2020.07.14,00:00,0.90341,0.91122,0.90245,0.90800,98463
2020.07.15,00:00,0.90797,0.90823,0.90434,0.90647,91905
2020.07.16,00:00,0.90645,0.90950,0.90555,0.90667,89659
2020.07.17,00:00,0.90664,0.91343,0.90550,0.90914,71260
2020.07.20,00:00,0.90814,0.91378,0.90304,0.90408,90765
2020.07.21,00:00,0.90405,0.90572,0.90006,0.90524,94310
2020.07.22,00:00,0.90517,0.91365,0.90464,0.90844,110942
2020.07.23,00:00,0.90849,0.91240,0.90766,0.91003,107500
2020.07.24,00:00,0.91003,0.91248,0.90833,0.91081,103593
2020.07.27,00:00,0.90980,0.91476,0.90953,0.91216,117672
2020.07.28,00:00,0.91219,0.91342,0.90523,0.90584,109963
2020.07.29,00:00,0.90583,0.90870,0.90346,0.90710,102777
2020.07.30,00:00,0.90709,0.90783,0.90160,0.90456,112619
2020.07.31,00:00,0.90457,0.90627,0.89802,0.89969,135534
2020.08.03,00:00,0.89957,0.90147,0.89812,0.89954,118869
2020.08.04,00:00,0.89945,0.90408,0.89851,0.90285,95298
2020.08.05,00:00,0.90284,0.90583,0.90118,0.90452,95403
2020.08.06,00:00,0.90453,0.90528,0.89846,0.90363,108923
2020.08.07,00:00,0.90355,0.90421,0.90148,0.90270,107467
2020.08.10,00:00,0.90277,0.90299,0.89765,0.89775,80443
2020.08.11,00:00,0.89773,0.90089,0.89692,0.89967,102235
2020.08.12,00:00,0.89954,0.90529,0.89860,0.90405,104879
2020.08.13,00:00,0.90399,0.90518,0.90301,0.90397,93703
2020.08.14,00:00,0.90388,0.90506,0.90004,0.90485,80795
2020.08.17,00:00,0.90359,0.90693,0.90249,0.90574,79929
2020.08.18,00:00,0.90571,0.90622,0.90081,0.90112,94427
2020.08.19,00:00,0.90111,0.90451,0.90031,0.90353,102290
2020.08.20,00:00,0.90331,0.90678,0.89691,0.89747,111440
2020.08.21,00:00,0.89742,0.90151,0.89436,0.90105,107573
2020.08.23,00:00,0.90119,0.90202,0.90098,0.90138,302
2020.08.24,00:00,0.90138,0.90442,0.90019,0.90235,28695
2020.08.25,00:00,0.90235,0.90371,0.89826,0.89980,60038
2020.08.26,00:00,0.89974,0.90031,0.89469,0.89547,82788
2020.08.27,00:00,0.89537,0.89641,0.89287,0.89539,115823
2020.08.28,00:00,0.89533,0.89739,0.89077,0.89145,112183
2020.08.31,00:00,0.89127,0.89664,0.89086,0.89268,100349
2020.09.01,00:00,0.89272,0.89458,0.88882,0.88990,114962
2020.09.02,00:00,0.88982,0.89071,0.88736,0.88785,104839
2020.09.03,00:00,0.88781,0.89337,0.88653,0.89226,111888
2020.09.04,00:00,0.89223,0.89514,0.88991,0.89122,113411
2020.09.07,00:00,0.89358,0.89935,0.89182,0.89677,76507
2020.09.08,00:00,0.89655,0.90708,0.89606,0.90684,114768
2020.09.09,00:00,0.90689,0.91305,0.90599,0.90775,108623
2020.09.10,00:00,0.90760,0.92701,0.90723,0.92229,124606
2020.09.11,00:00,0.92245,0.92909,0.92090,0.92565,102084
2020.09.14,00:00,0.92531,0.92611,0.92005,0.92344,82920
2020.09.15,00:00,0.92330,0.92588,0.91833,0.91903,90180
2020.09.16,00:00,0.91905,0.92070,0.90939,0.91108,110029
2020.09.17,00:00,0.91104,0.91695,0.90822,0.91317,129615
2020.09.18,00:00,0.91308,0.91769,0.91144,0.91622,101792
2020.09.21,00:00,0.91519,0.91969,0.91451,0.91838,123391
2020.09.22,00:00,0.91826,0.92199,0.91434,0.91934,119776
2020.09.23,00:00,0.91910,0.92180,0.91365,0.91617,122184
2020.09.24,00:00,0.91587,0.91802,0.91125,0.91539,124120
2020.09.25,00:00,0.91519,0.91683,0.91182,0.91190,105465
2020.09.28,00:00,0.91014,0.91189,0.90243,0.90881,101416
2020.09.29,00:00,0.90843,0.91450,0.90620,0.91277,101709
2020.09.30,00:00,0.91226,0.91569,0.90656,0.90661,122120
2020.10.01,00:00,0.90633,0.91552,0.90619,0.91115,121658
2020.10.02,00:00,0.91129,0.91235,0.90441,0.90531,124244
2020.10.05,00:00,0.90541,0.90900,0.90482,0.90761,89530
2020.10.06,00:00,0.90741,0.91253,0.90601,0.91098,105582
2020.10.07,00:00,0.91096,0.91614,0.90944,0.91020,98582
2020.10.08,00:00,0.90998,0.91223,0.90694,0.90860,82740
2020.10.09,00:00,0.90842,0.91316,0.90598,0.90598,83602
2020.10.12,00:00,0.90644,0.90785,0.90276,0.90402,77881
2020.10.13,00:00,0.90371,0.90848,0.90193,0.90765,91504
2020.10.14,00:00,0.90748,0.91210,0.90061,0.90263,93160
2020.10.15,00:00,0.90243,0.90769,0.90153,0.90713,99171
2020.10.16,00:00,0.90683,0.91089,0.90434,0.90649,95121
2020.10.19,00:00,0.90821,0.90973,0.90224,0.90874,94184
2020.10.20,00:00,0.90862,0.91483,0.90791,0.91274,89094
2020.10.21,00:00,0.91264,0.91349,0.90110,0.90187,97386
2020.10.22,00:00,0.90176,0.90458,0.90113,0.90294,88052
2020.10.23,00:00,0.90291,0.91062,0.90204,0.90880,87116
2020.10.26,00:00,0.90743,0.91055,0.90408,0.90671,92121
2020.10.27,00:00,0.90659,0.90843,0.90371,0.90404,77697
2020.10.28,00:00,0.90408,0.90752,0.90141,0.90465,109696
2020.10.29,00:00,0.90455,0.90592,0.90066,0.90273,111638
2020.10.30,00:00,0.90278,0.90526,0.89835,0.89897,116148
2020.11.02,00:00,0.90118,0.90482,0.89949,0.90094,99255
2020.11.03,00:00,0.90084,0.90247,0.89665,0.89673,85775
2020.11.04,00:00,0.89674,0.90331,0.89438,0.90243,181771
2020.11.05,00:00,0.90222,0.90681,0.89914,0.89948,135122
2020.11.06,00:00,0.89921,0.90543,0.89878,0.90211,129054
2020.11.09,00:00,0.90313,0.90477,0.89720,0.89727,161268
2020.11.10,00:00,0.89712,0.89806,0.88833,0.88992,140992
2020.11.11,00:00,0.88966,0.89180,0.88606,0.89042,104895
2020.11.12,00:00,0.89014,0.90041,0.89007,0.89937,101467
2020.11.13,00:00,0.89934,0.90030,0.89623,0.89625,83784
2020.11.16,00:00,0.89843,0.89946,0.89542,0.89752,92030
2020.11.17,00:00,0.89736,0.89861,0.89469,0.89515,84520
2020.11.18,00:00,0.89514,0.89577,0.89145,0.89336,81391
2020.11.19,00:00,0.89292,0.89632,0.89233,0.89504,94973
2020.11.20,00:00,0.89488,0.89595,0.89177,0.89239,85053
2020.11.23,00:00,0.89145,0.89209,0.88661,0.88861,97576
2020.11.24,00:00,0.88852,0.89132,0.88742,0.88993,95365
2020.11.25,00:00,0.88961,0.89377,0.88898,0.88974,99359
2020.11.26,00:00,0.89045,0.89339,0.88955,0.89164,63750
2020.11.27,00:00,0.89149,0.90005,0.89122,0.89814,81273
2020.11.30,00:00,0.89702,0.90013,0.89446,0.89484,110442
2020.12.01,00:00,0.89466,0.90069,0.89285,0.89904,99271
2020.12.02,00:00,0.89870,0.90834,0.89811,0.90593,108205
2020.12.03,00:00,0.90588,0.90671,0.89984,0.90259,103447
2020.12.04,00:00,0.90245,0.90667,0.89823,0.90140,107432
2020.12.07,00:00,0.90447,0.91428,0.90277,0.90474,114798
2020.12.08,00:00,0.90468,0.91159,0.90464,0.90588,108668
2020.12.09,00:00,0.90567,0.90801,0.89827,0.90093,97901
2020.12.10,00:00,0.90132,0.91417,0.90047,0.91311,118089
2020.12.11,00:00,0.91253,0.92296,0.91149,0.91508,104162
2020.12.14,00:00,0.90747,0.91209,0.90451,0.91074,101155
2020.12.15,00:00,0.91063,0.91486,0.90202,0.90218,102386
2020.12.16,00:00,0.90218,0.90551,0.89912,0.90291,107527
2020.12.17,00:00,0.90279,0.90505,0.89784,0.90296,92413
2020.12.18,00:00,0.90257,0.90841,0.90228,0.90591,91078
2020.12.21,00:00,0.91113,0.92169,0.90692,0.90892,149184
2020.12.22,00:00,0.90857,0.91579,0.90797,0.90992,112633
2020.12.23,00:00,0.90973,0.91039,0.90006,0.90268,111241
2020.12.24,00:00,0.90274,0.90330,0.89528,0.90033,69752
2020.12.28,00:00,0.89901,0.90914,0.89884,0.90776,91816
2020.12.29,00:00,0.90744,0.90928,0.90566,0.90679,101434
2020.12.30,00:00,0.90670,0.90854,0.90125,0.90254,101011
2020.12.31,00:00,0.90226,0.90316,0.89310,0.89347,96522
2021.01.01,00:00,0.89344,0.89344,0.89344,0.89344,1
2021.01.04,00:00,0.89579,0.90485,0.89432,0.90221,131114
2021.01.05,00:00,0.90217,0.90538,0.90132,0.90231,115474
2021.01.06,00:00,0.90225,0.90849,0.90167,0.90568,147877
2021.01.07,00:00,0.90538,0.90764,0.90151,0.90442,115913
2021.01.08,00:00,0.90422,0.90475,0.89921,0.90005,126796
2021.01.11,00:00,0.89978,0.90365,0.89857,0.89857,114087
2021.01.12,00:00,0.89856,0.89950,0.89198,0.89296,99305
2021.01.13,00:00,0.89276,0.89340,0.88828,0.89116,93984
2021.01.14,00:00,0.89096,0.89158,0.88690,0.88776,101227
2021.01.15,00:00,0.88744,0.89069,0.88659,0.88852,86087
2021.01.18,00:00,0.88768,0.89244,0.88750,0.88881,83714
2021.01.19,00:00,0.88860,0.89177,0.88832,0.88926,82686
2021.01.20,00:00,0.88934,0.89029,0.88369,0.88622,91155
2021.01.21,00:00,0.88605,0.88697,0.88294,0.88579,86371
2021.01.22,00:00,0.88536,0.89181,0.88523,0.88914,81350
2021.01.25,00:00,0.88913,0.88962,0.88679,0.88775,94028
2021.01.26,00:00,0.88740,0.89042,0.88464,0.88521,82002
2021.01.27,00:00,0.88494,0.88565,0.88122,0.88468,107097
2021.01.28,00:00,0.88427,0.88833,0.88263,0.88310,115186
2021.01.29,00:00,0.88296,0.88700,0.88234,0.88470,118506
2021.02.01,00:00,0.88476,0.88521,0.88041,0.88269,106755
2021.02.02,00:00,0.88229,0.88365,0.87951,0.88104,91226
2021.02.03,00:00,0.88099,0.88254,0.87971,0.88195,78744
2021.02.04,00:00,0.88155,0.88394,0.87474,0.87490,89853
2021.02.05,00:00,0.87479,0.87770,0.87379,0.87689,78722
2021.02.08,00:00,0.87700,0.87924,0.87597,0.87675,76681
2021.02.09,00:00,0.87655,0.87962,0.87619,0.87707,71606
2021.02.10,00:00,0.87678,0.87796,0.87512,0.87584,72216
2021.02.11,00:00,0.87560,0.87877,0.87522,0.87793,57615
2021.02.12,00:00,0.87751,0.87909,0.87434,0.87475,60673
