2015.05.13,21:00,3541.5,3611.6,3508.5,3601.4,1464
2015.05.14,21:00,3600.5,3627.7,3554.6,3584.3,1301
2015.05.17,21:00,3576.8,3599.0,3530.9,3598.0,1151
2015.05.18,21:00,3603.7,3675.6,3599.7,3660.6,950
2015.05.19,21:00,3665.0,3689.4,3651.1,3683.5,582
2015.05.20,21:00,3675.9,3697.8,3658.9,3693.8,600
2015.05.21,21:00,3689.9,3692.0,3668.1,3680.7,387
2015.05.25,21:00,3661.5,3676.5,3604.1,3628.5,1119
2015.05.26,21:00,3629.5,3691.0,3618.2,3682.3,929
2015.05.27,21:00,3664.7,3672.2,3622.6,3659.0,936
2015.05.28,21:00,3657.0,3665.0,3562.8,3577.8,1253
2015.05.31,21:00,3595.7,3604.4,3552.2,3589.8,986
2015.06.01,21:00,3589.9,3598.9,3531.1,3558.7,1045
2015.06.02,21:00,3562.8,3622.3,3554.1,3574.6,1247
2015.06.03,21:00,3567.1,3596.2,3509.1,3531.0,1382
2015.06.04,21:00,3527.5,3538.8,3493.5,3514.2,774
2015.06.07,21:00,3514.3,3517.6,3440.0,3452.0,930
2015.06.08,21:00,3454.0,3476.7,3410.3,3439.0,1179
2015.06.09,21:00,3441.0,3542.0,3430.0,3522.3,1428
2015.06.10,21:00,3523.3,3590.0,3513.3,3552.5,1243
2015.06.11,21:00,3548.5,3557.6,3465.5,3505.8,1416
2015.06.14,21:00,3474.3,3480.8,3425.5,3449.4,858
2015.06.15,21:00,3441.4,3466.6,3385.4,3455.8,1481
2015.06.16,21:00,3459.1,3470.6,3398.8,3411.3,959
2015.06.17,21:00,3400.1,3539.1,3373.9,3465.2,2654
2015.06.18,21:00,3446.8,3499.0,3440.3,3450.6,1137
2015.06.21,21:00,3509.2,3603.8,3508.7,3583.9,1156
2015.06.22,21:00,3620.2,3651.3,3611.8,3633.7,656
2015.06.23,21:00,3639.2,3640.7,3578.5,3591.6,769
2015.06.24,21:00,3599.3,3652.7,3572.0,3593.7,1559
2015.06.25,21:00,3581.7,3644.3,3567.6,3622.8,1124
2015.06.28,21:00,3390.8,3531.1,3375.3,3432.9,2696
2015.06.29,21:00,3444.2,3495.7,3409.7,3438.7,1666
2015.06.30,21:00,3456.8,3535.2,3437.3,3493.5,1592
2015.07.01,21:00,3491.8,3510.8,3451.9,3467.4,935
2015.07.02,21:00,3472.7,3473.7,3422.3,3437.9,681
2015.07.05,21:00,3342.5,3411.2,3327.0,3352.9,1581
2015.07.06,21:00,3366.9,3379.6,3288.1,3372.1,1779
2015.07.07,21:00,3319.2,3346.4,3284.1,3311.4,1169
2015.07.08,21:00,3345.9,3434.9,3336.9,3404.5,1375
2015.07.09,21:00,3490.5,3561.2,3477.5,3554.7,1033
2015.07.12,21:00,3521.3,3607.3,3494.3,3593.3,1541
2015.07.13,21:00,3600.3,3618.7,3571.4,3615.7,793
2015.07.14,21:00,3614.7,3634.8,3596.5,3617.8,736
2015.07.15,21:00,3646.5,3696.1,3641.0,3681.9,749
2015.07.16,21:00,3680.9,3693.8,3661.7,3672.8,562
2015.07.19,21:00,3676.1,3714.0,3676.1,3690.9,611
2015.07.20,21:00,3695.3,3696.5,3636.8,3648.8,730
2015.07.21,21:00,3636.7,3649.5,3615.6,3640.4,642
2015.07.22,21:00,3655.5,3666.3,3608.3,3612.3,729
2015.07.23,21:00,3621.5,3652.7,3577.1,3578.1,1079
2015.07.26,21:00,3591.0,3591.0,3502.8,3508.8,943
2015.07.27,21:00,3529.4,3570.2,3522.0,3562.2,637
2015.07.28,21:00,3557.7,3598.5,3544.5,3587.5,783
2015.07.29,21:00,3588.0,3602.5,3554.1,3588.8,961
2015.07.30,21:00,3590.9,3604.7,3556.7,3599.7,873
2015.08.02,21:00,3590.8,3641.7,3587.8,3626.5,722
2015.08.03,21:00,3627.5,3631.4,3602.6,3623.8,540
2015.08.04,21:00,3626.2,3683.5,3626.2,3662.5,784
2015.08.05,21:00,3662.8,3687.1,3648.2,3662.2,773
2015.08.06,21:00,3664.8,3669.9,3633.4,3645.4,537
2015.08.09,21:00,3655.4,3679.0,3622.1,3678.0,913
2015.08.10,21:00,3662.1,3668.0,3598.7,3611.7,883
2015.08.11,21:00,3578.6,3578.6,3472.6,3532.1,1656
2015.08.12,21:00,3541.0,3558.1,3506.7,3510.7,726
2015.08.13,21:00,3507.7,3539.3,3476.3,3511.4,1224
2015.08.16,21:00,3510.9,3538.6,3454.4,3508.4,1660
2015.08.17,21:00,3506.4,3510.6,3479.2,3490.4,469
2015.08.18,21:00,3472.4,3479.9,3424.3,3435.3,742
2015.08.19,21:00,3422.2,3426.8,3317.5,3319.0,1155
2015.08.20,21:00,3275.5,3353.3,3207.6,3216.6,2326
2015.08.23,21:00,3135.6,3187.2,2954.0,3063.5,3944
2015.08.24,21:00,3089.5,3237.7,3089.5,3121.9,2641
2015.08.25,21:00,3178.8,3234.0,3121.9,3231.0,1721
2015.08.26,21:00,3233.5,3301.0,3223.5,3295.5,931
2015.08.27,21:00,3285.5,3295.5,3249.8,3284.4,904
2015.08.30,21:00,3246.4,3286.0,3237.9,3263.0,797
2015.08.31,21:00,3196.0,3229.0,3143.9,3157.4,1317
2015.09.01,21:00,3193.9,3232.3,3168.1,3223.8,986
2015.09.02,21:00,3225.8,3296.2,3218.8,3247.9,1328
2015.09.03,21:00,3213.4,3239.9,3152.6,3168.1,1294
2015.09.06,21:00,3197.6,3227.5,3185.1,3197.2,845
2015.09.07,21:00,3205.2,3276.2,3192.2,3254.7,1186
2015.09.08,21:00,3294.7,3327.0,3218.6,3221.6,1438
2015.09.09,21:00,3243.1,3267.5,3208.8,3235.0,1094
2015.09.10,21:00,3234.9,3240.9,3181.9,3206.6,898
2015.09.13,21:00,3208.6,3222.3,3168.6,3182.1,810
2015.09.14,21:00,3189.6,3228.3,3157.7,3225.3,1056
2015.09.15,21:00,3221.8,3262.7,3220.3,3260.7,460
2015.09.16,21:00,3266.6,3293.1,3232.2,3243.2,985
2015.09.17,21:00,3246.7,3249.2,3139.2,3163.5,1369
2015.09.20,21:00,3153.8,3200.0,3142.9,3185.9,822
2015.09.21,21:00,3192.7,3199.9,3066.3,3098.2,1728
2015.09.22,21:00,3060.2,3125.4,3048.7,3080.5,1332
2015.09.23,21:00,3076.5,3101.8,2996.5,3051.3,1855
2015.09.24,21:00,3068.4,3131.0,3059.3,3088.8,1231
2015.09.27,21:00,3077.4,3112.5,3016.7,3023.7,1380
2015.09.28,21:00,3007.8,3057.5,2979.7,3035.5,1280
2015.09.29,21:00,3071.5,3117.6,3069.5,3105.7,621
2015.09.30,21:00,3141.6,3146.7,3051.4,3086.4,1355
2015.10.01,21:00,3095.9,3137.6,3036.1,3137.6,1614
2015.10.04,21:00,3156.8,3218.8,3129.8,3215.3,1196
2015.10.05,21:00,3199.8,3235.2,3165.9,3210.4,1281
2015.10.06,21:00,3220.4,3271.6,3216.2,3251.2,801
2015.10.07,21:00,3223.2,3261.4,3205.0,3258.4,777
2015.10.08,21:00,3269.4,3270.4,3234.5,3252.5,550
2015.10.11,21:00,3254.6,3265.8,3229.7,3243.3,610
2015.10.12,21:00,3238.1,3242.1,3191.7,3204.6,674
2015.10.13,21:00,3201.7,3227.0,3178.4,3194.4,900
2015.10.14,21:00,3215.4,3265.0,3207.5,3264.0,665
2015.10.15,21:00,3262.0,3274.8,3247.2,3272.0,453
2015.10.18,21:00,3269.0,3294.8,3253.0,3273.8,789
2015.10.19,21:00,3269.1,3282.1,3239.2,3258.1,749
2015.10.20,21:00,3272.0,3283.0,3237.0,3254.5,746
2015.10.21,21:00,3259.7,3383.2,3254.7,3369.2,1476
2015.10.22,21:00,3393.2,3450.8,3378.1,3438.4,1003
2015.10.25,22:00,3430.5,3434.4,3401.9,3416.2,508
2015.10.26,22:00,3413.3,3417.3,3380.3,3397.3,581
2015.10.27,22:00,3393.5,3453.0,3385.5,3447.0,816
2015.10.28,22:00,3437.3,3442.3,3386.6,3412.4,866
2015.10.29,22:00,3423.3,3428.6,3391.8,3408.6,590
2015.11.01,22:00,3390.2,3449.4,3379.7,3446.4,833
2015.11.02,22:00,3440.0,3458.5,3415.4,3447.5,788
2015.11.03,22:00,3452.5,3473.4,3430.4,3441.4,750
2015.11.04,22:00,3446.4,3476.1,3420.4,3447.1,1108
2015.11.05,22:00,3451.3,3486.8,3423.2,3482.9,957
2015.11.08,22:00,3473.9,3478.0,3411.6,3431.6,906
2015.11.09,22:00,3436.1,3439.1,3393.1,3430.6,866
2015.11.10,22:00,3437.7,3469.5,3426.7,3434.3,823
2015.11.11,22:00,3439.4,3459.8,3362.7,3365.7,1206
2015.11.12,22:00,3362.7,3393.5,3326.9,3348.4,1190
2015.11.15,22:00,3295.5,3401.6,3295.5,3401.6,1062
2015.11.16,22:00,3407.6,3455.6,3385.6,3425.6,1221
2015.11.17,22:00,3425.8,3461.6,3415.1,3453.6,653
2015.11.18,22:00,3458.6,3476.6,3437.2,3439.2,595
2015.11.19,22:00,3443.2,3469.9,3426.5,3446.5,836
2015.11.22,22:00,3453.6,3458.1,3421.1,3432.1,526
2015.11.23,22:00,3433.2,3438.2,3373.8,3418.4,1141
2015.11.24,22:00,3420.4,3472.9,3402.4,3452.1,1094
2015.11.25,22:00,3460.2,3507.8,3454.2,3489.2,783
2015.11.26,22:00,3474.3,3513.1,3468.3,3489.3,747
2015.11.29,22:00,3484.9,3523.9,3471.0,3497.4,934
2015.11.30,22:00,3517.8,3522.8,3468.5,3487.3,782
2015.12.01,22:00,3494.3,3500.3,3431.8,3440.8,836
2015.12.02,22:00,3454.3,3522.6,3295.0,3305.0,3060
2015.12.03,22:00,3309.0,3375.6,3294.1,3371.6,1005
2015.12.06,22:00,3371.9,3395.6,3346.9,3371.0,966
2015.12.07,22:00,3360.0,3360.0,3281.4,3297.2,945
2015.12.08,22:00,3304.2,3317.2,3230.2,3250.2,1201
2015.12.09,22:00,3248.2,3288.4,3246.2,3261.3,714
2015.12.10,22:00,3268.2,3270.2,3179.2,3184.7,986
2015.12.13,22:00,3207.1,3244.6,3134.4,3186.4,1998
2015.12.14,22:00,3179.3,3253.3,3167.3,3240.8,1106
2015.12.15,22:00,3254.8,3309.9,3226.5,3301.9,1198
2015.12.16,22:00,3300.8,3345.5,3283.9,3296.0,1185
2015.12.17,22:00,3279.0,3300.3,3230.8,3230.8,909
2015.12.20,22:00,3238.2,3293.1,3209.7,3229.7,1584
2015.12.21,22:00,3243.7,3252.7,3186.8,3239.3,1275
2015.12.22,22:00,3241.2,3302.8,3240.3,3302.8,635
2015.12.27,22:00,3287.1,3295.2,3251.0,3269.1,705
2015.12.28,22:00,3281.1,3317.1,3278.1,3315.1,441
2015.12.29,22:00,3316.2,3316.2,3274.2,3275.2,431
2016.01.03,22:00,3212.8,3221.3,3147.3,3193.0,1283
2016.01.04,22:00,3202.0,3203.0,3136.0,3186.9,1190
2016.01.05,22:00,3157.5,3173.0,3105.5,3125.5,1031
2016.01.06,22:00,3062.6,3102.0,3025.4,3039.9,1306
2016.01.07,22:00,3081.0,3115.8,3003.2,3012.2,1565
2016.01.10,22:00,2994.2,3076.7,2993.7,3051.6,1087
2016.01.11,22:00,3018.7,3099.7,3011.8,3080.8,1138
2016.01.12,22:00,3098.3,3125.5,3001.0,3006.9,1577
2016.01.13,22:00,3028.9,3073.9,2971.3,3056.9,1773
2016.01.14,22:00,3022.9,3029.9,2906.7,2934.2,1578
2016.01.17,22:00,2955.8,2984.6,2914.8,2933.2,1171
2016.01.18,22:00,2981.1,3009.6,2935.5,2967.5,1347
2016.01.19,22:00,2900.0,2926.2,2839.2,2905.2,1689
2016.01.20,22:00,2888.2,2971.1,2864.2,2941.1,1610
2016.01.21,22:00,2984.6,3046.6,2979.1,3039.7,800
2016.01.24,22:00,3047.7,3047.7,2977.6,2977.6,702
2016.01.25,22:00,2951.6,3045.7,2944.8,3045.7,1078
2016.01.26,22:00,3028.6,3059.2,2990.2,3002.2,1117
2016.01.27,22:00,3011.2,3055.7,2955.2,2988.6,1785
2016.01.28,22:00,3026.5,3059.5,2991.7,3057.5,1047
2016.01.31,22:00,3057.6,3058.6,2989.3,3025.9,1070
2016.02.01,22:00,3015.9,3015.9,2920.2,2925.2,1008
2016.02.02,22:00,2922.2,2949.4,2861.5,2923.3,1748
2016.02.03,22:00,2947.5,2948.5,2866.3,2908.1,1251
2016.02.04,22:00,2900.1,2933.3,2862.4,2870.9,1127
2016.02.07,22:00,2889.4,2895.4,2767.5,2794.5,1610
2016.02.08,22:00,2772.5,2810.0,2709.9,2743.4,1712
2016.02.09,22:00,2745.4,2827.3,2731.6,2759.8,1771
2016.02.10,22:00,2747.8,2755.8,2672.3,2707.9,1272
2016.02.11,22:00,2704.9,2763.9,2697.9,2762.9,741
2016.02.14,22:00,2807.8,2855.5,2805.8,2830.9,764
2016.02.15,22:00,2851.9,2861.9,2803.9,2840.7,1049
2016.02.16,22:00,2830.7,2911.8,2817.7,2906.8,1122
2016.02.17,22:00,2906.7,2936.7,2882.7,2884.7,861
2016.02.18,22:00,2891.7,2903.6,2843.9,2867.7,955
2016.02.21,22:00,2888.6,2936.9,2883.6,2936.9,584
2016.02.22,22:00,2913.9,2934.7,2878.7,2879.7,779
2016.02.23,22:00,2872.2,2890.7,2800.0,2864.0,1733
2016.02.24,22:00,2856.9,2898.7,2838.8,2898.7,781
2016.02.25,22:00,2905.7,2951.3,2901.7,2917.8,872
2016.02.28,22:00,2902.7,2948.3,2879.0,2916.3,1251
2016.02.29,22:00,2921.3,3016.6,2919.8,3010.6,1044
2016.03.01,22:00,3024.5,3031.5,2993.5,3023.5,751
2016.03.02,22:00,3032.0,3032.5,2996.8,3027.2,667
2016.03.03,22:00,3024.7,3056.5,3011.7,3030.6,838
2016.03.06,22:00,3028.9,3034.4,2996.8,3019.6,660
2016.03.07,22:00,3003.6,3027.3,2967.8,2999.2,1147
2016.03.08,22:00,3009.2,3047.7,3001.1,3013.2,893
2016.03.09,22:00,3019.2,3130.3,2938.3,2978.3,3432
2016.03.10,22:00,3020.3,3088.0,3018.3,3088.0,718
2016.03.13,22:00,3084.9,3116.9,3079.1,3092.1,685
2016.03.14,22:00,3080.1,3083.1,3053.2,3072.7,525
2016.03.15,22:00,3073.4,3087.9,3044.4,3068.7,824
2016.03.16,22:00,3082.2,3094.1,2988.6,3041.5,1704
2016.03.17,22:00,3038.0,3068.9,3022.1,3058.8,729
2016.03.20,22:00,3049.6,3088.2,3029.6,3053.2,1137
2016.03.21,22:00,3052.3,3057.8,2995.5,3050.8,1232
2016.03.22,22:00,3046.7,3076.0,3024.4,3031.0,876
2016.03.23,22:00,3022.3,3029.2,2982.8,3002.7,733
2016.03.28,21:00,3005.0,3023.8,2982.0,3017.9,708
2016.03.29,21:00,3022.9,3064.0,3015.9,3037.7,815
2016.03.30,21:00,3033.8,3034.8,2995.9,2997.9,420
2016.03.31,21:00,2978.0,2980.0,2916.5,2958.4,1075
2016.04.03,21:00,2961.5,2994.0,2929.7,2951.6,1188
2016.04.04,21:00,2933.5,2933.5,2879.9,2881.9,557
2016.04.05,21:00,2894.9,2921.1,2882.2,2921.1,517
2016.04.06,21:00,2912.2,2924.8,2847.5,2855.5,980
2016.04.07,21:00,2875.5,2923.0,2872.5,2907.7,689
2016.04.10,21:00,2909.7,2948.1,2883.7,2910.3,1283
2016.04.11,21:00,2920.3,2952.0,2900.1,2950.0,742
2016.04.12,21:00,2971.0,3041.5,2971.0,3035.5,766
2016.04.13,21:00,3038.7,3064.3,3028.6,3056.3,539
2016.04.14,21:00,3052.3,3062.5,3043.6,3047.5,331
2016.04.17,21:00,3018.7,3072.2,3005.7,3069.1,827
2016.04.18,21:00,3077.2,3118.0,3073.2,3116.9,500
2016.04.19,21:00,3098.8,3155.5,3090.9,3145.6,825
2016.04.20,21:00,3154.5,3161.5,3123.7,3143.1,643
2016.04.21,21:00,3144.2,3154.2,3127.4,3149.4,485
2016.04.24,21:00,3137.7,3146.7,3103.3,3128.0,772
2016.04.25,21:00,3127.2,3149.1,3108.7,3128.5,796
2016.04.26,21:00,3115.1,3144.2,3109.2,3137.2,480
2016.04.27,21:00,3108.9,3127.2,3067.1,3089.5,1009
2016.04.28,21:00,3083.1,3096.1,3024.5,3038.5,987
2016.05.01,21:00,3028.3,3045.8,3019.4,3039.3,419
2016.05.02,21:00,3034.8,3037.8,2971.8,2976.9,742
2016.05.03,21:00,2977.0,2983.7,2932.2,2941.3,674
2016.05.04,21:00,2947.7,2960.2,2927.8,2937.9,551
2016.05.05,21:00,2924.4,2954.0,2893.8,2954.0,909
2016.05.08,21:00,2961.1,2985.9,2938.1,2959.0,936
2016.05.09,21:00,2966.7,3003.9,2962.7,2989.2,600
2016.05.10,21:00,2977.2,2982.2,2940.2,2946.2,531
2016.05.11,21:00,2953.2,2990.0,2925.3,2947.5,1238
2016.05.12,21:00,2919.2,2969.0,2903.4,2929.2,1213
2016.05.15,21:00,2938.6,2965.5,2921.2,2963.5,638
2016.05.16,21:00,2967.0,2992.9,2917.7,2920.7,1042
2016.05.17,21:00,2922.7,2964.3,2913.7,2951.8,722
2016.05.18,21:00,2937.1,2950.0,2915.3,2932.3,647
2016.05.19,21:00,2953.3,2964.1,2939.6,2960.1,423
2016.05.22,21:00,2954.6,2965.8,2920.8,2933.6,691
2016.05.23,21:00,2924.5,3025.8,2917.5,3019.8,1214
2016.05.24,21:00,3030.4,3070.1,3025.9,3056.5,624
2016.05.25,21:00,3047.8,3074.8,3046.8,3065.1,388
2016.05.26,21:00,3071.1,3082.5,3060.0,3080.5,357
2016.05.29,21:00,3085.6,3095.2,3072.6,3091.2,397
2016.05.30,21:00,3096.2,3098.2,3051.8,3063.8,605
2016.05.31,21:00,3060.8,3066.8,3026.9,3041.4,605
2016.06.01,21:00,3027.4,3052.9,3023.1,3049.2,379
2016.06.02,21:00,3048.2,3054.9,2980.7,3001.4,1017
2016.06.05,21:00,3000.7,3012.9,2987.2,3000.8,514
2016.06.06,21:00,3010.8,3053.4,3008.8,3028.7,714
2016.06.07,21:00,3029.7,3036.2,3008.8,3022.8,480
2016.06.08,21:00,3013.3,3017.3,2979.6,2992.3,545
2016.06.09,21:00,2985.3,2989.3,2894.3,2904.8,1096
2016.06.12,21:00,2871.5,2889.9,2834.2,2842.2,822
2016.06.13,21:00,2843.8,2845.3,2795.4,2813.0,691
2016.06.14,21:00,2813.0,2850.7,2812.0,2825.4,651
2016.06.15,21:00,2793.8,2856.0,2777.8,2856.0,943
2016.06.16,21:00,2854.7,2875.7,2832.9,2874.7,657
2016.06.19,21:00,2941.0,2953.0,2917.9,2930.1,594
2016.06.20,21:00,2944.9,2999.2,2932.7,2980.2,978
2016.06.21,21:00,2996.2,3002.9,2965.9,2967.9,458
2016.06.22,21:00,3000.8,3064.8,2983.8,3054.8,1081
2016.06.23,21:00,2698.8,2833.8,2652.8,2739.8,3211
2016.06.26,21:00,2727.8,2790.8,2678.1,2723.7,2214
2016.06.27,21:00,2746.8,2790.2,2741.8,2782.2,615
2016.06.28,21:00,2791.1,2837.0,2785.0,2828.2,670
2016.06.29,21:00,2831.8,2907.3,2801.2,2888.3,1558
2016.06.30,21:00,2886.3,2895.1,2849.8,2875.6,800
2016.07.03,21:00,2880.2,2895.5,2858.6,2869.6,633
2016.07.04,21:00,2862.5,2862.5,2791.7,2802.2,814
2016.07.05,21:00,2789.6,2808.5,2741.0,2783.0,1285
2016.07.06,21:00,2780.1,2808.5,2760.5,2773.5,895
2016.07.07,21:00,2772.5,2853.6,2765.5,2835.1,1137
2016.07.10,21:00,2859.3,2889.7,2842.9,2870.7,823
2016.07.11,21:00,2877.7,2940.7,2875.6,2928.7,793
2016.07.12,21:00,2923.7,2945.9,2917.2,2927.9,533
2016.07.13,21:00,2933.8,2977.5,2932.9,2958.8,643
2016.07.14,21:00,2950.8,2969.1,2934.5,2955.9,642
2016.07.17,21:00,2961.9,2982.8,2930.3,2944.7,879
2016.07.18,21:00,2937.7,2947.9,2909.2,2930.9,707
2016.07.19,21:00,2936.5,2971.9,2934.0,2959.5,529
2016.07.20,21:00,2963.5,2978.8,2942.4,2955.1,645
2016.07.21,21:00,2954.0,2983.0,2945.5,2975.4,537
2016.07.24,21:00,2968.3,2998.9,2961.7,2969.8,730
2016.07.25,21:00,2975.8,2987.1,2950.8,2981.0,675
2016.07.26,21:00,2989.8,3016.8,2985.8,2988.0,603
2016.07.27,21:00,2994.0,3008.1,2965.5,2988.5,798
2016.07.28,21:00,2985.5,2993.9,2967.7,2989.9,481
2016.07.31,21:00,3032.9,3032.9,2951.9,2953.9,831
2016.08.01,21:00,2957.0,2964.0,2899.1,2908.1,810
2016.08.02,21:00,2906.1,2924.2,2892.3,2922.2,478
2016.08.03,21:00,2934.4,2947.0,2918.5,2934.6,569
2016.08.04,21:00,2937.1,2978.2,2932.1,2970.4,590
2016.08.07,21:00,2989.3,2999.2,2976.5,2982.4,386
2016.08.08,21:00,2978.4,3030.6,2977.4,3019.6,653
2016.08.09,21:00,3023.1,3031.4,3013.5,3015.7,285
2016.08.10,21:00,3022.7,3050.7,3014.5,3045.6,496
2016.08.11,21:00,3047.6,3050.6,3036.5,3041.5,222
2016.08.14,21:00,3050.5,3064.1,3042.5,3043.7,365
2016.08.15,21:00,3036.2,3040.5,3009.8,3010.8,361
2016.08.16,21:00,3014.8,3027.8,2978.4,3001.2,853
2016.08.17,21:00,3004.7,3005.7,2977.5,2992.2,440
2016.08.18,21:00,2998.2,2998.7,2949.9,2973.8,733
2016.08.21,21:00,2963.7,2998.8,2949.7,2965.5,965
2016.08.22,21:00,2969.4,3002.2,2965.4,2988.8,543
2016.08.23,21:00,2982.7,3018.0,2968.7,2999.4,820
2016.08.24,21:00,3004.8,3006.4,2971.5,2979.1,442
2016.08.25,21:00,2981.1,3017.0,2973.0,2997.0,722
2016.08.28,21:00,2991.9,3009.0,2974.5,3006.8,542
2016.08.29,21:00,3008.8,3041.3,3007.8,3031.5,444
2016.08.30,21:00,3028.5,3049.4,3010.7,3022.7,717
2016.08.31,21:00,3029.7,3054.6,3004.8,3027.6,976
2016.09.01,21:00,3026.6,3086.3,3017.7,3083.8,801
2016.09.04,21:00,3099.3,3099.3,3075.8,3082.8,306
2016.09.05,21:00,3085.8,3094.3,3066.8,3076.9,462
2016.09.06,21:00,3082.9,3096.4,3063.8,3087.6,606
2016.09.07,21:00,3089.6,3101.9,3042.4,3083.4,1129
2016.09.08,21:00,3080.8,3086.9,3025.2,3025.2,679
2016.09.11,21:00,3001.4,3048.4,2983.5,3048.4,829
2016.09.12,21:00,3038.3,3038.3,2964.3,2984.3,941
2016.09.13,21:00,2993.0,2996.4,2955.1,2961.1,508
2016.09.14,21:00,2957.1,2985.5,2946.6,2983.5,515
2016.09.15,21:00,2972.5,2975.3,2926.3,2940.6,662
2016.09.18,21:00,2954.1,2972.3,2951.3,2957.3,389
2016.09.19,21:00,2959.1,2986.4,2958.4,2964.9,503
2016.09.20,21:00,2980.7,3010.2,2973.7,3001.6,522
2016.09.21,21:00,3003.1,3063.4,2997.7,3048.6,860
2016.09.22,21:00,3048.5,3048.5,3025.6,3025.6,230
2016.09.25,21:00,3015.6,3019.7,2973.3,2976.8,541
2016.09.26,21:00,2994.4,2999.6,2946.7,2981.4,929
2016.09.27,21:00,2976.5,3016.6,2974.4,3016.6,444
2016.09.28,21:00,3021.7,3033.0,2947.3,2957.3,1071
2016.09.29,21:00,2950.4,3011.4,2921.6,3006.8,1233
2016.10.02,21:00,2999.7,3010.5,2985.6,3002.1,475
2016.10.03,21:00,3008.1,3040.5,2994.8,3004.8,882
2016.10.04,21:00,3014.9,3032.5,2990.8,3029.7,687
2016.10.05,21:00,3031.7,3044.7,3015.0,3033.9,573
2016.10.06,21:00,3026.9,3029.9,2988.2,3001.1,577
2016.10.09,21:00,3006.2,3040.5,2984.1,3032.5,866
2016.10.10,21:00,3027.0,3051.1,3009.1,3018.1,752
2016.10.11,21:00,3016.9,3028.9,3004.5,3014.9,469
2016.10.12,21:00,2988.5,2993.6,2954.0,2988.7,791
2016.10.13,21:00,2993.8,3038.1,2983.8,3024.5,780
2016.10.16,21:00,3009.4,3027.6,3002.1,3009.8,507
2016.10.17,21:00,3025.8,3055.6,3022.8,3048.5,430
2016.10.18,21:00,3048.5,3063.3,3037.5,3057.2,430
2016.10.19,21:00,3064.1,3086.7,3045.1,3078.9,685
2016.10.20,21:00,3073.8,3086.7,3064.0,3084.1,352
2016.10.23,21:00,3080.5,3110.0,3080.5,3095.9,437
2016.10.24,21:00,3102.9,3107.8,3080.9,3088.8,398
2016.10.25,21:00,3085.8,3086.5,3059.4,3075.9,444
2016.10.26,21:00,3064.2,3097.3,3062.5,3079.2,547
2016.10.27,21:00,3075.7,3082.2,3049.7,3057.9,473
2016.10.30,22:00,3067.7,3071.8,3049.9,3060.6,368
2016.10.31,22:00,3075.5,3079.6,3000.8,3012.3,945
2016.11.01,22:00,2998.8,3005.8,2969.3,2982.3,566
2016.11.02,22:00,2982.9,3001.1,2963.5,2968.5,609
2016.11.03,22:00,2972.5,2973.5,2935.1,2940.1,445
2016.11.06,22:00,2998.1,3014.1,2989.1,3014.1,341
2016.11.07,22:00,3007.5,3042.7,3001.8,3036.7,527
2016.11.08,22:00,2886.7,3072.5,2883.7,3062.5,2019
2016.11.09,22:00,3075.5,3105.4,3029.1,3057.8,1350
2016.11.10,22:00,3059.7,3068.8,3013.9,3037.0,872
2016.11.13,22:00,3059.0,3071.4,3028.8,3047.3,736
2016.11.14,22:00,3042.8,3060.3,3029.7,3060.3,438
2016.11.15,22:00,3064.3,3064.3,3009.9,3025.9,705
2016.11.16,22:00,3030.9,3052.5,3012.9,3052.5,577
2016.11.17,22:00,3052.5,3057.5,3015.2,3021.7,539
2016.11.20,22:00,3029.1,3047.0,3003.9,3046.0,694
2016.11.21,22:00,3059.0,3061.3,3040.7,3054.7,370
2016.11.22,22:00,3055.7,3055.7,3015.2,3038.9,643
2016.11.23,22:00,3039.8,3048.8,3027.8,3045.5,364
2016.11.24,22:00,3049.4,3060.3,3029.7,3055.3,554
2016.11.27,22:00,3048.3,3052.3,3008.7,3010.8,498
2016.11.28,22:00,3013.2,3045.6,3004.2,3035.6,605
2016.11.29,22:00,3037.6,3064.7,3031.6,3042.1,618
2016.11.30,22:00,3041.1,3051.2,3015.2,3015.2,462
2016.12.01,22:00,3012.2,3025.9,2984.6,3014.1,808
2016.12.04,22:00,2989.3,3072.3,2975.3,3059.2,1242
2016.12.05,22:00,3060.2,3122.3,3046.9,3116.3,948
2016.12.06,22:00,3122.4,3169.8,3120.4,3157.8,635
2016.12.07,22:00,3154.8,3198.0,3138.8,3189.0,843
2016.12.08,22:00,3191.9,3214.3,3178.9,3211.3,515
2016.12.11,22:00,3212.0,3212.0,3186.5,3190.5,296
2016.12.12,22:00,3193.5,3244.5,3192.5,3234.5,631
2016.12.13,22:00,3233.5,3238.9,3205.9,3205.9,385
2016.12.14,22:00,3217.9,3260.0,3214.9,3248.0,602
2016.12.15,22:00,3250.0,3277.5,3239.8,3252.3,732
2016.12.18,22:00,3261.9,3261.9,3249.9,3250.9,131
2016.12.19,22:00,3255.9,3279.6,3251.9,3276.4,350
2016.12.20,22:00,3271.2,3277.7,3262.1,3269.9,300
2016.12.21,22:00,3262.9,3275.8,3258.8,3266.3,307
2016.12.22,22:00,3268.8,3278.8,3265.2,3273.4,227
2016.12.26,22:00,3269.4,3282.1,3269.4,3272.2,227
2016.12.27,22:00,3280.2,3281.2,3262.7,3264.7,216
2016.12.28,22:00,3268.7,3274.9,3258.7,3264.7,285
2016.12.29,22:00,3270.8,3292.0,3260.1,3275.8,589
2017.01.01,22:00,3271.9,3314.1,3269.9,3304.4,560
2017.01.02,22:00,3312.3,3335.1,3306.4,3321.4,484
2017.01.03,22:00,3324.3,3328.4,3302.7,3319.4,466
2017.01.04,22:00,3307.2,3323.6,3299.1,3314.3,420
2017.01.05,22:00,3313.4,3327.1,3299.9,3321.1,468
2017.01.08,22:00,3328.1,3332.1,3296.4,3307.3,507
2017.01.09,22:00,3305.5,3318.6,3295.7,3301.7,421
2017.01.10,22:00,3305.8,3325.6,3284.9,3314.0,733
2017.01.11,22:00,3301.0,3305.8,3279.9,3302.8,501
2017.01.12,22:00,3305.8,3327.4,3296.0,3316.7,520
2017.01.15,22:00,3304.6,3311.6,3292.8,3293.9,270
2017.01.16,22:00,3289.3,3301.2,3266.0,3288.1,693
2017.01.17,22:00,3298.1,3302.1,3274.2,3301.7,523
2017.01.18,22:00,3303.7,3306.7,3278.2,3283.2,366
2017.01.19,22:00,3289.3,3310.2,3278.2,3299.1,543
2017.01.22,22:00,3280.1,3292.3,3261.1,3281.0,616
2017.01.23,22:00,3283.0,3298.7,3269.0,3293.7,488
2017.01.24,22:00,3297.7,3334.8,3295.7,3328.5,475
2017.01.25,22:00,3333.5,3343.5,3309.9,3313.9,477
2017.01.26,22:00,3317.9,3321.9,3294.4,3305.0,422
2017.01.29,22:00,3292.8,3296.9,3253.2,3273.3,680
2017.01.30,22:00,3262.1,3282.8,3231.1,3244.1,855
2017.01.31,22:00,3262.3,3273.8,3253.8,3262.0,398
2017.02.01,22:00,3243.9,3265.4,3240.4,3262.4,316
2017.02.02,22:00,3254.2,3284.8,3253.2,3276.8,407
2017.02.05,22:00,3272.7,3283.1,3229.1,3237.1,725
2017.02.06,22:00,3230.0,3252.0,3218.0,3241.4,567
2017.02.07,22:00,3246.4,3251.2,3214.2,3243.3,710
2017.02.08,22:00,3245.5,3282.0,3242.6,3275.9,485
2017.02.09,22:00,3287.0,3293.9,3264.1,3275.1,478
2017.02.12,22:00,3275.1,3314.4,3274.1,3304.6,512
2017.02.13,22:00,3304.5,3320.5,3296.7,3317.5,347
2017.02.14,22:00,3320.5,3333.8,3310.9,3325.6,408
2017.02.15,22:00,3321.6,3327.6,3303.8,3316.8,429
2017.02.16,22:00,3309.8,3320.2,3281.8,3319.2,675
2017.02.19,22:00,3326.1,3333.1,3304.9,3312.4,428
2017.02.20,22:00,3315.4,3346.0,3300.6,3343.9,624
2017.02.21,22:00,3345.0,3355.1,3324.5,3342.3,586
2017.02.22,22:00,3342.2,3350.8,3326.0,3335.9,434
2017.02.23,22:00,3330.8,3332.9,3279.8,3316.3,918
2017.02.26,22:00,3317.3,3323.3,3303.5,3320.4,366
2017.02.27,22:00,3320.4,3325.1,3301.8,3318.1,444
2017.02.28,22:00,3329.1,3399.2,3328.1,3389.2,822
2017.03.01,22:00,3392.1,3395.2,3378.7,3385.3,263
2017.03.02,22:00,3376.3,3414.4,3371.3,3402.4,602
2017.03.05,22:00,3394.5,3398.8,3378.9,3397.8,366
2017.03.06,22:00,3396.8,3397.8,3374.9,3386.0,351
2017.03.07,22:00,3380.0,3401.9,3375.4,3382.2,509
2017.03.08,22:00,3382.7,3417.2,3379.7,3414.0,438
2017.03.09,22:00,3422.1,3442.2,3406.6,3416.6,658
2017.03.12,22:00,3416.5,3425.6,3408.6,3422.6,280
2017.03.13,22:00,3422.6,3425.6,3389.8,3401.5,506
2017.03.14,22:00,3405.6,3427.6,3398.7,3426.6,369
2017.03.15,22:00,3436.0,3451.6,3429.5,3443.4,369
2017.03.16,22:00,3434.5,3457.2,3428.5,3447.7,443
2017.03.19,22:00,3435.4,3449.0,3431.1,3432.1,326
2017.03.20,22:00,3440.0,3471.5,3412.4,3418.4,967
2017.03.21,22:00,3409.4,3429.6,3397.8,3423.7,494
2017.03.22,22:00,3427.7,3452.6,3413.2,3442.4,642
2017.03.23,22:00,3449.6,3451.6,3433.7,3444.8,311
2017.03.26,21:00,3420.4,3445.6,3408.2,3444.6,507
2017.03.27,21:00,3450.6,3476.0,3437.0,3473.6,551
2017.03.28,21:00,3471.6,3484.5,3464.1,3478.1,344
2017.03.29,21:00,3471.2,3483.0,3463.1,3481.0,301
2017.03.30,21:00,3473.0,3505.6,3466.5,3498.7,526
2017.04.02,21:00,3501.7,3509.7,3458.4,3482.5,835
2017.04.03,21:00,3474.6,3488.0,3462.8,3488.0,371
2017.04.04,21:00,3489.0,3495.4,3456.5,3457.5,464
2017.04.05,21:00,3449.7,3493.7,3445.6,3486.8,592
2017.04.06,21:00,3475.7,3504.8,3469.8,3497.8,480
2017.04.09,21:00,3499.0,3501.9,3473.4,3476.4,345
2017.04.10,21:00,3472.5,3486.3,3446.5,3481.9,703
2017.04.11,21:00,3481.0,3498.9,3460.5,3463.5,594
2017.04.12,21:00,3466.4,3467.5,3436.0,3448.0,447
2017.04.17,21:00,3462.1,3464.1,3394.7,3407.7,845
2017.04.18,21:00,3409.7,3426.5,3402.6,3407.6,458
2017.04.19,21:00,3413.6,3450.1,3405.6,3441.1,616
2017.04.20,21:00,3445.1,3457.4,3418.7,3448.8,738
2017.04.23,21:00,3528.5,3584.0,3517.5,3580.1,815
2017.04.24,21:00,3573.9,3593.3,3572.9,3583.9,309
2017.04.25,21:00,3590.0,3590.0,3562.3,3562.3,278
2017.04.26,21:00,3562.6,3572.6,3555.0,3564.1,338
2017.04.27,21:00,3560.3,3572.0,3553.3,3555.0,322
2017.05.01,21:00,3552.7,3584.5,3551.7,3584.5,339
2017.05.02,21:00,3578.5,3591.2,3570.5,3589.2,308
2017.05.03,21:00,3587.3,3630.8,3586.3,3628.8,476
2017.05.04,21:00,3614.7,3682.2,3608.8,3682.2,794
2017.05.07,21:00,3682.2,3684.6,3633.3,3645.7,662
2017.05.08,21:00,3647.7,3663.2,3637.1,3646.1,507
2017.05.09,21:00,3639.6,3651.9,3633.3,3651.9,250
2017.05.10,21:00,3648.6,3651.4,3607.4,3635.4,749
2017.05.11,21:00,3625.1,3643.9,3619.5,3643.9,301
2017.05.14,21:00,3643.1,3648.9,3620.1,3645.9,549
2017.05.15,21:00,3635.4,3649.5,3630.4,3642.6,311
2017.05.16,21:00,3626.1,3635.3,3556.8,3557.8,888
2017.05.17,21:00,3565.8,3585.8,3528.9,3571.5,1082
2017.05.18,21:00,3572.0,3590.7,3565.9,3587.7,340
2017.05.21,21:00,3591.0,3595.9,3570.3,3580.4,407
2017.05.22,21:00,3570.4,3606.2,3567.4,3600.4,477
2017.05.23,21:00,3594.0,3599.2,3579.6,3589.8,351
2017.05.24,21:00,3601.8,3608.9,3571.5,3584.5,576
2017.05.25,21:00,3579.5,3580.5,3546.8,3580.5,665
2017.05.28,21:00,3584.4,3585.4,3568.3,3575.5,254
2017.05.29,21:00,3568.0,3569.4,3546.1,3559.6,383
2017.05.30,21:00,3555.0,3588.2,3551.9,3558.0,697
2017.05.31,21:00,3563.2,3581.2,3555.2,3581.2,341
2017.06.01,21:00,3594.7,3616.1,3583.7,3598.5,611
2017.06.04,21:00,3590.7,3593.2,3574.1,3583.5,311
2017.06.05,21:00,3575.9,3575.9,3542.8,3548.3,387
2017.06.06,21:00,3550.2,3577.2,3537.7,3553.2,761
2017.06.07,21:00,3555.2,3574.2,3547.7,3571.2,371
2017.06.08,21:00,3566.2,3598.2,3559.1,3574.1,704
2017.06.11,21:00,3569.9,3574.0,3533.4,3542.9,543
2017.06.12,21:00,3545.8,3568.7,3545.8,3566.2,255
2017.06.13,21:00,3561.0,3589.8,3540.6,3556.8,943
2017.06.14,21:00,3549.7,3549.7,3498.8,3530.2,824
2017.06.15,21:00,3534.3,3552.7,3527.3,3549.9,353
2017.06.18,21:00,3557.7,3592.5,3557.7,3586.9,405
2017.06.19,21:00,3591.6,3599.0,3551.1,3558.0,623
2017.06.20,21:00,3552.5,3563.0,3521.4,3547.3,781
2017.06.21,21:00,3552.9,3559.3,3526.6,3547.1,597
2017.06.22,21:00,3553.1,3555.2,3528.5,3544.3,447
2017.06.25,21:00,3550.0,3582.0,3550.0,3563.4,507
2017.06.26,21:00,3559.9,3561.0,3517.4,3517.4,448
2017.06.27,21:00,3516.4,3546.4,3497.6,3540.4,737
2017.06.28,21:00,3554.6,3556.6,3448.0,3466.0,1287
2017.06.29,21:00,3464.0,3490.5,3435.5,3456.4,1025
2017.07.02,21:00,3467.5,3495.0,3458.4,3479.0,618
2017.07.03,21:00,3476.8,3494.5,3470.3,3479.5,458
2017.07.04,21:00,3479.0,3488.9,3467.0,3487.9,350
2017.07.05,21:00,3484.9,3484.9,3435.2,3452.3,669
2017.07.06,21:00,3453.2,3476.1,3451.1,3472.1,312
2017.07.09,21:00,3481.5,3486.5,3467.9,3482.0,368
2017.07.10,21:00,3486.0,3495.4,3460.1,3479.0,637
2017.07.11,21:00,3475.9,3525.7,3472.0,3516.5,669
2017.07.12,21:00,3520.0,3540.5,3514.0,3531.1,420
2017.07.13,21:00,3532.1,3536.1,3512.2,3530.1,459
2017.07.16,21:00,3532.0,3537.0,3504.6,3512.7,456
2017.07.17,21:00,3509.3,3519.1,3469.4,3485.9,761
2017.07.18,21:00,3490.4,3509.2,3477.1,3507.2,475
2017.07.19,21:00,3511.2,3530.7,3486.3,3499.2,769
2017.07.20,21:00,3498.2,3507.9,3436.9,3460.9,1048
2017.07.23,21:00,3455.6,3464.3,3431.5,3462.9,584
2017.07.24,21:00,3464.8,3494.3,3453.8,3475.6,703
2017.07.25,21:00,3471.6,3500.7,3470.5,3478.8,533
2017.07.26,21:00,3486.8,3506.7,3468.8,3481.8,709
2017.07.27,21:00,3481.8,3481.8,3449.9,3466.9,490
2017.07.30,21:00,3466.9,3479.7,3439.9,3444.9,577
2017.07.31,21:00,3457.9,3491.0,3447.2,3477.4,682
2017.08.01,21:00,3480.9,3483.0,3450.7,3462.5,463
2017.08.02,21:00,3459.7,3472.3,3437.7,3461.3,677
2017.08.03,21:00,3461.3,3516.1,3455.9,3508.4,734
2017.08.06,21:00,3508.4,3517.3,3497.0,3504.1,364
2017.08.07,21:00,3499.1,3525.6,3493.1,3498.9,649
2017.08.08,21:00,3489.3,3496.0,3452.4,3474.4,724
2017.08.09,21:00,3465.4,3467.4,3412.2,3415.2,603
2017.08.10,21:00,3411.2,3421.9,3392.2,3404.5,528
2017.08.13,21:00,3423.3,3460.8,3422.3,3449.7,507
2017.08.14,21:00,3461.6,3474.3,3452.7,3464.3,406
2017.08.15,21:00,3463.3,3497.2,3462.3,3475.2,580
2017.08.16,21:00,3476.2,3486.2,3435.3,3435.3,610
2017.08.17,21:00,3443.3,3455.3,3420.2,3440.3,673
2017.08.20,21:00,3437.1,3443.1,3410.5,3421.4,496
2017.08.21,21:00,3435.4,3462.4,3432.4,3461.4,341
2017.08.22,21:00,3457.4,3468.3,3431.5,3443.4,597
2017.08.23,21:00,3439.3,3461.0,3439.3,3443.1,397
2017.08.24,21:00,3450.0,3461.5,3433.1,3435.7,426
2017.08.27,21:00,3428.6,3439.6,3411.7,3418.2,455
2017.08.28,21:00,3398.1,3407.0,3362.4,3404.0,834
2017.08.29,21:00,3410.0,3418.0,3397.8,3412.0,385
2017.08.30,21:00,3418.5,3438.4,3414.7,3426.7,393
2017.08.31,21:00,3427.7,3455.1,3427.7,3447.5,351
2017.09.03,21:00,3431.3,3438.5,3416.3,3435.8,400
2017.09.04,21:00,3432.7,3449.2,3394.2,3405.2,826
2017.09.05,21:00,3404.2,3455.4,3397.2,3448.4,723
2017.09.06,21:00,3442.9,3468.5,3438.6,3454.6,482
2017.09.07,21:00,3454.9,3454.9,3433.1,3443.9,327
2017.09.10,21:00,3459.5,3506.2,3455.3,3502.6,588
2017.09.11,21:00,3503.0,3521.4,3498.2,3512.9,366
2017.09.12,21:00,3514.0,3529.5,3503.4,3520.2,461
2017.09.13,21:00,3519.8,3531.6,3511.8,3527.7,318
2017.09.14,21:00,3527.7,3532.9,3509.3,3519.6,392
2017.09.17,21:00,3520.5,3538.0,3519.8,3527.9,291
2017.09.18,21:00,3527.9,3531.6,3520.3,3525.1,199
2017.09.19,21:00,3524.7,3548.3,3519.9,3544.5,371
2017.09.20,21:00,3544.1,3547.1,3536.1,3544.8,214
2017.09.21,21:00,3544.8,3553.3,3530.4,3542.0,431
2017.09.24,21:00,3539.0,3546.9,3526.8,3539.3,400
2017.09.25,21:00,3539.6,3543.1,3529.4,3534.8,227
2017.09.26,21:00,3534.5,3569.2,3533.4,3558.4,478
2017.09.27,21:00,3557.7,3567.4,3555.6,3566.4,150
2017.09.28,21:00,3565.7,3594.7,3560.8,3592.6,410
2017.10.01,21:00,3594.7,3608.7,3588.1,3608.4,276
2017.10.02,21:00,3608.0,3613.9,3598.8,3613.2,251
2017.10.03,21:00,3613.2,3613.7,3584.6,3592.5,376
2017.10.04,21:00,3591.7,3618.0,3588.0,3615.3,365
2017.10.05,21:00,3614.1,3615.5,3595.7,3610.5,361
2017.10.08,21:00,3607.3,3618.5,3597.6,3599.2,338
2017.10.09,21:00,3598.9,3615.0,3590.2,3612.0,366
2017.10.10,21:00,3610.4,3612.6,3590.7,3607.0,405
2017.10.11,21:00,3606.6,3612.1,3595.1,3604.4,319
2017.10.12,21:00,3603.3,3618.9,3598.9,3605.7,377
2017.10.15,21:00,3607.1,3613.9,3599.0,3609.8,272
2017.10.16,21:00,3610.1,3619.8,3598.2,3609.0,422
2017.10.17,21:00,3608.0,3626.3,3606.7,3623.0,243
2017.10.18,21:00,3623.0,3623.6,3586.1,3604.6,567
2017.10.19,21:00,3604.2,3622.9,3600.2,3605.8,439
2017.10.22,21:00,3607.5,3625.4,3597.3,3600.5,493
2017.10.23,21:00,3599.8,3624.6,3599.5,3608.2,419
2017.10.24,21:00,3608.2,3623.2,3576.4,3600.6,861
2017.10.25,21:00,3600.9,3650.7,3580.4,3649.7,919
2017.10.26,21:00,3648.6,3670.1,3642.9,3652.7,504
2017.10.29,22:00,3649.4,3668.9,3644.2,3658.5,404
2017.10.30,22:00,3658.0,3679.8,3655.8,3674.4,317
2017.10.31,22:00,3674.4,3709.1,3674.2,3695.7,486
2017.11.01,22:00,3694.7,3699.0,3672.6,3694.3,525
2017.11.02,22:00,3693.9,3698.3,3676.8,3685.6,348
2017.11.05,22:00,3685.6,3690.5,3669.8,3687.7,394
2017.11.06,22:00,3686.4,3696.8,3648.9,3655.2,647
2017.11.07,22:00,3652.7,3668.0,3641.5,3656.3,495
2017.11.08,22:00,3657.3,3662.5,3588.1,3614.2,1058
2017.11.09,22:00,3612.4,3620.0,3589.6,3594.6,431
2017.11.12,22:00,3594.2,3603.5,3546.5,3578.1,980
2017.11.13,22:00,3575.6,3589.3,3545.7,3556.7,684
2017.11.14,22:00,3555.6,3555.6,3519.4,3544.4,613
2017.11.15,22:00,3544.4,3577.4,3541.6,3574.1,420
2017.11.16,22:00,3573.0,3575.5,3541.2,3546.4,421
2017.11.19,22:00,3546.3,3567.2,3525.7,3560.3,691
2017.11.20,22:00,3559.9,3591.9,3551.3,3580.1,611
2017.11.21,22:00,3579.4,3596.6,3557.0,3558.7,586
2017.11.22,22:00,3558.4,3581.5,3546.1,3568.9,604
2017.11.23,22:00,3571.8,3601.8,3567.9,3579.0,607
2017.11.26,22:00,3584.1,3596.9,3562.9,3570.0,540
2017.11.27,22:00,3569.3,3604.5,3556.9,3600.1,645
2017.11.28,22:00,3600.1,3620.1,3582.1,3591.1,671
2017.11.29,22:00,3590.7,3614.3,3564.6,3567.6,764
2017.11.30,22:00,3565.6,3576.7,3514.9,3546.0,1041
2017.12.03,22:00,3570.0,3587.5,3552.4,3563.1,634
2017.12.04,22:00,3561.2,3583.2,3552.4,3553.8,543
2017.12.05,22:00,3553.1,3569.9,3530.9,3562.1,691
2017.12.06,22:00,3561.1,3583.1,3558.2,3582.8,282
2017.12.07,22:00,3582.8,3612.5,3580.0,3597.3,506
2017.12.10,22:00,3598.5,3605.1,3579.4,3596.1,491
2017.12.11,22:00,3594.5,3600.3,3568.2,3596.1,627
2017.12.12,22:00,3595.4,3603.2,3568.3,3572.6,471
2017.12.13,22:00,3572.3,3582.3,3543.6,3544.8,500
2017.12.14,22:00,3544.8,3573.4,3542.9,3569.4,365
2017.12.17,22:00,3579.0,3614.8,3578.7,3608.5,428
2017.12.18,22:00,3605.5,3613.7,3578.7,3583.4,480
2017.12.19,22:00,3583.4,3592.0,3544.4,3548.4,603
2017.12.20,22:00,3548.4,3575.2,3533.7,3555.6,759
2017.12.21,22:00,3555.2,3565.6,3547.7,3560.9,302
2017.12.26,22:00,3552.7,3569.7,3541.0,3547.5,523
2017.12.27,22:00,3546.5,3550.7,3520.0,3525.0,400
2017.12.28,22:00,3524.7,3531.0,3497.8,3499.8,416
2018.01.01,22:00,3496.4,3519.5,3469.3,3488.9,930
2018.01.02,22:00,3488.9,3520.8,3487.0,3516.4,402
2018.01.03,22:00,3517.3,3581.3,3515.4,3569.9,793
2018.01.04,22:00,3570.2,3612.9,3566.1,3608.9,550
2018.01.07,22:00,3615.4,3623.8,3608.7,3618.9,268
2018.01.08,22:00,3618.3,3632.2,3612.3,3625.9,323
2018.01.09,22:00,3624.9,3627.8,3598.8,3609.8,430
2018.01.10,22:00,3607.3,3618.7,3588.3,3607.0,606
2018.01.11,22:00,3606.4,3616.2,3597.9,3611.1,320
2018.01.14,22:00,3620.1,3624.5,3603.3,3609.2,316
2018.01.15,22:00,3614.2,3638.9,3592.6,3604.4,829
2018.01.16,22:00,3604.1,3632.9,3598.5,3624.6,484
2018.01.17,22:00,3624.3,3630.9,3606.1,3619.3,447
2018.01.18,22:00,3619.3,3659.0,3612.5,3659.0,534
2018.01.21,22:00,3648.3,3678.8,3644.7,3675.2,414
2018.01.22,22:00,3674.9,3689.6,3663.0,3669.8,482
2018.01.23,22:00,3668.5,3676.3,3632.5,3649.1,683
2018.01.24,22:00,3648.2,3659.6,3613.4,3638.5,828
2018.01.25,22:00,3638.5,3665.1,3630.3,3665.1,431
2018.01.28,22:00,3666.3,3671.8,3636.0,3642.5,479
2018.01.29,22:00,3641.4,3647.1,3601.0,3606.5,574
2018.01.30,22:00,3606.8,3622.6,3600.4,3610.2,411
2018.01.31,22:00,3608.7,3636.4,3567.0,3577.9,1081
2018.02.01,22:00,3581.4,3586.8,3494.1,3501.1,1052
2018.02.04,22:00,3478.1,3508.6,3312.7,3343.4,2572
2018.02.05,22:00,3348.3,3477.1,3217.9,3458.1,4087
2018.02.06,22:00,3460.8,3474.9,3401.9,3424.8,1101
2018.02.07,22:00,3420.6,3444.0,3340.0,3364.5,1520
2018.02.08,22:00,3360.6,3384.2,3259.6,3352.7,2414
2018.02.11,22:00,3369.2,3392.9,3352.5,3384.6,655
2018.02.12,22:00,3386.1,3393.2,3338.9,3357.4,800
2018.02.13,22:00,3356.5,3395.6,3314.3,3386.5,1327
2018.02.14,22:00,3384.5,3414.9,3376.0,3398.1,643
2018.02.15,22:00,3397.5,3440.9,3395.5,3428.8,596
2018.02.18,22:00,3434.8,3448.1,3400.4,3406.4,671
2018.02.19,22:00,3405.5,3438.5,3397.0,3418.5,701
2018.02.20,22:00,3418.1,3442.9,3400.7,3407.0,734
2018.02.21,22:00,3406.8,3440.5,3386.5,3435.5,794
2018.02.22,22:00,3434.2,3459.6,3423.5,3455.6,509
2018.02.25,22:00,3463.1,3487.5,3449.8,3485.0,536
2018.02.26,22:00,3484.7,3488.1,3438.4,3444.9,597
2018.02.27,22:00,3443.7,3463.5,3417.3,3425.3,741
2018.02.28,22:00,3425.3,3435.7,3351.9,3376.6,1190
2018.03.01,22:00,3375.3,3382.5,3316.1,3353.2,1108
2018.03.04,22:00,3339.0,3373.1,3292.6,3366.9,1332
2018.03.05,22:00,3367.6,3390.4,3354.9,3362.3,658
2018.03.06,22:00,3332.6,3387.1,3313.1,3380.5,1002
2018.03.07,22:00,3380.0,3420.0,3374.6,3414.0,569
2018.03.08,22:00,3413.2,3435.1,3403.3,3425.7,512
2018.03.11,22:00,3423.5,3446.3,3417.5,3423.0,572
2018.03.12,22:00,3423.2,3446.9,3372.4,3381.9,1078
2018.03.13,22:00,3378.6,3417.4,3373.6,3397.1,692
2018.03.14,22:00,3396.7,3419.4,3384.7,3418.4,478
2018.03.15,22:00,3417.7,3449.0,3408.7,3432.8,656
2018.03.18,22:00,3428.4,3430.5,3377.3,3400.3,784
2018.03.19,22:00,3398.5,3419.4,3383.1,3417.4,538
2018.03.20,22:00,3417.1,3422.6,3381.3,3388.3,539
2018.03.21,22:00,3388.6,3398.3,3311.5,3315.5,1006
2018.03.22,22:00,3312.4,3324.2,3263.0,3270.1,802
2018.03.25,21:00,3266.7,3320.6,3262.0,3307.8,762
2018.03.26,21:00,3306.8,3337.1,3267.9,3282.0,1137
2018.03.27,21:00,3282.0,3350.0,3268.3,3335.6,1099
2018.03.28,21:00,3338.1,3381.1,3325.4,3369.1,805
2018.04.02,21:00,3335.0,3364.6,3323.9,3361.0,555
2018.04.03,21:00,3360.1,3375.8,3300.2,3372.1,1393
2018.04.04,21:00,3373.1,3434.4,3371.1,3424.0,758
2018.04.05,21:00,3418.1,3421.7,3366.9,3383.3,749
2018.04.08,21:00,3390.0,3434.1,3390.0,3413.6,647
2018.04.09,21:00,3412.8,3458.2,3403.4,3429.7,928
2018.04.10,21:00,3430.3,3435.4,3411.3,3416.1,341
2018.04.11,21:00,3416.1,3447.9,3413.3,3444.8,406
2018.04.12,21:00,3440.4,3467.1,3430.3,3448.1,660
2018.04.15,21:00,3470.7,3474.2,3435.5,3447.2,540
2018.04.16,21:00,3446.0,3486.6,3445.1,3478.7,504
2018.04.17,21:00,3477.1,3496.7,3476.6,3496.1,213
2018.04.18,21:00,3497.4,3499.9,3473.5,3482.2,377
2018.04.19,21:00,3481.5,3505.2,3477.0,3488.9,491
2018.04.22,21:00,3505.4,3516.4,3482.5,3514.2,591
2018.04.23,21:00,3512.7,3523.9,3470.3,3486.8,814
2018.04.24,21:00,3481.2,3503.0,3463.8,3500.7,590
2018.04.25,21:00,3500.5,3529.1,3476.6,3523.6,820
2018.04.26,21:00,3523.6,3524.2,3503.2,3515.1,336
2018.04.29,21:00,3520.8,3538.3,3514.0,3522.4,471
2018.05.01,21:00,3533.7,3557.9,3530.6,3539.5,489
2018.05.02,21:00,3536.1,3549.5,3523.0,3544.9,443
2018.05.03,21:00,3542.5,3559.8,3524.7,3555.8,570
2018.05.06,21:00,3551.0,3568.2,3540.0,3557.5,500
2018.05.07,21:00,3557.2,3565.9,3541.6,3564.8,411
2018.05.08,21:00,3564.0,3580.0,3557.4,3575.7,336
2018.05.09,21:00,3569.3,3577.7,3548.9,3568.8,572
2018.05.10,21:00,3563.7,3573.6,3556.0,3564.0,350
2018.05.13,21:00,3573.9,3579.2,3553.3,3561.3,393
2018.05.14,21:00,3560.3,3570.9,3551.7,3565.1,337
2018.05.15,21:00,3565.8,3572.6,3550.6,3571.0,389
2018.05.16,21:00,3571.0,3594.0,3562.6,3584.6,493
2018.05.17,21:00,3578.2,3594.8,3566.2,3572.2,513
2018.05.20,21:00,3587.8,3596.8,3570.8,3580.2,445
2018.05.21,21:00,3579.5,3595.2,3572.5,3582.8,422
2018.05.22,21:00,3582.0,3583.8,3527.8,3546.4,765
2018.05.23,21:00,3545.8,3561.1,3506.9,3535.0,977
2018.05.24,21:00,3534.0,3551.4,3493.0,3514.6,975
2018.05.27,21:00,3517.7,3542.8,3473.5,3482.0,1030
2018.05.28,21:00,3481.2,3484.1,3398.0,3426.3,1174
2018.05.29,21:00,3418.9,3458.0,3408.3,3448.0,704
2018.05.30,21:00,3443.6,3455.2,3391.5,3422.5,1064
2018.05.31,21:00,3422.8,3468.5,3420.6,3463.6,551
2018.06.03,21:00,3461.7,3485.6,3457.6,3467.7,501
2018.06.04,21:00,3465.9,3497.2,3451.8,3455.3,803
2018.06.05,21:00,3455.0,3481.1,3433.6,3479.5,706
2018.06.06,21:00,3479.2,3490.0,3429.9,3441.6,827
2018.06.07,21:00,3439.6,3458.0,3422.1,3452.0,595
2018.06.10,21:00,3442.9,3492.9,3436.6,3484.7,709
2018.06.11,21:00,3483.7,3498.0,3469.2,3474.9,489
2018.06.12,21:00,3473.4,3488.4,3464.3,3472.3,472
2018.06.13,21:00,3470.1,3545.0,3457.1,3535.3,1107
2018.06.14,21:00,3534.7,3541.1,3502.0,3517.1,607
2018.06.17,21:00,3513.0,3520.2,3451.9,3472.5,962
2018.06.18,21:00,3472.5,3473.1,3410.2,3452.1,1055
2018.06.19,21:00,3451.1,3464.2,3436.4,3443.7,483
2018.06.20,21:00,3444.5,3461.4,3392.8,3399.1,919
2018.06.21,21:00,3398.5,3446.4,3397.1,3428.3,689
2018.06.24,21:00,3427.7,3430.1,3362.9,3374.6,814
2018.06.25,21:00,3373.7,3391.0,3362.8,3380.0,502
2018.06.26,21:00,3382.8,3424.9,3340.6,3381.6,1675
2018.06.27,21:00,3381.3,3404.5,3347.6,3380.4,1130
2018.06.28,21:00,3379.7,3421.3,3375.9,3383.9,867
2018.07.01,21:00,3387.8,3392.3,3344.6,3384.3,920
2018.07.02,21:00,3384.9,3421.1,3376.5,3397.2,770
2018.07.03,21:00,3392.3,3418.2,3391.4,3416.0,300
2018.07.04,21:00,3415.6,3460.6,3404.1,3447.6,811
2018.07.05,21:00,3445.1,3465.7,3429.8,3449.7,673
2018.07.08,21:00,3450.9,3471.7,3450.3,3466.1,277
2018.07.09,21:00,3466.3,3480.7,3453.3,3459.6,482
2018.07.10,21:00,3454.7,3460.0,3414.5,3424.5,609
2018.07.11,21:00,3425.8,3452.6,3417.9,3449.3,460
2018.07.12,21:00,3449.9,3466.4,3447.7,3457.9,295
2018.07.15,21:00,3462.1,3465.7,3441.9,3449.8,354
2018.07.16,21:00,3449.2,3474.8,3429.9,3469.3,698
2018.07.17,21:00,3469.0,3488.3,3465.8,3480.6,335
2018.07.18,21:00,3480.2,3486.6,3464.3,3468.1,326
2018.07.19,21:00,3468.7,3481.9,3431.5,3457.8,900
2018.07.22,21:00,3459.3,3464.6,3440.3,3463.2,448
2018.07.23,21:00,3462.6,3494.3,3459.5,3476.9,554
2018.07.24,21:00,3477.5,3504.3,3460.3,3494.2,714
2018.07.25,21:00,3482.4,3511.3,3479.8,3506.8,387
2018.07.26,21:00,3507.1,3530.0,3505.6,3511.9,441
2018.07.29,21:00,3505.3,3521.8,3493.7,3506.6,550
2018.07.30,21:00,3507.2,3537.0,3503.7,3534.9,390
2018.07.31,21:00,3532.8,3533.7,3499.8,3508.0,431
2018.08.01,21:00,3507.1,3508.4,3459.9,3492.9,829
2018.08.02,21:00,3493.3,3494.2,3470.0,3492.2,474
2018.08.05,21:00,3493.5,3502.0,3471.3,3481.5,495
2018.08.06,21:00,3481.8,3515.2,3480.6,3506.3,448
2018.08.07,21:00,3506.1,3509.8,3481.7,3482.3,325
2018.08.08,21:00,3482.6,3497.6,3478.6,3491.6,291
2018.08.09,21:00,3491.6,3491.9,3413.4,3423.3,888
2018.08.12,21:00,3422.6,3423.2,3399.3,3412.3,376
2018.08.13,21:00,3413.2,3435.7,3398.8,3425.1,620
2018.08.14,21:00,3425.1,3426.3,3342.9,3363.1,1049
2018.08.15,21:00,3362.5,3388.6,3351.8,3375.0,612
2018.08.16,21:00,3374.7,3386.2,3353.7,3377.5,623
2018.08.19,21:00,3379.2,3405.2,3375.6,3389.4,491
2018.08.20,21:00,3389.1,3424.2,3385.5,3399.2,674
2018.08.21,21:00,3397.1,3429.7,3389.0,3417.8,608
2018.08.22,21:00,3417.8,3431.0,3412.7,3417.1,360
2018.08.23,21:00,3417.1,3436.4,3415.0,3429.4,306
2018.08.26,21:00,3430.8,3460.6,3430.8,3460.0,305
2018.08.27,21:00,3460.0,3465.3,3444.4,3449.3,312
2018.08.28,21:00,3449.9,3459.5,3437.6,3457.2,366
2018.08.29,21:00,3457.5,3458.4,3418.7,3419.0,410
2018.08.30,21:00,3417.5,3427.9,3377.8,3391.8,746
2018.09.02,21:00,3397.8,3398.4,3381.7,3391.1,268
2018.09.03,21:00,3390.9,3407.6,3344.0,3366.7,1031
2018.09.04,21:00,3367.0,3367.3,3313.2,3323.1,644
2018.09.05,21:00,3321.4,3328.9,3293.5,3304.2,537
2018.09.06,21:00,3303.6,3306.5,3274.1,3290.0,513
2018.09.07,00:00,3301.5,3306.4,3280.4,3283.1,1159
2018.09.09,00:00,3290.2,3294.6,3289.6,3294.3,203
2018.09.09,21:00,3294.0,3323.8,3287.9,3315.3,506
2018.09.10,00:00,3297.9,3299.1,3288.9,3292.9,1136
2018.09.11,00:00,3318.6,3323.4,3286.1,3322.6,1121
2018.09.11,21:00,3322.9,3329.9,3305.0,3316.9,439
2018.09.12,00:00,3318.8,3329.9,3305.0,3317.2,1173
2018.10.04,00:00,3383.1,3386.8,3382.1,3385.6,71
2018.10.08,00:00,3308.3,3321.3,3306.3,3318.1,634
2018.10.09,00:00,3317.9,3331.4,3277.3,3315.7,4687
2018.10.10,00:00,3315.8,3322.5,3217.0,3223.9,7811
2018.10.11,00:00,3223.6,3253.8,3173.8,3222.9,16454
2018.10.12,00:00,3222.6,3254.8,3167.8,3203.8,9556
2018.10.15,00:00,3199.7,3217.8,3177.8,3196.9,6150
2018.10.16,00:00,3197.8,3267.6,3195.5,3265.0,4461
2018.10.17,00:00,3264.7,3280.8,3228.8,3251.8,4159
2018.10.18,00:00,3249.6,3258.8,3185.8,3200.1,6705
2018.10.19,00:00,3199.6,3227.8,3184.8,3211.8,6657
2018.10.22,00:00,3194.3,3243.8,3181.8,3189.0,7153
2018.10.23,00:00,3187.9,3189.6,3131.8,3176.8,9397
2018.10.24,00:00,3176.1,3186.8,3099.0,3117.6,10182
2018.10.25,00:00,3117.5,3179.8,3098.8,3125.4,10462
2018.10.26,00:00,3121.4,3157.8,3090.8,3131.8,13666
2018.10.29,00:00,3139.9,3182.8,3107.2,3135.2,10262
2018.10.30,00:00,3130.1,3171.0,3121.4,3171.0,12246
2018.10.31,00:00,3168.0,3209.9,3157.3,3187.8,7825
2018.11.01,00:00,3184.1,3227.9,3182.2,3207.4,6732
2018.11.02,00:00,3193.2,3250.4,3191.9,3224.6,12642
2018.11.05,00:00,3218.7,3230.3,3207.4,3218.4,5874
2018.11.06,00:00,3214.2,3229.8,3195.8,3225.8,4927
2018.11.07,00:00,3221.9,3264.0,3209.2,3264.0,8476
2018.11.08,00:00,3259.8,3264.3,3227.0,3233.0,4548
2018.11.09,00:00,3228.8,3238.3,3204.0,3235.3,5860
2018.11.12,00:00,3227.5,3247.2,3185.9,3190.3,6336
2018.11.13,00:00,3188.2,3228.1,3177.1,3206.7,7811
2018.11.14,00:00,3215.0,3239.5,3178.2,3195.9,8746
2018.11.15,00:00,3190.0,3227.7,3163.2,3213.0,9479
2018.11.16,00:00,3204.4,3214.6,3157.3,3191.4,6306
2018.11.19,00:00,3181.7,3205.8,3145.3,3152.9,5691
2018.11.20,00:00,3146.2,3152.3,3100.1,3100.7,8625
2018.11.21,00:00,3101.0,3157.3,3100.1,3142.1,6850
2018.11.22,00:00,3144.7,3153.2,3120.6,3127.3,3928
2018.11.26,00:00,3134.5,3183.7,3132.0,3161.5,4599
2018.11.27,00:00,3162.0,3194.1,3150.3,3172.9,5543
2018.11.28,00:00,3172.0,3204.9,3164.6,3194.9,4918
2018.11.29,00:00,3193.0,3198.8,3168.8,3182.4,4941
2018.11.30,00:00,3180.4,3186.2,3158.2,3185.2,3396
2018.12.03,00:00,3227.5,3244.6,3206.6,3215.0,5836
2018.12.04,00:00,3210.3,3211.4,3129.7,3136.4,7868
2018.12.05,00:00,3145.1,3169.6,3141.5,3145.4,4716
2018.12.06,00:00,3111.9,3125.3,3032.4,3078.9,13334
2018.12.07,00:00,3079.7,3097.7,3033.1,3043.1,9160
2018.12.10,00:00,3016.4,3053.4,3006.9,3042.3,13548
2018.12.11,00:00,3037.7,3083.2,3026.7,3048.7,6249
2018.12.12,00:00,3056.8,3122.1,3051.9,3099.2,5042
2018.12.13,00:00,3099.5,3127.1,3092.4,3094.6,5235
2018.12.14,00:00,3095.3,3102.7,3061.5,3077.1,4302
2018.12.17,00:00,3066.4,3100.5,3033.6,3047.3,4421
2018.12.18,00:00,3045.1,3066.4,3015.0,3017.4,7259
2018.12.19,00:00,3017.0,3067.0,2994.8,3003.5,8632
2018.12.20,00:00,3005.8,3021.3,2969.7,2999.1,9026
2018.12.21,00:00,2996.1,3003.6,2956.9,2962.2,6864
2018.12.27,00:00,2986.0,3002.1,2907.6,2963.1,7790
2018.12.28,00:00,2965.5,2996.9,2949.5,2983.8,5443
2019.01.02,00:00,3006.6,3012.1,2935.9,2978.7,6785
2019.01.03,00:00,2967.8,2984.0,2947.4,2954.3,6116
2019.01.04,00:00,2953.8,3054.5,2941.8,3049.5,4723
2019.01.07,00:00,3048.9,3066.3,3015.3,3034.4,4256
2019.01.08,00:00,3034.1,3078.7,3029.4,3053.7,3824
2019.01.09,00:00,3052.2,3088.5,3051.1,3062.0,4001
2019.01.10,00:00,3059.8,3085.0,3042.3,3076.5,3965
2019.01.11,00:00,3073.5,3086.4,3055.7,3070.7,3228
2019.01.14,00:00,3057.3,3063.1,3036.7,3052.9,3119
2019.01.15,00:00,3050.6,3087.6,3044.1,3065.2,3684
2019.01.16,00:00,3064.9,3083.7,3055.6,3069.7,2950
2019.01.17,00:00,3069.0,3086.1,3052.1,3079.8,4001
2019.01.18,00:00,3077.7,3141.4,3073.4,3137.4,3516
2019.01.21,00:00,3132.8,3134.5,3118.1,3128.1,2699
2019.01.22,00:00,3118.6,3124.2,3086.1,3088.6,3589
2019.01.23,00:00,3086.6,3131.2,3082.5,3106.1,3841
2019.01.24,00:00,3102.9,3134.3,3095.2,3122.4,4252
2019.01.25,00:00,3121.6,3165.8,3118.7,3154.4,2830
2019.01.28,00:00,3149.5,3155.1,3126.5,3139.2,2899
2019.01.29,00:00,3138.3,3165.4,3126.1,3157.8,3421
2019.01.30,00:00,3157.9,3174.6,3144.8,3166.9,3448
2019.01.31,00:00,3162.1,3176.7,3127.6,3171.6,3575
2019.02.01,00:00,3167.0,3173.9,3143.3,3169.3,3173
2019.02.04,00:00,3160.0,3173.7,3143.3,3165.2,2969
2019.02.05,00:00,3163.5,3215.9,3161.1,3202.4,3061
2019.02.06,00:00,3201.8,3215.3,3197.7,3199.4,2627
2019.02.07,00:00,3198.5,3207.7,3145.3,3155.1,3828
2019.02.08,00:00,3153.7,3160.5,3123.5,3149.9,3450
2019.02.11,00:00,3152.4,3172.4,3142.0,3160.2,3086
2019.02.12,00:00,3159.3,3200.1,3158.1,3194.7,2694
2019.02.13,00:00,3193.6,3213.4,3191.4,3200.1,3117
2019.02.14,00:00,3199.0,3225.9,3180.4,3182.0,4000
2019.02.15,00:00,3182.2,3247.0,3174.3,3244.8,2986
2019.02.18,00:00,3249.9,3250.7,3234.1,3246.5,1497
2019.02.19,00:00,3243.3,3250.8,3221.8,3241.0,2328
2019.02.20,00:00,3240.7,3267.6,3235.9,3261.4,3452
2019.02.21,00:00,3261.1,3273.5,3253.6,3255.4,2980
2019.02.22,00:00,3254.9,3280.0,3252.5,3268.9,1941
2019.02.25,00:00,3277.2,3288.6,3266.0,3266.8,2273
2019.02.26,00:00,3266.5,3293.6,3259.7,3278.3,2391
2019.02.27,00:00,3276.8,3287.4,3269.0,3284.7,2307
2019.02.28,00:00,3283.9,3301.4,3267.0,3295.8,2554
2019.03.01,00:00,3293.8,3329.4,3291.0,3322.5,2111
2019.03.04,00:00,3321.8,3339.5,3299.9,3309.9,2540
2019.03.05,00:00,3309.0,3331.1,3305.7,3323.6,2224
2019.03.06,00:00,3321.0,3339.9,3316.2,3317.4,2468
2019.03.07,00:00,3316.2,3337.2,3292.7,3299.6,3486
2019.03.08,00:00,3298.7,3302.2,3272.4,3294.5,2938
2019.03.11,00:00,3295.3,3316.5,3283.4,3316.5,1437
2019.03.12,00:00,3324.9,3324.9,3290.9,3298.5,3206
2019.03.13,00:00,3295.2,3332.4,3286.2,3332.4,2582
2019.03.14,00:00,3334.0,3349.1,3319.3,3340.0,2192
2019.03.15,00:00,3341.3,3392.2,3339.3,3386.5,1963
2019.03.18,00:00,3381.3,3395.2,3380.3,3393.2,1175
2019.03.19,00:00,3390.1,3421.4,3385.9,3395.3,1678
2019.03.20,00:00,3394.9,3399.2,3368.2,3369.1,2390
2019.03.21,00:00,3368.2,3381.0,3347.4,3378.7,1962
2019.03.22,00:00,3377.6,3383.0,3296.0,3300.1,3792
2019.03.25,00:00,3302.7,3313.4,3282.9,3301.3,3544
2019.03.26,00:00,3300.3,3325.3,3292.6,3320.2,2998
2019.03.27,00:00,3313.9,3343.7,3302.1,3331.2,7958
2019.03.28,00:00,3329.6,3336.9,3315.4,3331.0,6482
2019.03.29,00:00,3330.6,3358.4,3326.5,3356.5,6339
2019.04.01,00:00,3367.9,3394.5,3362.6,3391.5,16768
2019.04.02,00:00,3390.1,3408.3,3381.8,3408.3,4625
2019.04.03,00:00,3402.2,3439.1,3401.6,3437.2,4009
2019.04.04,00:00,3437.2,3448.9,3424.9,3440.8,2611
2019.04.05,00:00,3440.5,3452.2,3436.9,3450.3,2378
2019.04.07,00:00,3450.3,3450.3,3450.3,3450.3,1
2019.04.08,00:00,3450.3,3452.5,3432.0,3437.5,2290
2019.04.09,00:00,3437.3,3450.0,3411.9,3413.3,2440
2019.04.10,00:00,3413.6,3434.6,3411.8,3428.3,2293
2019.04.11,00:00,3428.0,3441.3,3410.8,3435.7,2277
2019.04.12,00:00,3434.2,3454.4,3424.6,3454.4,1710
2019.04.15,00:00,3454.0,3456.5,3442.3,3449.8,1735
2019.04.16,00:00,3449.4,3465.3,3448.8,3458.9,2092
2019.04.17,00:00,3458.1,3486.1,3456.3,3478.2,2335
2019.04.18,00:00,3478.7,3509.0,3463.5,3506.7,2341
2019.04.23,00:00,3508.1,3510.1,3485.8,3505.7,1745
2019.04.24,00:00,3505.4,3514.4,3491.2,3497.8,2641
2019.04.25,00:00,3496.9,3502.3,3474.5,3491.9,2039
2019.04.26,00:00,3487.6,3503.3,3480.8,3500.2,1868
2019.04.29,00:00,3493.5,3508.8,3480.0,3499.9,2075
2019.04.30,00:00,3498.2,3524.2,3486.9,3521.2,1785
2019.05.02,00:00,3487.7,3510.5,3477.0,3485.1,2755
2019.05.03,00:00,3484.8,3510.6,3481.7,3509.6,1762
2019.05.06,00:00,3458.8,3477.3,3422.7,3444.4,4634
2019.05.07,00:00,3442.6,3467.6,3380.3,3396.0,5282
2019.05.08,00:00,3394.9,3424.2,3388.1,3417.9,4928
2019.05.09,00:00,3407.0,3409.0,3345.0,3376.4,5226
2019.05.10,00:00,3373.2,3401.4,3348.8,3397.4,7180
2019.05.13,00:00,3366.3,3378.7,3309.6,3313.9,6641
2019.05.14,00:00,3311.9,3373.4,3304.6,3364.6,3729
2019.05.15,00:00,3364.4,3390.9,3331.7,3387.0,4711
2019.05.16,00:00,3382.0,3439.5,3356.8,3429.6,3571
2019.05.17,00:00,3428.3,3436.1,3401.1,3415.1,4057
2019.05.20,00:00,3412.9,3426.6,3359.0,3373.4,4940
2019.05.21,00:00,3371.2,3394.8,3366.1,3385.3,2895
2019.05.22,00:00,3385.2,3396.1,3358.4,3378.1,3902
2019.05.23,00:00,3375.0,3375.9,3317.1,3322.5,4899
2019.05.24,00:00,3323.6,3364.4,3321.0,3357.1,3250
2019.05.27,00:00,3356.8,3380.9,3351.5,3363.3,2287
2019.05.28,00:00,3361.3,3374.4,3328.6,3333.7,4526
2019.05.29,00:00,3327.9,3331.0,3287.4,3301.7,4792
2019.05.30,00:00,3300.2,3323.2,3300.2,3321.7,3042
2019.05.31,00:00,3319.9,3322.3,3256.6,3275.4,4832
2019.06.03,00:00,3260.6,3299.4,3246.8,3292.6,5691
2019.06.04,00:00,3292.1,3340.0,3272.0,3339.4,3942
2019.06.05,00:00,3340.8,3354.7,3326.3,3344.1,4056
2019.06.06,00:00,3334.3,3372.5,3325.4,3336.5,4729
2019.06.07,00:00,3335.9,3390.7,3333.8,3375.6,3020
2019.06.10,00:00,3397.4,3402.0,3377.2,3382.0,2800
2019.06.11,00:00,3380.3,3417.3,3373.7,3395.6,2585
2019.06.12,00:00,3395.2,3397.9,3375.5,3380.9,2831
2019.06.13,00:00,3381.0,3401.1,3369.9,3388.7,2673
2019.06.14,00:00,3387.2,3392.5,3362.4,3382.9,2299
2019.06.17,00:00,3385.5,3393.9,3375.2,3385.1,1945
2019.06.18,00:00,3384.1,3458.0,3366.2,3456.0,3802
2019.06.19,00:00,3454.8,3463.6,3443.7,3456.2,3866
2019.06.20,00:00,3455.1,3486.7,3455.1,3471.6,3135
2019.06.21,00:00,3471.0,3496.5,3447.1,3449.1,3163
2019.06.24,00:00,3439.4,3473.0,3439.1,3447.5,2975
2019.06.25,00:00,3448.3,3457.5,3430.9,3432.4,2020
2019.06.26,00:00,3431.8,3459.2,3426.4,3433.7,2403
2019.06.27,00:00,3433.4,3453.7,3424.2,3448.7,2187
2019.06.28,00:00,3448.8,3476.2,3439.0,3470.7,1456
2019.07.01,00:00,3500.4,3520.2,3487.0,3499.0,2714
2019.07.02,00:00,3499.1,3514.3,3489.0,3513.1,1753
2019.07.03,00:00,3513.7,3551.2,3506.0,3550.7,1440
2019.07.04,00:00,3546.8,3552.2,3540.2,3543.7,936
2019.07.05,00:00,3542.1,3547.2,3516.2,3534.2,1603
2019.07.08,00:00,3529.2,3534.2,3514.0,3520.5,2042
2019.07.09,00:00,3519.6,3522.0,3495.2,3515.0,1882
2019.07.10,00:00,3514.7,3527.2,3501.2,3508.8,2031
2019.07.11,00:00,3508.3,3522.0,3495.2,3503.4,1860
2019.07.12,00:00,3502.2,3515.0,3495.2,3500.2,1629
2019.07.15,00:00,3497.0,3521.2,3486.2,3507.8,1875
2019.07.16,00:00,3507.6,3534.2,3501.2,3516.0,1797
2019.07.17,00:00,3516.3,3532.2,3489.4,3490.0,1986
2019.07.18,00:00,3489.4,3506.2,3473.2,3495.8,2798
2019.07.19,00:00,3496.3,3518.2,3473.2,3477.2,2802
2019.07.22,00:00,3470.0,3504.2,3468.1,3495.7,2311
2019.07.23,00:00,3496.0,3549.2,3494.6,3540.7,2027
2019.07.24,00:00,3540.9,3551.2,3525.2,3544.8,2017
2019.07.25,00:00,3545.4,3579.2,3494.2,3508.3,4092
2019.07.26,00:00,3510.6,3534.2,3509.1,3530.2,1874
2019.07.29,00:00,3524.1,3544.2,3518.2,3532.0,1682
2019.07.30,00:00,3531.4,3538.0,3452.2,3461.1,2769
2019.07.31,00:00,3462.2,3482.2,3431.2,3449.8,3939
2019.08.01,00:00,3446.7,3500.2,3426.2,3432.7,5593
2019.08.02,00:00,3434.6,3443.0,3372.2,3389.7,6887
2019.08.05,00:00,3386.7,3388.7,3269.8,3272.4,8776
2019.08.06,00:00,3263.2,3336.8,3217.0,3303.6,11574
2019.08.07,00:00,3302.1,3338.7,3282.0,3329.1,8670
2019.08.08,00:00,3327.4,3376.4,3316.3,3365.1,5986
2019.08.09,00:00,3352.4,3367.7,3325.8,3345.8,6478
2019.08.12,00:00,3345.1,3370.4,3308.5,3313.6,5761
2019.08.13,00:00,3313.3,3381.9,3297.5,3370.2,7085
2019.08.14,00:00,3369.4,3373.5,3267.1,3267.8,7348
2019.08.15,00:00,3266.9,3306.6,3237.2,3284.2,10199
2019.08.16,00:00,3283.7,3333.5,3281.9,3327.7,4800
2019.08.19,00:00,3333.1,3377.4,3329.4,3357.9,4311
2019.08.20,00:00,3357.1,3379.6,3331.8,3333.0,4331
2019.08.21,00:00,3331.8,3399.8,3330.5,3399.5,3495
2019.08.22,00:00,3398.6,3406.7,3365.4,3371.7,3730
2019.08.23,00:00,3372.0,3395.4,3307.3,3309.3,6463
2019.08.26,00:00,3287.9,3360.0,3265.8,3357.2,9206
2019.08.27,00:00,3358.0,3380.7,3333.4,3356.5,5072
2019.08.28,00:00,3355.6,3369.4,3333.0,3358.5,5196
2019.08.29,00:00,3359.0,3417.8,3345.7,3411.8,4453
2019.08.30,00:00,3410.6,3442.5,3407.3,3432.9,3302
2019.09.02,00:00,3406.6,3441.8,3400.7,3424.6,3459
2019.09.03,00:00,3421.4,3438.4,3405.2,3420.0,5746
2019.09.04,00:00,3419.1,3460.3,3416.9,3453.3,3226
2019.09.05,00:00,3453.5,3488.4,3451.6,3471.6,3701
2019.09.06,00:00,3472.2,3495.7,3472.2,3485.7,2765
2019.09.09,00:00,3487.3,3502.4,3482.7,3492.2,2500
2019.09.10,00:00,3492.8,3508.7,3478.2,3498.2,3036
2019.09.11,00:00,3497.4,3524.0,3491.9,3522.0,2530
2019.09.12,00:00,3522.5,3554.8,3504.4,3535.4,5775
2019.09.13,00:00,3537.5,3555.6,3533.9,3540.6,2105
2019.09.16,00:00,3522.8,3535.7,3509.9,3524.9,3881
2019.09.17,00:00,3524.6,3527.5,3505.7,3524.6,2806
2019.09.18,00:00,3524.9,3539.0,3516.9,3535.1,2977
2019.09.19,00:00,3536.2,3556.1,3522.5,3541.8,2480
2019.09.20,00:00,3541.4,3577.1,3540.3,3552.2,2662
2019.09.23,00:00,3555.4,3566.0,3525.3,3547.4,3259
2019.09.24,00:00,3547.7,3560.8,3511.7,3517.9,3763
2019.09.25,00:00,3517.7,3529.5,3478.8,3514.5,3715
2019.09.26,00:00,3515.4,3546.1,3501.8,3542.5,2650
2019.09.27,00:00,3539.9,3553.0,3521.2,3528.2,2764
2019.09.30,00:00,3544.6,3573.9,3530.7,3572.1,3101
2019.10.01,00:00,3570.9,3587.5,3506.1,3512.0,3201
2019.10.02,00:00,3512.6,3519.0,3400.0,3405.3,4737
2019.10.03,00:00,3405.4,3434.8,3392.8,3433.6,5848
2019.10.04,00:00,3433.3,3460.3,3405.8,3459.3,3826
2019.10.07,00:00,3434.3,3481.3,3432.6,3461.2,3928
2019.10.08,00:00,3459.8,3481.3,3423.6,3431.7,5397
2019.10.09,00:00,3432.0,3478.9,3426.2,3467.8,4633
2019.10.10,00:00,3467.5,3504.2,3423.3,3498.9,8839
2019.10.11,00:00,3497.9,3574.4,3488.3,3551.4,5440
2019.10.14,00:00,3551.8,3566.6,3530.2,3553.0,3766
2019.10.15,00:00,3553.6,3610.3,3553.3,3599.4,3644
2019.10.16,00:00,3599.7,3610.3,3587.1,3595.0,4081
2019.10.17,00:00,3595.3,3629.3,3575.8,3587.4,3979
2019.10.18,00:00,3587.1,3596.3,3567.7,3581.7,2946
2019.10.21,00:00,3580.4,3608.6,3577.7,3601.1,2897
2019.10.22,00:00,3601.4,3610.5,3575.4,3578.1,2816
2019.10.23,00:00,3579.6,3609.9,3573.3,3609.9,3041
2019.10.24,00:00,3610.2,3626.4,3605.7,3614.0,3432
2019.10.25,00:00,3615.5,3626.2,3603.7,3622.2,2013
2019.10.28,00:00,3621.5,3637.1,3614.3,3629.1,2466
2019.10.29,00:00,3629.6,3631.9,3610.4,3621.5,1646
2019.10.30,00:00,3621.1,3629.2,3595.5,3627.2,2360
2019.10.31,00:00,3627.6,3631.6,3591.9,3611.6,2925
2019.11.01,00:00,3611.5,3633.3,3607.2,3627.5,1745
2019.11.04,00:00,3629.5,3670.7,3627.6,3665.9,1811
2019.11.05,00:00,3664.5,3678.3,3660.4,3675.3,2193
2019.11.06,00:00,3673.6,3693.4,3666.1,3685.4,2161
2019.11.07,00:00,3688.3,3710.4,3682.2,3699.3,2029
2019.11.08,00:00,3700.1,3705.9,3685.0,3702.1,2237
2019.11.11,00:00,3705.5,3705.8,3682.4,3701.6,1755
2019.11.12,00:00,3701.8,3718.8,3694.0,3706.1,1855
2019.11.13,00:00,3707.3,3707.6,3678.3,3703.3,2138
2019.11.14,00:00,3703.4,3707.8,3682.3,3696.8,2145
2019.11.15,00:00,3696.2,3715.2,3689.2,3709.0,1373
2019.11.18,00:00,3704.1,3716.2,3686.3,3704.4,2040
2019.11.19,00:00,3703.4,3732.5,3687.9,3691.2,1932
2019.11.20,00:00,3690.9,3694.0,3661.0,3672.9,3489
2019.11.21,00:00,3659.5,3688.6,3650.8,3684.1,3733
2019.11.22,00:00,3684.3,3709.0,3681.1,3693.5,2466
2019.11.25,00:00,3701.2,3710.5,3698.0,3707.2,1519
2019.11.26,00:00,3706.9,3723.2,3694.0,3715.8,1742
2019.11.27,00:00,3715.2,3721.1,3704.0,3714.5,1431
2019.11.28,00:00,3714.8,3715.0,3698.1,3706.8,1485
2019.11.29,00:00,3704.1,3719.5,3686.6,3697.1,1436
2019.12.02,00:00,3700.1,3729.4,3622.0,3628.7,3162
2019.12.03,00:00,3630.2,3646.6,3594.0,3626.5,3970
2019.12.04,00:00,3626.3,3668.1,3610.4,3662.3,3593
2019.12.05,00:00,3662.6,3683.0,3645.4,3653.4,2929
2019.12.06,00:00,3652.6,3694.0,3651.7,3692.0,2238
2019.12.09,00:00,3692.8,3693.7,3658.5,3660.3,2043
2019.12.10,00:00,3661.1,3675.8,3624.1,3672.2,3312
2019.12.11,00:00,3670.2,3691.6,3658.2,3685.6,2633
2019.12.12,00:00,3685.3,3724.3,3674.7,3719.0,4082
2019.12.13,00:00,3725.2,3772.5,3722.5,3740.9,5640
2019.12.16,00:00,3746.0,3778.1,3743.3,3771.1,2166
2019.12.17,00:00,3769.0,3772.5,3740.7,3741.8,2149
2019.12.18,00:00,3740.8,3755.8,3736.8,3743.5,2363
2019.12.19,00:00,3743.8,3747.6,3721.7,3743.0,2075
2019.12.20,00:00,3743.6,3778.2,3734.8,3770.2,2522
2019.12.23,00:00,3773.5,3779.3,3766.0,3775.6,1414
2019.12.27,00:00,3786.6,3798.1,3772.6,3773.6,1501
2019.12.30,00:00,3770.6,3778.6,3737.9,3738.5,2377
2019.12.31,00:00,3738.3,3746.1,3736.1,3746.1,119
2020.01.02,00:00,3759.0,3811.1,3750.5,3811.1,2308
2020.01.03,00:00,3810.5,3813.1,3745.0,3762.5,4440
2020.01.06,00:00,3740.2,3760.4,3709.5,3752.6,4419
2020.01.07,00:00,3753.8,3783.4,3737.8,3745.3,4019
2020.01.08,00:00,3744.1,3792.6,3698.9,3785.9,8277
2020.01.09,00:00,3786.0,3806.4,3783.1,3798.0,3039
2020.01.10,00:00,3798.3,3806.6,3773.8,3778.8,2276
2020.01.13,00:00,3781.4,3798.1,3766.9,3781.9,2509
2020.01.14,00:00,3782.4,3790.4,3744.3,3780.1,4127
2020.01.15,00:00,3780.2,3780.4,3754.2,3761.6,2996
2020.01.16,00:00,3761.9,3785.0,3757.1,3780.6,2153
2020.01.17,00:00,3780.0,3812.8,3779.6,3810.9,1587
2020.01.20,00:00,3802.7,3811.9,3790.9,3803.5,1189
2020.01.21,00:00,3800.5,3802.2,3759.3,3776.1,3246
2020.01.22,00:00,3777.3,3806.1,3752.7,3754.7,2803
2020.01.23,00:00,3754.4,3769.7,3733.2,3758.2,3708
2020.01.24,00:00,3758.8,3795.0,3753.6,3763.1,3492
2020.01.27,00:00,3729.3,3740.3,3667.7,3671.9,6214
2020.01.28,00:00,3669.8,3724.2,3669.4,3722.5,4671
2020.01.29,00:00,3721.1,3744.0,3705.1,3724.3,4211
2020.01.30,00:00,3725.4,3731.7,3675.4,3725.8,6810
2020.01.31,00:00,3722.9,3724.0,3615.5,3624.5,7093
2020.02.03,00:00,3633.8,3672.8,3627.9,3650.6,7248
2020.02.04,00:00,3649.4,3732.9,3640.4,3729.0,4316
2020.02.05,00:00,3728.3,3788.7,3711.7,3782.8,5436
2020.02.06,00:00,3780.2,3808.1,3774.2,3807.6,4496
2020.02.07,00:00,3809.1,3809.6,3781.4,3785.9,4700
2020.02.10,00:00,3786.2,3803.8,3758.9,3802.7,4711
2020.02.11,00:00,3800.9,3831.0,3799.8,3825.9,3010
2020.02.12,00:00,3827.1,3861.1,3819.5,3860.0,2518
2020.02.13,00:00,3860.2,3862.0,3799.5,3845.2,4970
2020.02.14,00:00,3846.0,3854.8,3829.9,3840.9,3152
2020.02.17,00:00,3849.6,3855.7,3840.7,3850.3,1798
2020.02.18,00:00,3838.8,3847.5,3822.3,3842.7,4275
2020.02.19,00:00,3844.1,3864.9,3842.9,3859.1,2022
2020.02.20,00:00,3861.7,3869.5,3818.2,3833.3,4414
2020.02.21,00:00,3833.2,3835.3,3776.0,3792.8,5872
2020.02.24,00:00,3755.6,3757.3,3620.4,3627.0,10712
2020.02.25,00:00,3623.0,3681.0,3519.3,3535.5,13418
2020.02.26,00:00,3534.9,3595.5,3465.9,3506.0,18320
2020.02.27,00:00,3506.3,3528.6,3356.7,3363.4,22300
2020.02.28,00:00,3362.6,3401.1,3281.1,3345.9,30379
2020.03.02,00:00,3280.3,3415.5,3256.6,3368.6,27671
2020.03.03,00:00,3373.8,3447.7,3304.3,3314.9,27248
2020.03.04,00:00,3313.3,3468.2,3296.7,3444.8,18996
2020.03.05,00:00,3441.2,3448.6,3300.5,3312.2,16605
2020.03.06,00:00,3313.8,3334.8,3194.0,3231.0,20584
2020.03.09,00:00,3108.2,3115.3,2873.1,2875.1,32172
2020.03.10,00:00,2873.3,3089.4,2834.4,3030.7,31982
2020.03.11,00:00,3030.2,3030.2,2834.4,2862.4,29673
2020.03.12,00:00,2861.9,2899.9,2487.0,2501.0,40365
2020.03.13,00:00,2500.3,2790.5,2447.8,2701.0,40446
2020.03.16,00:00,2694.0,2694.0,2274.8,2376.8,32387
2020.03.17,00:00,2374.3,2560.0,2352.0,2501.9,43198
2020.03.18,00:00,2499.4,2509.4,2304.8,2389.1,35766
2020.03.19,00:00,2391.6,2507.2,2234.6,2434.2,38426
2020.03.20,00:00,2434.7,2631.2,2402.3,2457.7,33332
2020.03.23,00:00,2458.0,2599.6,2326.5,2487.7,32908
2020.03.24,00:00,2488.7,2737.7,2488.0,2713.7,29490
2020.03.25,00:00,2713.5,2835.7,2669.5,2780.7,33563
2020.03.26,00:00,2781.7,2858.7,2703.2,2858.7,27733
2020.03.27,00:00,2867.1,2872.4,2689.7,2706.3,25397
2020.03.30,00:00,2705.0,2791.0,2650.7,2784.7,27256
2020.03.31,00:00,2784.8,2834.3,2726.3,2743.8,21067
2020.04.01,00:00,2740.3,2741.4,2620.7,2628.7,20027
2020.04.02,00:00,2634.8,2712.5,2622.5,2696.2,20343
2020.04.03,00:00,2696.1,2705.1,2638.5,2659.5,16561
2020.04.06,00:00,2696.9,2841.5,2686.5,2824.8,18243
2020.04.07,00:00,2823.1,2912.0,2792.8,2803.4,22917
2020.04.08,00:00,2808.3,2872.0,2791.9,2862.1,22296
2020.04.09,00:00,2860.2,2931.3,2831.3,2922.5,20380
2020.04.13,00:00,2922.7,2922.7,2922.0,2922.0,2
2020.04.14,00:00,2894.6,2955.3,2893.0,2927.7,11514
2020.04.15,00:00,2928.7,2928.7,2793.7,2796.4,13745
2020.04.16,00:00,2796.5,2857.3,2778.2,2857.2,15988
2020.04.17,00:00,2890.4,2929.7,2869.5,2908.6,16753
2020.04.20,00:00,2894.5,2929.3,2838.3,2870.7,13676
2020.04.21,00:00,2865.4,2889.2,2782.5,2802.4,17971
2020.04.22,00:00,2806.9,2845.9,2786.3,2839.4,12555
2020.04.23,00:00,2838.2,2883.1,2806.8,2809.6,13307
2020.04.24,00:00,2805.8,2849.9,2780.9,2843.9,10342
2020.04.27,00:00,2849.9,2897.9,2826.3,2889.5,8842
2020.04.28,00:00,2890.2,2950.6,2871.7,2909.7,8995
2020.04.29,00:00,2916.8,3029.0,2905.0,3028.3,10398
2020.04.30,00:00,3022.0,3051.4,2891.2,2895.0,13318
2020.05.04,00:00,2799.0,2845.4,2784.6,2839.0,11254
2020.05.05,00:00,2836.4,2881.6,2826.5,2848.6,8864
2020.05.06,00:00,2847.1,2881.5,2816.8,2818.5,9653
2020.05.07,00:00,2811.6,2889.5,2802.1,2874.9,8660
2020.05.08,00:00,2873.9,2914.4,2871.9,2913.4,5930
2020.05.11,00:00,2907.0,2937.3,2860.8,2891.1,7613
2020.05.12,00:00,2892.1,2900.2,2816.7,2817.8,9628
2020.05.13,00:00,2817.2,2853.6,2778.5,2806.5,12657
2020.05.14,00:00,2807.5,2811.9,2706.9,2789.3,12826
2020.05.15,00:00,2785.8,2800.0,2753.1,2784.7,10785
2020.05.18,00:00,2785.0,2932.7,2775.0,2915.6,9682
2020.05.19,00:00,2915.9,2956.7,2868.8,2871.8,12134
2020.05.20,00:00,2867.4,2946.0,2862.5,2938.4,9500
2020.05.21,00:00,2937.0,2937.8,2896.2,2901.6,9303
2020.05.22,00:00,2901.3,2923.2,2852.5,2920.0,9226
2020.05.25,00:00,2920.3,2971.9,2912.1,2970.9,6177
2020.05.26,00:00,2967.3,3009.9,2960.7,2985.1,7512
2020.05.27,00:00,2990.5,3067.8,2980.6,3065.3,10689
2020.05.28,00:00,3063.3,3104.2,3053.0,3079.4,12057
2020.05.29,00:00,3077.4,3095.3,3031.6,3069.6,13623
2020.06.01,00:00,3024.8,3116.7,3020.9,3115.3,9643
2020.06.02,00:00,3114.0,3171.6,3097.4,3169.9,7781
2020.06.03,00:00,3170.7,3284.1,3165.3,3272.8,7986
2020.06.04,00:00,3273.0,3292.2,3231.3,3258.4,11006
2020.06.05,00:00,3257.6,3387.3,3251.2,3361.3,9287
2020.06.08,00:00,3371.0,3398.5,3340.4,3394.7,9338
2020.06.09,00:00,3394.9,3397.7,3293.5,3321.0,9766
2020.06.10,00:00,3320.2,3355.9,3275.4,3280.6,12079
2020.06.11,00:00,3280.1,3283.7,3087.7,3113.2,17525
2020.06.12,00:00,3110.3,3214.3,3094.5,3166.3,20762
2020.06.15,00:00,3124.6,3188.3,3052.8,3187.5,23038
2020.06.16,00:00,3186.9,3277.3,3182.8,3236.7,19728
2020.06.17,00:00,3230.5,3282.7,3214.7,3258.3,16299
2020.06.18,00:00,3256.6,3290.9,3205.8,3244.9,15261
2020.06.19,00:00,3238.5,3300.5,3227.6,3232.6,10814
2020.06.22,00:00,3188.7,3278.8,3170.0,3264.1,12152
2020.06.23,00:00,3264.0,3317.8,3214.4,3269.0,12885
2020.06.24,00:00,3269.3,3294.9,3179.3,3211.9,12893
2020.06.25,00:00,3208.8,3266.0,3148.1,3260.0,15813
2020.06.26,00:00,3257.6,3272.4,3191.4,3197.4,11265
2020.06.29,00:00,3182.2,3252.2,3170.8,3244.6,12950
2020.06.30,00:00,3243.8,3259.0,3208.9,3244.5,11345
2020.07.01,00:00,3245.9,3257.8,3179.7,3240.1,8055
2020.07.02,00:00,3239.6,3334.8,3223.7,3308.4,8723
2020.07.03,00:00,3307.4,3330.3,3278.3,3309.2,4947
2020.07.06,00:00,3311.3,3376.2,3311.2,3352.1,7500
2020.07.07,00:00,3350.0,3368.1,3295.7,3296.8,8296
2020.07.08,00:00,3294.6,3324.6,3276.4,3315.9,8216
2020.07.09,00:00,3316.8,3327.9,3247.6,3273.6,8345
2020.07.10,00:00,3274.0,3318.3,3233.6,3315.3,8522
2020.07.13,00:00,3332.0,3354.7,3284.8,3292.3,9818
2020.07.14,00:00,3290.9,3342.3,3276.0,3332.5,12601
2020.07.15,00:00,3353.1,3399.1,3338.6,3375.9,9494
2020.07.16,00:00,3377.6,3383.0,3339.6,3360.5,10174
2020.07.17,00:00,3363.0,3381.3,3352.9,3375.5,5962
2020.07.20,00:00,3371.0,3395.6,3330.6,3391.7,7218
2020.07.21,00:00,3391.0,3451.2,3379.2,3383.5,7318
2020.07.22,00:00,3383.9,3408.0,3359.6,3377.4,7231
2020.07.23,00:00,3378.4,3401.6,3333.4,3343.9,8089
2020.07.24,00:00,3344.6,3355.4,3293.5,3305.5,6733
2020.07.27,00:00,3303.5,3319.3,3288.3,3310.5,5927
2020.07.28,00:00,3311.0,3329.9,3278.1,3290.9,5841
2020.07.29,00:00,3292.7,3318.7,3280.9,3318.3,4585
2020.07.30,00:00,3318.8,3319.0,3173.0,3255.8,8142
2020.07.31,00:00,3255.4,3260.3,3145.3,3172.8,8866
2020.08.03,00:00,3174.5,3264.3,3163.5,3252.3,7675
2020.08.04,00:00,3254.0,3279.3,3229.3,3256.8,6314
2020.08.05,00:00,3258.2,3293.3,3246.1,3253.1,5145
2020.08.06,00:00,3251.5,3286.4,3222.4,3255.9,6374
2020.08.07,00:00,3255.2,3261.9,3217.9,3260.9,6284
2020.08.10,00:00,3257.0,3277.6,3237.8,3273.0,5160
2020.08.11,00:00,3270.5,3349.9,3267.8,3307.5,6279
2020.08.12,00:00,3310.3,3377.8,3299.6,3362.4,6681
2020.08.13,00:00,3360.9,3368.8,3324.8,3334.1,5641
2020.08.14,00:00,3333.6,3346.3,3274.8,3296.8,5152
2020.08.17,00:00,3295.0,3320.7,3284.7,3305.0,4793
2020.08.18,00:00,3304.8,3333.7,3275.7,3286.4,5036
2020.08.19,00:00,3286.6,3320.6,3274.6,3299.9,4563
2020.08.20,00:00,3299.2,3300.5,3256.6,3280.1,6032
2020.08.21,00:00,3280.6,3299.4,3219.6,3266.6,5492
2020.08.24,00:00,3271.1,3337.2,3263.3,3327.6,3561
2020.08.25,00:00,3328.2,3373.2,3315.2,3340.4,5144
2020.08.26,00:00,3341.0,3369.5,3313.2,3366.3,4562
2020.08.27,00:00,3365.8,3366.3,3311.2,3325.2,6744
2020.08.28,00:00,3324.5,3350.4,3293.6,3322.6,7445
2020.08.31,00:00,3327.5,3348.8,3260.0,3268.2,6019
2020.09.01,00:00,3268.0,3311.0,3241.9,3280.2,8023
2020.09.02,00:00,3279.3,3364.4,3276.8,3361.9,7062
2020.09.03,00:00,3362.1,3394.1,3266.1,3288.9,12298
2020.09.04,00:00,3281.9,3327.1,3232.0,3287.0,17873
2020.09.07,00:00,3269.3,3319.0,3247.7,3315.0,10683
2020.09.08,00:00,3312.4,3326.0,3237.9,3251.8,15423
2020.09.09,00:00,3219.0,3344.9,3217.6,3326.0,13495
2020.09.10,00:00,3327.0,3341.9,3278.5,3285.9,13014
2020.09.11,00:00,3289.2,3328.9,3289.2,3307.4,10805
2020.09.14,00:00,3315.4,3346.8,3300.5,3301.4,7036
2020.09.15,00:00,3304.5,3342.2,3298.6,3331.8,6141
2020.09.16,00:00,3332.1,3346.2,3307.2,3321.9,7366
2020.09.17,00:00,3322.4,3328.3,3281.1,3315.7,8622
2020.09.18,00:00,3313.4,3326.6,3261.1,3275.1,6096
2020.09.21,00:00,3271.0,3286.5,3149.4,3186.5,11145
2020.09.22,00:00,3184.7,3199.0,3155.1,3185.8,8535
2020.09.23,00:00,3187.3,3223.7,3150.8,3156.7,9345
2020.09.24,00:00,3153.9,3182.3,3129.7,3164.5,12163
2020.09.25,00:00,3164.7,3182.8,3096.6,3164.4,9318
2020.09.28,00:00,3169.3,3230.2,3163.1,3227.8,6391
2020.09.29,00:00,3227.1,3241.8,3195.8,3214.9,6955
2020.09.30,00:00,3213.7,3232.6,3175.3,3181.2,10839
2020.10.01,00:00,3186.2,3224.5,3176.9,3189.7,9731
2020.10.02,00:00,3190.4,3202.7,3145.9,3194.7,9944
2020.10.05,00:00,3209.2,3234.9,3197.8,3228.4,7194
2020.10.06,00:00,3228.9,3250.9,3187.0,3189.9,8657
2020.10.07,00:00,3193.6,3244.5,3188.3,3236.1,8199
2020.10.08,00:00,3234.9,3270.5,3232.7,3270.3,5772
2020.10.09,00:00,3270.7,3281.9,3253.2,3270.9,4351
2020.10.12,00:00,3268.4,3310.5,3264.5,3307.9,5722
2020.10.13,00:00,3309.1,3311.4,3263.4,3271.3,7007
2020.10.14,00:00,3271.5,3288.1,3251.6,3252.7,6031
2020.10.15,00:00,3253.4,3262.4,3173.2,3209.7,6624
2020.10.16,00:00,3211.8,3258.4,3199.4,3245.0,5133
2020.10.19,00:00,3243.9,3283.5,3204.5,3221.0,5953
2020.10.20,00:00,3223.5,3250.3,3208.0,3216.9,7628
2020.10.21,00:00,3224.7,3249.2,3170.9,3174.8,7084
2020.10.22,00:00,3173.2,3185.8,3133.7,3182.3,6860
2020.10.23,00:00,3186.4,3216.8,3160.8,3203.6,4826
2020.10.26,00:00,3188.8,3191.0,3080.7,3107.7,6647
2020.10.27,00:00,3106.6,3120.7,3038.0,3038.0,5953
2020.10.28,00:00,3037.7,3042.3,2932.1,2951.6,9475
2020.10.29,00:00,2953.7,2987.6,2920.0,2954.0,10201
2020.10.30,00:00,2947.5,2980.4,2891.7,2977.4,10875
2020.11.02,00:00,2966.0,3032.0,2942.4,3024.7,8999
2020.11.03,00:00,3024.3,3120.6,3023.1,3105.1,7306
2020.11.04,00:00,3108.7,3172.7,3012.5,3146.4,20265
2020.11.05,00:00,3151.9,3221.5,3133.1,3209.0,9818
2020.11.06,00:00,3206.9,3223.7,3167.8,3202.1,8784
2020.11.09,00:00,3211.9,3441.6,3209.8,3381.2,16540
2020.11.10,00:00,3383.8,3459.8,3346.4,3446.8,12840
2020.11.11,00:00,3446.7,3477.3,3423.4,3474.9,8622
2020.11.12,00:00,3474.4,3475.3,3396.2,3409.8,8290
2020.11.13,00:00,3408.8,3456.7,3394.9,3446.0,5544
2020.11.16,00:00,3460.4,3496.7,3439.1,3471.6,9004
2020.11.17,00:00,3469.0,3478.6,3441.1,3467.3,6821
2020.11.18,00:00,3468.1,3488.7,3445.9,3448.6,6957
2020.11.19,00:00,3450.3,3469.6,3439.2,3450.2,6748
2020.11.20,00:00,3448.7,3482.0,3435.9,3468.9,5740
2020.11.23,00:00,3466.2,3505.6,3461.6,3476.2,5959
2020.11.24,00:00,3476.7,3523.7,3476.7,3522.0,6235
2020.11.25,00:00,3519.7,3530.9,3493.2,3515.1,6333
2020.11.26,00:00,3516.7,3525.6,3499.2,3506.2,3521
2020.11.27,00:00,3506.4,3538.2,3496.0,3537.2,4058
2020.11.30,00:00,3540.3,3543.3,3476.4,3490.5,6323
2020.12.01,00:00,3488.2,3532.1,3482.8,3523.8,6119
2020.12.02,00:00,3523.6,3529.2,3500.9,3518.2,5248
2020.12.03,00:00,3519.0,3525.8,3496.6,3501.3,4297
2020.12.04,00:00,3501.7,3540.3,3499.5,3539.4,3829
2020.12.07,00:00,3541.5,3542.4,3498.0,3517.2,4868
2020.12.08,00:00,3518.1,3536.5,3502.6,3534.7,3518
2020.12.09,00:00,3539.0,3557.9,3513.3,3529.6,4966
2020.12.10,00:00,3528.6,3540.6,3496.9,3515.0,5388
2020.12.11,00:00,3518.1,3524.7,3460.4,3494.2,4799
2020.12.14,00:00,3506.1,3531.0,3492.2,3497.5,4540
2020.12.15,00:00,3499.4,3539.3,3492.2,3535.4,4478
2020.12.16,00:00,3538.0,3559.5,3523.1,3544.7,5311
2020.12.17,00:00,3546.2,3573.1,3541.6,3558.8,3583
2020.12.18,00:00,3557.7,3586.8,3533.4,3544.4,3777
2020.12.21,00:00,3548.4,3552.8,3398.9,3480.8,10553
2020.12.22,00:00,3481.2,3502.3,3449.5,3494.6,6189
2020.12.23,00:00,3493.6,3546.6,3474.6,3540.7,5364
2020.12.28,00:00,3553.1,3582.8,3543.1,3570.5,3035
2020.12.29,00:00,3571.5,3603.2,3559.9,3566.9,4376
2020.12.30,00:00,3567.1,3591.0,3550.2,3553.8,4317
2020.12.31,00:00,3554.3,3556.4,3553.3,3555.4,247
2021.01.04,00:00,3567.6,3609.8,3529.2,3551.1,7665
2021.01.05,00:00,3549.8,3574.3,3523.4,3558.5,7901
2021.01.06,00:00,3559.2,3623.9,3539.2,3614.0,12660
2021.01.07,00:00,3617.2,3635.4,3603.1,3626.5,6886
2021.01.08,00:00,3627.6,3657.7,3624.1,3655.6,6344
2021.01.11,00:00,3650.0,3650.9,3593.7,3619.5,7047
2021.01.12,00:00,3620.4,3635.8,3590.3,3610.5,6411
2021.01.13,00:00,3609.9,3623.4,3598.1,3618.2,5160
2021.01.14,00:00,3620.1,3646.4,3618.6,3634.5,5605
2021.01.15,00:00,3637.6,3641.1,3575.6,3590.9,6367
2021.01.18,00:00,3582.6,3613.6,3572.4,3610.6,4724
2021.01.19,00:00,3602.6,3627.2,3590.4,3609.5,4882
2021.01.20,00:00,3611.4,3634.8,3593.1,3626.8,4467
2021.01.21,00:00,3627.5,3649.5,3608.2,3623.7,3861
2021.01.22,00:00,3624.0,3626.0,3569.2,3599.7,4396
2021.01.25,00:00,3604.6,3625.0,3538.9,3570.6,7029
2021.01.26,00:00,3569.1,3607.8,3531.6,3601.3,5782
2021.01.27,00:00,3599.8,3606.5,3478.0,3503.2,12297
2021.01.28,00:00,3503.9,3573.7,3472.9,3541.7,15328
2021.01.29,00:00,3543.2,3550.9,3462.9,3476.9,14123
2021.02.01,00:00,3442.0,3547.3,3432.5,3541.9,10568
2021.02.02,00:00,3542.4,3612.9,3535.1,3612.6,7337
2021.02.03,00:00,3613.7,3636.2,3598.4,3621.5,5687
2021.02.04,00:00,3617.3,3647.9,3595.6,3645.4,5120
2021.02.05,00:00,3643.5,3667.6,3640.4,3654.8,4063
2021.02.08,00:00,3662.6,3685.5,3659.8,3676.6,4355
2021.02.09,00:00,3676.7,3678.9,3648.4,3670.2,3793
2021.02.10,00:00,3671.2,3680.2,3625.2,3645.2,5693
2021.02.11,00:00,3644.2,3672.7,3637.4,3665.7,4597
2021.02.12,00:00,3664.7,3702.1,3647.2,3702.1,3530
