2015.05.28,21:00,11692.30,11716.60,11398.60,11436.10,37981
2015.05.31,21:00,11496.00,11510.30,11344.00,11463.00,29961
2015.06.01,21:00,11464.40,11484.60,11268.80,11328.00,29521
2015.06.02,21:00,11343.30,11516.20,11297.70,11395.10,38521
2015.06.03,21:00,11365.50,11452.10,11186.50,11262.35,42806
2015.06.04,21:00,11255.90,11289.50,11145.35,11191.70,22411
2015.06.07,21:00,11201.30,11223.40,10992.80,11022.80,28271
2015.06.08,21:00,11020.30,11072.30,10862.75,10963.90,36271
2015.06.09,21:00,10978.20,11304.80,10937.00,11261.10,45271
2015.06.10,21:00,11259.20,11453.30,11237.20,11313.10,37831
2015.06.11,21:00,11309.10,11365.40,11066.80,11204.80,49291
2015.06.14,21:00,11104.20,11116.20,10952.60,11017.80,24081
2015.06.15,21:00,10995.70,11075.40,10798.00,11061.70,48881
2015.06.16,21:00,11087.40,11117.40,10873.25,10922.90,32381
2015.06.17,21:00,10874.00,11286.25,10804.30,11131.50,70641
2015.06.18,21:00,11089.40,11248.10,10996.20,11032.20,44661
2015.06.21,21:00,11212.55,11482.80,11210.30,11435.30,32226
2015.06.22,21:00,11536.80,11636.90,11516.40,11570.40,20741
2015.06.23,21:00,11584.40,11589.50,11363.50,11414.50,28211
2015.06.24,21:00,11433.80,11602.25,11348.00,11445.80,49651
2015.06.25,21:00,11391.35,11562.70,11369.90,11520.40,25656
2015.06.28,21:00,10951.00,11291.00,10856.30,10978.30,84211
2015.06.29,21:00,11018.10,11138.60,10897.10,10995.80,46071
2015.06.30,21:00,11082.50,11286.20,10978.20,11165.80,53271
2015.07.01,21:00,11174.40,11229.50,11070.10,11117.00,26141
2015.07.02,21:00,11128.70,11133.00,11004.60,11106.80,23491
2015.07.05,21:00,10762.40,10995.80,10745.40,10866.10,39711
2015.07.06,21:00,10905.60,10946.50,10658.40,10898.20,56881
2015.07.07,21:00,10756.95,10803.50,10651.10,10706.90,25476
2015.07.08,21:00,10811.70,11033.50,10778.90,10961.40,35951
2015.07.09,21:00,11199.70,11400.20,11147.20,11393.20,31251
2015.07.12,21:00,11323.30,11512.30,11252.10,11486.80,35691
2015.07.13,21:00,11511.30,11545.70,11413.30,11530.40,24571
2015.07.14,21:00,11532.00,11568.20,11474.70,11530.46,18547
2015.07.15,21:00,11617.57,11787.87,11603.57,11724.13,26205
2015.07.16,21:00,11728.10,11762.26,11648.90,11685.03,18366
2015.07.19,21:00,11690.35,11803.08,11679.53,11751.89,18557
2015.07.20,21:00,11774.97,11774.97,11566.56,11598.81,24067
2015.07.21,21:00,11562.59,11591.61,11482.94,11536.69,19145
2015.07.22,21:00,11589.63,11626.07,11433.89,11444.89,23963
2015.07.23,21:00,11480.00,11543.17,11281.94,11291.44,33391
2015.07.26,21:00,11314.65,11317.65,11029.93,11047.68,30848
2015.07.27,21:00,11103.99,11243.71,11067.96,11204.65,25085
2015.07.28,21:00,11195.43,11278.99,11121.75,11255.74,25418
2015.07.29,21:00,11243.33,11312.93,11138.86,11265.75,32573
2015.07.30,21:00,11282.14,11326.28,11170.54,11313.29,28034
2015.08.02,21:00,11286.24,11461.65,11248.43,11421.65,29104
2015.08.03,21:00,11422.15,11478.33,11380.43,11472.68,14528
2015.08.04,21:00,11476.58,11656.71,11475.83,11593.55,24480
2015.08.05,21:00,11604.35,11669.98,11532.16,11574.48,24578
2015.08.06,21:00,11586.82,11586.82,11481.82,11512.08,13527
2015.08.09,21:00,11544.87,11619.41,11430.07,11608.15,31541
2015.08.10,21:00,11560.23,11571.37,11263.41,11304.02,35972
2015.08.11,21:00,11196.08,11201.58,10891.77,11044.71,46826
2015.08.12,21:00,11078.44,11155.36,10978.53,11004.05,27928
2015.08.13,21:00,10987.00,11094.01,10909.44,11042.71,31344
2015.08.16,21:00,11031.17,11114.75,10817.18,10978.16,54214
2015.08.17,21:00,10976.11,10984.93,10882.22,10908.21,13753
2015.08.18,21:00,10847.83,10855.83,10670.28,10690.28,21356
2015.08.19,21:00,10658.22,10658.22,10307.59,10309.84,35289
2015.08.20,21:00,10148.36,10438.51,9982.62,10010.62,77405
2015.08.23,21:00,9784.39,9936.83,9320.86,9638.62,108618
2015.08.24,21:00,9710.19,10187.27,9709.44,9816.65,84921
2015.08.25,21:00,9994.10,10196.43,9851.60,10196.43,48734
2015.08.26,21:00,10216.62,10383.69,10165.87,10345.74,30653
2015.08.27,21:00,10314.52,10354.03,10185.70,10289.37,31152
2015.08.30,21:00,10177.90,10308.45,10131.59,10237.65,29398
2015.08.31,21:00,10000.20,10117.74,9885.75,9922.25,38604
2015.09.01,21:00,10029.45,10125.32,9960.84,10125.32,23310
2015.09.02,21:00,10127.04,10380.95,10112.04,10240.59,42428
2015.09.03,21:00,10143.57,10216.07,9956.93,10010.18,38490
2015.09.06,21:00,10100.20,10183.84,10053.43,10114.36,24667
2015.09.07,21:00,10149.35,10372.23,10092.85,10335.69,37243
2015.09.08,21:00,10454.68,10523.66,10157.68,10169.93,44722
2015.09.09,21:00,10238.60,10328.37,10155.34,10242.41,34226
2015.09.10,21:00,10248.62,10250.62,10078.36,10185.16,28107
2015.09.13,21:00,10180.26,10227.58,10083.83,10156.04,26329
2015.09.14,21:00,10176.60,10260.79,10067.93,10252.54,30979
2015.09.15,21:00,10231.19,10337.83,10172.77,10261.20,30012
2015.09.16,21:00,10280.87,10324.37,10128.62,10191.37,30201
2015.09.17,21:00,10201.57,10218.89,9859.96,9923.31,43961
2015.09.20,21:00,9891.15,10001.24,9784.10,9964.24,36120
2015.09.21,21:00,9988.37,10017.12,9557.84,9629.12,55932
2015.09.22,21:00,9507.35,9713.39,9484.09,9605.73,36023
2015.09.23,21:00,9590.36,9709.57,9361.70,9538.20,64359
2015.09.24,21:00,9597.23,9747.41,9562.23,9623.39,34421
2015.09.27,21:00,9583.65,9678.31,9435.87,9455.87,35711
2015.09.28,21:00,9420.98,9538.54,9302.10,9479.34,41453
2015.09.29,21:00,9590.60,9734.16,9583.14,9664.15,22850
2015.09.30,21:00,9765.21,9789.44,9452.15,9559.66,46904
2015.10.01,21:00,9583.66,9682.24,9393.31,9680.99,48054
2015.10.04,21:00,9739.95,9889.14,9648.70,9876.89,34395
2015.10.05,21:00,9832.50,9958.08,9729.54,9880.23,40936
2015.10.06,21:00,9902.41,10094.58,9891.91,10037.27,27049
2015.10.07,21:00,9942.28,10106.15,9909.77,10097.40,23765
2015.10.08,21:00,10122.40,10148.50,10047.09,10114.70,19513
2015.10.11,21:00,10125.01,10189.26,10055.98,10110.73,25229
2015.10.12,21:00,10104.95,10118.41,9939.00,9993.67,24755
2015.10.13,21:00,9973.99,10039.71,9888.02,9921.45,25085
2015.10.14,21:00,9983.56,10150.20,9957.09,10146.20,22359
2015.10.15,21:00,10139.91,10167.81,10056.90,10122.41,20433
2015.10.18,21:00,10124.53,10208.00,10069.51,10170.62,23090
2015.10.19,21:00,10158.29,10194.74,10078.40,10147.76,22216
2015.10.20,21:00,10202.99,10278.62,10105.10,10185.94,33000
2015.10.21,21:00,10206.71,10589.16,10191.18,10560.32,44236
2015.10.22,21:00,10639.39,10860.52,10586.07,10843.02,34528
2015.10.25,22:00,10811.90,10865.12,10757.59,10802.20,20537
2015.10.26,22:00,10784.22,10808.74,10684.94,10729.19,19258
2015.10.27,22:00,10720.37,10925.78,10691.64,10906.03,28263
2015.10.28,22:00,10877.57,10891.64,10740.74,10808.26,23250
2015.10.29,22:00,10845.42,10876.08,10748.30,10818.10,22825
2015.11.01,22:00,10761.45,10992.42,10726.52,10975.68,31758
2015.11.02,22:00,10961.70,10997.14,10883.02,10950.65,21720
2015.11.03,22:00,10970.12,11005.87,10815.02,10854.52,26611
2015.11.04,22:00,10866.36,10965.66,10781.23,10887.03,34820
2015.11.05,22:00,10905.18,11057.75,10841.47,11025.16,31259
2015.11.08,22:00,10997.25,11012.81,10787.08,10837.38,29160
2015.11.09,22:00,10854.13,10871.29,10726.74,10850.55,28553
2015.11.10,22:00,10862.62,10995.43,10835.37,10870.32,31243
2015.11.11,22:00,10888.86,10960.40,10714.51,10719.01,32194
2015.11.12,22:00,10717.01,10816.31,10606.45,10677.15,37987
2015.11.15,22:00,10486.20,10817.55,10484.83,10817.55,33410
2015.11.16,22:00,10828.84,10977.99,10783.32,10893.99,32420
2015.11.17,22:00,10897.75,11048.14,10878.03,11029.89,20809
2015.11.18,22:00,11050.19,11151.20,11035.66,11054.60,22668
2015.11.19,22:00,11062.41,11164.97,11048.21,11099.00,19694
2015.11.22,22:00,11134.30,11134.30,11024.92,11062.66,14713
2015.11.23,22:00,11068.45,11080.42,10867.38,10968.31,32595
2015.11.24,22:00,10974.54,11187.25,10919.31,11150.77,35966
2015.11.25,22:00,11172.74,11369.06,11161.50,11306.08,28179
2015.11.26,22:00,11248.10,11354.25,11242.60,11297.35,17406
2015.11.29,22:00,11281.02,11431.31,11251.67,11349.72,29059
2015.11.30,22:00,11409.69,11417.19,11233.77,11293.62,25078
2015.12.01,22:00,11319.52,11331.58,11078.67,11112.42,29873
2015.12.02,22:00,11148.42,11321.03,10641.27,10679.27,89038
2015.12.03,22:00,10685.98,10880.84,10631.75,10868.84,31533
2015.12.06,22:00,10877.73,10994.64,10805.82,10923.43,33195
2015.12.07,22:00,10884.48,10899.48,10613.77,10680.68,36763
2015.12.08,22:00,10693.53,10720.94,10448.71,10515.72,36666
2015.12.09,22:00,10513.96,10663.05,10498.50,10579.26,26381
2015.12.10,22:00,10598.02,10605.27,10270.29,10286.29,35824
2015.12.13,22:00,10349.48,10447.48,10120.96,10286.79,59036
2015.12.14,22:00,10264.20,10487.63,10224.69,10448.43,34166
2015.12.15,22:00,10482.31,10650.52,10422.37,10627.02,31160
2015.12.16,22:00,10627.87,10831.85,10526.37,10706.18,53266
2015.12.17,22:00,10662.48,10731.52,10513.03,10514.53,28904
2015.12.20,22:00,10550.02,10798.68,10473.58,10550.56,64967
2015.12.21,22:00,10591.06,10635.55,10399.20,10563.75,44540
2015.12.22,22:00,10563.27,10761.06,10561.69,10759.31,20271
2015.12.27,22:00,10717.42,10768.04,10623.29,10693.48,26557
2015.12.28,22:00,10731.24,10876.35,10725.88,10858.36,17383
2015.12.29,22:00,10875.76,10877.01,10749.71,10765.76,14461
2016.01.03,22:00,10511.93,10517.58,10249.11,10361.20,38622
2016.01.04,22:00,10389.95,10402.45,10171.11,10334.95,40769
2016.01.05,22:00,10238.64,10286.51,10092.52,10179.96,32931
2016.01.06,22:00,9966.54,10038.86,9809.92,9834.48,32583
2016.01.07,22:00,9975.98,10124.02,9729.16,9756.66,57041
2016.01.10,22:00,9688.56,9979.95,9658.81,9903.84,42701
2016.01.11,22:00,9814.68,10094.34,9776.60,10048.21,40196
2016.01.12,22:00,10106.14,10165.37,9735.78,9768.03,52108
2016.01.13,22:00,9835.08,9943.51,9612.08,9889.51,60844
2016.01.14,22:00,9782.19,9834.16,9411.07,9480.07,54407
2016.01.17,22:00,9563.84,9660.74,9454.61,9525.94,37437
2016.01.18,22:00,9688.36,9757.86,9526.58,9619.84,39405
2016.01.19,22:00,9362.82,9517.53,9254.53,9466.03,42280
2016.01.20,22:00,9398.75,9664.07,9334.16,9573.08,48550
2016.01.21,22:00,9719.33,9840.25,9703.75,9821.75,17059
2016.01.24,22:00,9840.75,9841.00,9668.70,9668.70,17256
2016.01.25,22:00,9581.16,9868.54,9562.37,9865.42,32809
2016.01.26,22:00,9816.07,9927.82,9716.70,9762.46,36864
2016.01.27,22:00,9791.41,9905.62,9592.65,9669.37,50391
2016.01.28,22:00,9804.56,9842.26,9652.65,9835.75,34804
2016.01.31,22:00,9848.54,9850.79,9637.42,9765.36,34357
2016.02.01,22:00,9730.79,9735.56,9483.87,9501.12,27372
2016.02.02,22:00,9481.44,9578.92,9350.82,9525.79,41186
2016.02.03,22:00,9609.90,9623.41,9267.25,9389.25,49168
2016.02.04,22:00,9365.95,9471.04,9226.08,9248.84,37282
2016.02.07,22:00,9320.31,9339.06,8920.49,9000.27,51711
2016.02.08,22:00,8932.93,9042.08,8772.54,8901.79,50795
2016.02.09,22:00,8911.54,9128.95,8874.16,8935.03,48610
2016.02.10,22:00,8890.19,8919.20,8696.35,8844.54,40006
2016.02.11,22:00,8838.48,8993.54,8811.70,8993.29,20888
2016.02.14,22:00,9118.54,9250.04,9110.79,9196.70,20035
2016.02.15,22:00,9267.18,9272.12,9078.40,9199.49,31976
2016.02.16,22:00,9167.12,9422.49,9136.61,9406.71,33218
2016.02.17,22:00,9397.90,9552.66,9348.18,9446.29,36058
2016.02.18,22:00,9465.26,9475.94,9318.54,9379.71,22926
2016.02.21,22:00,9435.81,9587.59,9435.81,9579.58,15980
2016.02.22,22:00,9492.65,9536.58,9396.33,9403.33,19119
2016.02.23,22:00,9376.81,9426.57,9123.17,9300.40,53040
2016.02.24,22:00,9270.31,9399.04,9199.09,9397.79,27243
2016.02.25,22:00,9425.03,9576.34,9412.28,9483.58,26958
2016.02.28,22:00,9423.17,9509.12,9331.73,9409.54,34116
2016.02.29,22:00,9434.77,9777.82,9428.52,9769.32,36406
2016.03.01,22:00,9813.53,9839.42,9695.09,9781.56,25670
2016.03.02,22:00,9813.99,9818.49,9709.08,9790.43,19527
2016.03.03,22:00,9782.61,9900.77,9740.75,9790.86,31180
2016.03.06,22:00,9789.81,9810.77,9688.11,9773.99,22951
2016.03.07,22:00,9712.62,9789.68,9615.54,9677.28,31295
2016.03.08,22:00,9717.54,9839.69,9678.84,9714.20,31837
2016.03.09,22:00,9730.16,9997.11,9396.94,9514.42,98461
2016.03.10,22:00,9642.83,9893.29,9626.33,9893.04,28372
2016.03.13,22:00,9881.40,10040.33,9868.39,9996.81,22848
2016.03.14,22:00,9954.67,9975.89,9888.58,9957.62,17168
2016.03.15,22:00,9960.79,10023.45,9916.43,9998.56,17628
2016.03.16,22:00,10040.17,10069.06,9747.17,9880.35,48397
2016.03.17,22:00,9866.75,9963.21,9819.57,9945.39,20865
2016.03.20,22:00,9922.65,10097.20,9861.34,9957.36,43702
2016.03.21,22:00,9955.61,10002.16,9759.87,9988.75,45145
2016.03.22,22:00,9981.71,10114.00,9962.60,9990.75,29377
2016.03.23,22:00,9959.21,9985.35,9835.60,9893.15,23345
2016.03.28,21:00,9906.03,9953.61,9805.99,9931.70,26958
2016.03.29,21:00,9949.10,10099.50,9925.42,10040.09,25718
2016.03.30,21:00,10019.26,10031.93,9923.62,9927.36,12473
2016.03.31,21:00,9868.46,9879.09,9674.67,9818.51,35890
2016.04.03,21:00,9824.61,9907.92,9730.87,9771.93,30143
2016.04.04,21:00,9718.85,9718.85,9521.34,9524.33,20051
2016.04.05,21:00,9582.45,9662.33,9504.04,9661.84,23720
2016.04.06,21:00,9645.61,9705.37,9443.23,9476.14,35482
2016.04.07,21:00,9552.85,9677.42,9540.37,9618.76,20820
2016.04.10,21:00,9622.34,9752.90,9523.40,9646.77,43458
2016.04.11,21:00,9676.62,9798.32,9616.90,9792.60,24687
2016.04.12,21:00,9858.59,10041.99,9858.59,10020.81,20459
2016.04.13,21:00,10040.61,10104.70,10015.10,10085.82,13400
2016.04.14,21:00,10077.06,10092.91,10010.70,10037.76,12513
2016.04.17,21:00,9935.85,10148.07,9906.20,10142.08,27752
2016.04.18,21:00,10198.62,10371.57,10148.95,10364.04,27983
2016.04.19,21:00,10307.33,10459.36,10278.19,10431.49,23819
2016.04.20,21:00,10462.17,10486.12,10339.03,10406.29,23831
2016.04.21,21:00,10398.02,10424.73,10322.51,10404.31,19816
2016.04.24,21:00,10366.44,10404.07,10230.71,10320.61,30090
2016.04.25,21:00,10319.87,10386.91,10212.92,10290.79,31891
2016.04.26,21:00,10251.29,10344.52,10220.59,10326.34,17282
2016.04.27,21:00,10247.37,10334.25,10122.74,10218.42,39408
2016.04.28,21:00,10204.45,10253.27,10028.60,10066.59,31149
2016.05.01,21:00,10069.87,10155.58,10059.46,10140.60,12152
2016.05.02,21:00,10122.29,10130.60,9917.99,9941.32,24426
2016.05.03,21:00,9943.54,9961.44,9807.73,9829.98,19387
2016.05.04,21:00,9887.71,9923.93,9803.37,9847.25,20067
2016.05.05,21:00,9809.73,9927.37,9734.78,9920.62,27430
2016.05.08,21:00,9958.06,10069.11,9876.98,9984.18,35815
2016.05.09,21:00,10029.69,10110.20,9990.76,10090.41,17817
2016.05.10,21:00,10056.25,10064.10,9925.16,9937.41,15905
2016.05.11,21:00,9963.36,10081.27,9835.99,9889.39,41660
2016.05.12,21:00,9821.87,9982.77,9764.78,9885.23,37263
2016.05.16,21:00,10007.95,10081.17,9817.20,9832.21,35221
2016.05.17,21:00,9840.87,9963.01,9796.40,9931.23,24287
2016.05.18,21:00,9889.17,9910.68,9770.54,9829.64,22076
2016.05.19,21:00,9898.62,9923.52,9850.18,9915.34,12997
2016.05.22,21:00,9927.81,9972.77,9809.21,9844.26,24358
2016.05.23,21:00,9808.74,10124.32,9769.86,10104.81,41286
2016.05.24,21:00,10144.12,10234.56,10128.98,10203.67,15162
2016.05.25,21:00,10179.32,10287.89,10173.82,10261.94,14553
2016.05.26,21:00,10280.20,10305.37,10240.71,10297.65,11188
2016.05.29,21:00,10327.51,10349.07,10285.62,10343.32,11110
2016.05.30,21:00,10358.09,10373.34,10229.79,10269.29,19831
2016.05.31,21:00,10253.76,10287.65,10159.57,10211.84,21425
2016.06.01,21:00,10180.62,10256.76,10152.77,10254.26,13435
2016.06.02,21:00,10248.99,10283.83,10038.23,10111.02,35324
2016.06.05,21:00,10128.25,10151.76,10092.12,10125.20,11624
2016.06.06,21:00,10166.70,10316.25,10155.95,10251.00,23631
2016.06.07,21:00,10254.09,10268.59,10174.90,10226.45,15975
2016.06.08,21:00,10205.77,10210.78,10046.34,10094.71,21783
2016.06.09,21:00,10067.91,10082.41,9774.87,9805.11,35229
2016.06.12,21:00,9716.67,9758.29,9598.87,9621.87,22405
2016.06.13,21:00,9617.77,9632.77,9504.59,9574.79,21339
2016.06.14,21:00,9567.45,9667.29,9560.75,9583.52,19702
2016.06.15,21:00,9488.91,9662.77,9430.76,9657.77,29517
2016.06.16,21:00,9674.39,9723.62,9576.26,9709.11,26001
2016.06.19,21:00,9898.48,9996.07,9849.87,9926.59,26430
2016.06.20,21:00,9980.76,10121.83,9927.89,10062.76,30589
2016.06.21,21:00,10107.62,10150.45,10042.42,10049.20,15765
2016.06.22,21:00,10148.70,10347.95,10102.95,10319.95,31876
2016.06.23,21:00,9346.45,9717.45,9161.95,9489.75,96771
2016.06.26,21:00,9422.00,9591.25,9212.00,9352.49,68900
2016.06.27,21:00,9436.77,9555.81,9407.73,9512.57,22037
2016.06.28,21:00,9551.03,9642.34,9503.66,9615.70,21270
2016.06.29,21:00,9627.64,9795.78,9512.77,9752.10,44157
2016.06.30,21:00,9725.79,9806.78,9657.70,9751.59,27237
2016.07.03,21:00,9772.37,9812.39,9697.61,9734.12,19132
2016.07.04,21:00,9701.02,9702.52,9464.58,9489.35,26422
2016.07.05,21:00,9450.14,9532.87,9302.08,9441.94,45339
2016.07.06,21:00,9435.15,9508.16,9362.87,9397.66,25310
2016.07.07,21:00,9393.18,9654.70,9368.56,9633.08,33239
2016.07.10,21:00,9722.56,9844.86,9686.48,9785.54,25379
2016.07.11,21:00,9808.74,10014.73,9797.54,9947.12,29601
2016.07.12,21:00,9937.79,10002.94,9899.86,9926.35,19473
2016.07.13,21:00,9951.84,10111.34,9949.57,10059.79,21560
2016.07.14,21:00,10040.54,10101.21,9973.87,10063.61,23162
2016.07.17,21:00,10092.40,10162.51,10011.60,10055.20,26463
2016.07.18,21:00,10029.23,10052.14,9920.59,9983.86,21774
2016.07.19,21:00,10002.36,10147.52,9987.57,10122.58,19969
2016.07.20,21:00,10140.84,10197.59,10088.23,10121.66,19955
2016.07.21,21:00,10113.03,10182.35,10068.66,10156.57,18385
2016.07.24,21:00,10125.50,10266.29,10115.74,10189.95,23666
2016.07.25,21:00,10220.16,10278.20,10147.69,10258.86,22233
2016.07.26,21:00,10290.01,10353.37,10282.01,10293.06,13968
2016.07.27,21:00,10312.28,10385.74,10264.56,10344.48,21017
2016.07.28,21:00,10342.17,10358.08,10284.92,10335.89,14005
2016.07.31,21:00,10436.16,10474.79,10275.76,10294.57,25648
2016.08.01,21:00,10302.95,10339.15,10115.50,10146.75,29111
2016.08.02,21:00,10131.52,10218.98,10092.07,10211.23,17412
2016.08.03,21:00,10243.10,10283.84,10181.04,10237.37,19988
2016.08.04,21:00,10251.96,10374.12,10212.84,10366.90,20763
2016.08.07,21:00,10430.54,10480.43,10400.87,10431.71,15796
2016.08.08,21:00,10412.94,10702.52,10412.43,10672.95,32018
2016.08.09,21:00,10690.87,10708.32,10634.10,10642.41,9999
2016.08.10,21:00,10676.26,10744.63,10632.39,10729.95,17080
2016.08.11,21:00,10728.71,10736.93,10683.95,10702.71,7997
2016.08.14,21:00,10725.97,10804.96,10712.46,10729.93,18105
2016.08.15,21:00,10699.41,10738.95,10632.91,10658.15,17083
2016.08.16,21:00,10665.63,10704.01,10514.04,10611.46,32578
2016.08.17,21:00,10616.27,10628.30,10548.06,10600.58,14480
2016.08.18,21:00,10628.69,10631.69,10489.77,10560.33,21549
2016.08.21,21:00,10532.38,10658.24,10389.07,10511.70,51767
2016.08.22,21:00,10523.08,10627.01,10512.68,10584.94,16681
2016.08.23,21:00,10557.26,10653.61,10516.32,10587.31,24454
2016.08.24,21:00,10613.61,10614.44,10468.54,10506.89,18509
2016.08.25,21:00,10513.58,10616.38,10455.48,10527.01,30838
2016.08.28,21:00,10524.63,10573.36,10439.86,10571.35,22029
2016.08.29,21:00,10573.97,10689.27,10571.97,10651.24,15734
2016.08.30,21:00,10648.20,10668.06,10552.34,10585.59,16884
2016.08.31,21:00,10614.24,10679.84,10491.12,10568.50,33171
2016.09.01,21:00,10560.44,10727.71,10514.91,10712.21,27384
2016.09.04,21:00,10749.32,10752.07,10670.31,10684.25,9846
2016.09.05,21:00,10692.25,10743.17,10656.37,10696.70,16916
2016.09.06,21:00,10722.71,10777.35,10656.88,10745.49,21817
2016.09.07,21:00,10750.23,10781.34,10567.58,10669.74,34704
2016.09.08,21:00,10661.70,10673.25,10476.08,10476.08,20873
2016.09.11,21:00,10387.43,10543.19,10320.87,10539.69,29239
2016.09.12,21:00,10520.93,10520.93,10350.90,10412.42,23156
2016.09.13,21:00,10435.99,10452.37,10346.77,10363.78,13900
2016.09.14,21:00,10352.96,10474.09,10334.32,10457.32,17519
2016.09.15,21:00,10418.66,10427.28,10246.62,10295.07,23774
2016.09.18,21:00,10348.66,10387.31,10324.74,10359.62,11419
2016.09.19,21:00,10359.62,10469.04,10347.27,10388.85,21432
2016.09.20,21:00,10388.84,10535.63,10371.92,10513.86,20241
2016.09.21,21:00,10512.64,10706.98,10493.22,10675.19,26498
2016.09.22,21:00,10674.72,10683.71,10605.84,10614.59,9562
2016.09.25,21:00,10567.53,10580.14,10382.31,10388.54,21668
2016.09.26,21:00,10386.61,10468.21,10264.90,10396.50,39674
2016.09.27,21:00,10395.29,10524.57,10360.59,10509.22,21404
2016.09.28,21:00,10508.00,10577.27,10256.71,10305.12,43825
2016.09.29,21:00,10296.02,10551.93,10184.39,10527.88,50323
2016.10.03,21:00,10511.78,10647.53,10488.50,10559.24,27061
2016.10.04,21:00,10561.70,10625.50,10483.62,10610.59,23488
2016.10.05,21:00,10606.89,10646.45,10535.57,10601.48,21636
2016.10.06,21:00,10600.24,10608.77,10451.58,10486.91,20106
2016.10.09,21:00,10505.55,10650.83,10454.03,10633.00,26616
2016.10.10,21:00,10631.76,10693.32,10545.84,10573.49,23670
2016.10.11,21:00,10573.75,10624.41,10502.88,10527.17,19649
2016.10.12,21:00,10524.69,10550.75,10347.06,10448.06,33076
2016.10.13,21:00,10449.29,10616.33,10424.34,10586.64,24664
2016.10.16,21:00,10534.25,10583.11,10486.23,10506.65,16617
2016.10.17,21:00,10509.36,10657.51,10501.19,10631.05,19096
2016.10.18,21:00,10629.55,10674.10,10587.03,10649.90,15380
2016.10.19,21:00,10648.03,10749.71,10591.42,10718.42,24620
2016.10.20,21:00,10715.91,10736.90,10670.86,10721.01,12699
2016.10.23,21:00,10707.82,10821.70,10703.32,10785.98,15861
2016.10.24,21:00,10783.47,10829.39,10738.49,10764.94,16328
2016.10.25,21:00,10757.38,10769.31,10630.02,10692.40,21361
2016.10.26,21:00,10689.89,10773.65,10645.05,10710.05,23705
2016.10.27,21:00,10705.77,10722.09,10579.20,10650.79,23081
2016.10.30,22:00,10683.43,10692.82,10632.20,10681.54,11936
2016.10.31,22:00,10679.02,10743.46,10456.28,10496.78,39213
2016.11.01,22:00,10498.03,10509.01,10332.26,10378.77,23425
2016.11.02,22:00,10367.59,10407.62,10295.18,10300.92,15822
2016.11.03,22:00,10304.62,10328.08,10202.24,10219.24,16631
2016.11.06,22:00,10433.95,10481.34,10380.45,10478.87,15687
2016.11.07,22:00,10473.95,10552.57,10413.69,10543.72,20800
2016.11.08,22:00,10554.81,10682.54,9985.20,10665.96,128354
2016.11.09,22:00,10661.02,10798.02,10575.37,10672.55,43378
2016.11.10,22:00,10675.01,10716.08,10584.37,10685.39,25305
2016.11.13,22:00,10768.06,10802.05,10668.22,10714.19,21380
2016.11.14,22:00,10713.18,10770.62,10664.66,10768.15,15696
2016.11.15,22:00,10766.91,10798.82,10609.88,10652.09,26307
2016.11.16,22:00,10652.09,10736.31,10604.07,10734.80,18178
2016.11.17,22:00,10729.89,10751.12,10648.18,10662.63,13863
2016.11.20,22:00,10687.55,10728.08,10593.26,10701.85,25535
2016.11.21,22:00,10699.13,10779.12,10689.90,10751.14,12644
2016.11.22,22:00,10749.92,10755.07,10602.44,10677.24,23259
2016.11.23,22:00,10678.45,10719.42,10651.53,10693.61,12063
2016.11.24,22:00,10692.21,10717.56,10648.49,10704.55,12581
2016.11.27,22:00,10678.81,10691.81,10552.26,10552.37,15267
2016.11.28,22:00,10556.76,10647.51,10539.20,10622.05,15134
2016.11.29,22:00,10621.44,10693.99,10604.39,10618.89,17666
2016.11.30,22:00,10621.30,10648.85,10481.77,10493.75,20662
2016.12.01,22:00,10491.35,10547.04,10402.36,10524.29,25643
2016.12.04,22:00,10445.76,10740.98,10422.75,10714.91,36732
2016.12.05,22:00,10713.69,10841.61,10666.94,10831.34,23170
2016.12.06,22:00,10833.33,11087.41,10819.33,11032.11,33739
2016.12.07,22:00,11030.87,11205.97,10984.55,11184.42,28930
2016.12.08,22:00,11180.69,11239.41,11145.66,11231.66,13654
2016.12.11,22:00,11236.26,11337.24,11140.95,11164.09,32042
2016.12.12,22:00,11162.61,11308.29,11147.44,11283.76,20056
2016.12.13,22:00,11282.51,11321.46,11222.20,11249.44,16546
2016.12.14,22:00,11247.19,11398.05,11223.20,11381.15,21575
2016.12.15,22:00,11377.63,11451.63,11351.79,11392.50,18482
2016.12.18,22:00,11402.58,11431.27,11378.96,11408.87,9834
2016.12.19,22:00,11407.61,11471.80,11402.35,11453.23,9329
2016.12.20,22:00,11456.49,11480.90,11442.75,11449.34,6916
2016.12.21,22:00,11449.34,11476.86,11426.83,11450.70,9871
2016.12.22,22:00,11450.07,11484.75,11407.16,11455.69,14957
2016.12.26,22:00,11456.31,11481.71,11426.42,11456.24,11052
2016.12.27,22:00,11459.77,11493.01,11430.83,11438.30,10290
2016.12.28,22:00,11442.13,11459.55,11410.22,11443.62,9718
2016.12.29,22:00,11442.99,11487.54,11402.94,11445.00,16720
2017.01.01,22:00,11419.25,11619.24,11408.75,11587.56,25268
2017.01.02,22:00,11633.98,11655.20,11553.57,11591.61,16090
2017.01.03,22:00,11595.68,11620.34,11530.58,11586.87,17072
2017.01.04,22:00,11586.87,11604.50,11531.72,11581.14,13984
2017.01.05,22:00,11578.58,11621.89,11544.49,11605.13,12826
2017.01.08,22:00,11599.89,11641.84,11521.55,11552.18,19288
2017.01.09,22:00,11552.18,11606.41,11525.60,11569.80,14401
2017.01.10,22:00,11571.30,11694.50,11524.26,11662.77,24902
2017.01.11,22:00,11660.70,11660.70,11490.59,11563.63,24316
2017.01.12,22:00,11562.36,11637.19,11553.68,11608.72,12067
2017.01.15,22:00,11608.65,11608.65,11529.45,11555.59,10535
2017.01.16,22:00,11559.34,11585.46,11424.30,11547.45,31044
2017.01.17,22:00,11544.17,11627.03,11528.72,11606.49,13431
2017.01.18,22:00,11607.77,11645.14,11559.92,11583.76,14644
2017.01.19,22:00,11581.98,11634.58,11545.77,11618.59,14102
2017.01.22,22:00,11617.30,11620.08,11507.34,11565.29,17348
2017.01.23,22:00,11561.45,11645.43,11538.36,11632.45,14315
2017.01.24,22:00,11632.45,11829.89,11626.02,11821.24,21896
2017.01.25,22:00,11819.95,11893.22,11810.94,11839.76,14476
2017.01.26,22:00,11838.47,11854.81,11797.87,11808.85,8427
2017.01.29,22:00,11779.34,11793.34,11659.31,11711.45,20018
2017.01.30,22:00,11710.16,11734.13,11533.75,11597.18,28779
2017.01.31,22:00,11599.18,11723.75,11586.25,11658.87,21532
2017.02.01,22:00,11661.51,11677.79,11598.44,11647.41,14461
2017.02.02,22:00,11646.12,11696.74,11611.58,11661.03,15542
2017.02.05,22:00,11664.60,11681.09,11479.80,11501.00,23899
2017.02.06,22:00,11498.48,11605.83,11463.63,11546.67,23622
2017.02.07,22:00,11546.66,11592.84,11479.36,11555.41,21822
2017.02.08,22:00,11555.40,11661.07,11544.01,11646.96,14257
2017.02.09,22:00,11648.22,11720.20,11643.96,11667.55,13316
2017.02.12,22:00,11674.82,11813.02,11669.55,11780.37,18140
2017.02.13,22:00,11779.09,11812.34,11751.75,11800.99,9929
2017.02.14,22:00,11798.46,11848.21,11723.37,11809.56,23859
2017.02.15,22:00,11810.19,11815.02,11728.13,11771.13,13473
2017.02.16,22:00,11768.86,11799.39,11692.15,11789.39,19396
2017.02.19,22:00,11780.29,11861.49,11771.77,11824.23,13551
2017.02.20,22:00,11827.72,11996.36,11797.73,11981.18,24381
2017.02.21,22:00,11979.91,12031.09,11965.57,12015.98,9498
2017.02.22,22:00,12014.71,12018.98,11924.77,11957.08,13080
2017.02.23,22:00,11952.02,11952.02,11721.68,11838.26,34693
2017.02.26,22:00,11824.21,11866.50,11791.77,11841.62,13206
2017.02.27,22:00,11841.61,11867.32,11779.27,11846.00,17172
2017.02.28,22:00,11846.75,12099.54,11832.49,12058.94,32192
2017.03.01,22:00,12061.68,12088.76,12034.76,12042.91,8924
2017.03.02,22:00,12038.35,12058.12,11989.88,12018.29,11643
2017.03.05,22:00,12009.07,12009.07,11919.69,11958.60,12830
2017.03.06,22:00,11961.12,12003.25,11933.69,11953.47,13148
2017.03.07,22:00,11949.94,12019.54,11908.34,11942.35,21482
2017.03.08,22:00,11946.36,12026.52,11918.01,12003.40,15999
2017.03.09,22:00,11997.39,12068.40,11933.19,11961.91,23495
2017.03.12,22:00,11955.24,12018.21,11946.70,12006.69,9158
2017.03.13,22:00,12005.63,12019.94,11928.96,11990.83,16717
2017.03.14,22:00,11990.82,12063.36,11977.28,12058.38,10461
2017.03.15,22:00,12061.26,12177.89,12044.34,12077.14,25123
2017.03.16,22:00,12074.62,12117.79,12017.56,12084.50,19059
2017.03.19,22:00,12074.53,12084.06,12029.93,12048.22,8196
2017.03.20,22:00,12045.69,12113.05,11895.62,11910.12,29930
2017.03.21,22:00,11907.83,11949.71,11851.04,11934.76,17042
2017.03.22,22:00,11934.77,12045.91,11895.15,12015.16,22114
2017.03.23,22:00,12015.18,12099.41,12009.37,12076.98,11829
2017.03.26,21:00,12046.74,12049.32,11915.46,12039.45,26044
2017.03.27,21:00,12043.32,12184.19,12033.90,12169.26,17465
2017.03.28,21:00,12175.65,12235.60,12162.44,12200.02,12196
2017.03.29,21:00,12200.04,12273.82,12197.45,12273.82,7897
2017.03.30,21:00,12275.34,12342.11,12217.64,12319.18,20511
2017.04.02,21:00,12310.61,12388.05,12206.39,12277.20,32992
2017.04.03,21:00,12275.91,12308.34,12224.80,12308.34,13466
2017.04.04,21:00,12309.66,12315.58,12151.13,12160.92,18017
2017.04.05,21:00,12161.58,12245.03,12117.00,12229.63,18802
2017.04.06,21:00,12229.65,12255.29,12118.19,12229.87,27399
2017.04.09,21:00,12223.68,12276.64,12172.68,12190.53,17478
2017.04.10,21:00,12190.54,12222.80,12047.55,12187.54,34751
2017.04.11,21:00,12185.76,12243.81,12121.53,12124.16,18297
2017.04.12,21:00,12124.17,12155.97,12066.95,12094.36,14824
2017.04.17,21:00,12127.92,12185.54,11957.19,11995.38,32417
2017.04.18,21:00,11991.54,12041.44,11965.77,11969.39,12920
2017.04.19,21:00,11971.97,12063.00,11941.68,12040.27,17435
2017.04.20,21:00,12042.84,12092.32,12008.41,12076.87,13380
2017.04.23,21:00,12290.56,12479.88,12215.35,12463.81,35582
2017.04.24,21:00,12463.82,12517.21,12429.98,12469.65,16864
2017.04.25,21:00,12467.05,12489.28,12418.38,12419.88,9464
2017.04.26,21:00,12419.90,12477.80,12418.60,12455.52,8279
2017.04.27,21:00,12445.81,12462.19,12408.54,12436.53,9803
2017.05.01,21:00,12467.57,12531.35,12433.32,12514.43,14921
2017.05.02,21:00,12509.19,12538.75,12476.77,12526.81,10635
2017.05.03,21:00,12524.19,12656.47,12521.56,12650.38,14364
2017.05.04,21:00,12652.06,12832.90,12593.94,12819.91,31008
2017.05.07,21:00,12868.70,12876.20,12659.17,12703.52,26889
2017.05.08,21:00,12702.20,12784.95,12693.08,12742.50,14345
2017.05.09,21:00,12737.19,12777.81,12705.91,12752.07,12893
2017.05.10,21:00,12753.41,12773.27,12661.72,12730.39,20009
2017.05.11,21:00,12730.40,12787.13,12708.15,12783.38,10499
2017.05.14,21:00,12787.58,12840.34,12727.97,12807.63,20470
2017.05.15,21:00,12808.79,12843.47,12775.30,12796.18,12374
2017.05.16,21:00,12792.18,12792.18,12536.18,12544.17,26400
2017.05.17,21:00,12537.51,12642.54,12490.47,12605.88,23578
2017.05.18,21:00,12607.22,12660.17,12591.83,12631.40,11251
2017.05.21,21:00,12642.29,12690.21,12569.18,12636.24,23602
2017.05.22,21:00,12636.23,12705.14,12587.76,12668.41,20259
2017.05.23,21:00,12665.76,12667.76,12614.82,12652.69,9282
2017.05.24,21:00,12648.06,12712.45,12541.89,12619.45,31252
2017.05.25,21:00,12618.13,12622.06,12529.16,12601.87,16955
2017.05.28,21:00,12605.39,12648.24,12577.35,12626.90,12028
2017.05.29,21:00,12635.94,12648.50,12565.03,12585.83,11684
2017.05.30,21:00,12581.91,12711.67,12578.22,12649.38,19944
2017.05.31,21:00,12642.94,12700.97,12618.99,12695.74,11117
2017.06.01,21:00,12694.43,12881.74,12694.43,12843.14,22592
2017.06.05,21:00,12783.50,12792.60,12654.63,12670.14,16259
2017.06.06,21:00,12669.48,12748.09,12637.55,12692.56,19801
2017.06.07,21:00,12691.24,12743.59,12673.93,12736.37,9420
2017.06.08,21:00,12679.32,12825.89,12679.32,12774.47,19800
2017.06.11,21:00,12768.67,12785.59,12664.40,12702.63,17635
2017.06.12,21:00,12701.31,12810.13,12693.97,12800.29,13335
2017.06.13,21:00,12800.29,12921.40,12777.41,12827.82,26046
2017.06.14,21:00,12825.18,12827.82,12617.27,12704.32,30025
2017.06.15,21:00,12703.01,12764.75,12692.67,12756.50,9068
2017.06.18,21:00,12772.10,12915.59,12765.35,12894.67,17792
2017.06.19,21:00,12894.66,12954.48,12781.51,12818.11,26940
2017.06.20,21:00,12815.48,12820.36,12709.08,12758.75,16584
2017.06.21,21:00,12756.13,12806.89,12716.47,12770.92,16606
2017.06.22,21:00,12768.29,12795.02,12674.89,12734.06,20604
2017.06.25,21:00,12718.21,12841.93,12706.25,12769.75,21983
2017.06.26,21:00,12768.44,12781.99,12586.57,12602.58,22499
2017.06.27,21:00,12597.36,12708.56,12535.50,12705.48,23801
2017.06.28,21:00,12702.88,12733.48,12350.16,12415.05,47882
2017.06.29,21:00,12411.20,12460.10,12310.73,12375.91,26346
2017.07.02,21:00,12389.06,12488.15,12384.58,12443.43,15278
2017.07.03,21:00,12443.68,12483.58,12414.25,12446.01,13634
2017.07.04,21:00,12434.90,12499.36,12404.04,12478.42,14713
2017.07.05,21:00,12477.13,12500.68,12314.62,12354.36,24936
2017.07.06,21:00,12359.49,12427.07,12338.20,12421.06,11618
2017.07.09,21:00,12424.60,12485.00,12403.68,12453.07,13418
2017.07.10,21:00,12453.07,12541.48,12416.15,12496.01,20773
2017.07.11,21:00,12494.72,12656.13,12454.44,12635.47,26264
2017.07.12,21:00,12638.05,12678.54,12612.29,12659.91,11065
2017.07.13,21:00,12657.90,12665.75,12576.75,12649.74,16985
2017.07.16,21:00,12654.59,12675.99,12540.61,12600.05,21623
2017.07.17,21:00,12598.76,12598.76,12383.98,12445.94,27675
2017.07.18,21:00,12443.40,12490.79,12418.02,12485.03,10392
2017.07.19,21:00,12483.76,12576.30,12390.58,12455.17,34286
2017.07.20,21:00,12453.91,12465.74,12190.57,12254.49,35093
2017.07.23,21:00,12251.63,12258.61,12140.67,12240.44,22470
2017.07.24,21:00,12237.95,12303.00,12211.11,12272.49,14925
2017.07.25,21:00,12271.24,12343.80,12243.22,12258.25,18818
2017.07.26,21:00,12258.25,12296.03,12146.72,12188.51,22889
2017.07.27,21:00,12188.51,12188.51,12095.57,12174.76,17214
2017.07.30,21:00,12183.03,12211.99,12085.25,12105.73,17619
2017.07.31,21:00,12105.73,12302.87,12088.75,12261.00,27298
2017.08.01,21:00,12262.24,12281.12,12151.03,12184.48,18243
2017.08.02,21:00,12184.48,12186.16,12098.43,12146.15,13714
2017.08.03,21:00,12147.38,12323.29,12124.91,12290.78,25337
2017.08.06,21:00,12286.34,12334.97,12223.82,12250.91,18688
2017.08.07,21:00,12250.91,12331.25,12182.44,12234.57,28129
2017.08.08,21:00,12234.57,12234.57,12097.43,12189.66,22938
2017.08.09,21:00,12187.65,12187.65,11939.04,11941.18,25076
2017.08.10,21:00,11942.39,12049.03,11920.91,11996.46,20218
2017.08.13,21:00,12013.35,12196.66,12013.35,12173.50,20648
2017.08.14,21:00,12171.03,12242.92,12156.02,12206.79,13805
2017.08.15,21:00,12206.79,12301.36,12186.92,12233.19,20249
2017.08.16,21:00,12233.19,12293.14,12094.61,12119.58,28346
2017.08.17,21:00,12115.82,12199.23,12081.48,12160.74,19059
2017.08.20,21:00,12177.96,12204.26,12020.15,12080.78,27105
2017.08.21,21:00,12078.28,12264.96,12075.79,12261.46,19517
2017.08.22,21:00,12260.58,12270.68,12153.55,12162.56,13625
2017.08.23,21:00,12162.56,12256.86,12139.09,12201.43,19668
2017.08.24,21:00,12201.42,12250.92,12130.74,12173.02,21197
2017.08.27,21:00,12163.82,12182.49,12063.96,12135.53,20878
2017.08.28,21:00,12135.53,12135.53,11867.00,11992.71,39425
2017.08.29,21:00,11991.47,12041.63,11979.62,12019.01,9649
2017.08.30,21:00,12019.01,12116.61,12016.56,12069.11,15001
2017.08.31,21:00,12069.11,12191.96,12063.20,12150.28,17636
2017.09.03,21:00,12058.03,12139.87,12033.40,12125.28,14570
2017.09.04,21:00,12117.35,12211.20,12040.62,12086.36,31018
2017.09.05,21:00,12086.36,12301.68,12052.42,12277.17,30772
2017.09.06,21:00,12277.17,12365.78,12244.75,12323.87,19537
2017.09.07,21:00,12323.87,12325.20,12243.37,12290.19,12999
2017.09.10,21:00,12342.49,12508.31,12333.49,12498.61,19353
2017.09.11,21:00,12498.61,12559.34,12485.34,12521.08,12554
2017.09.12,21:00,12521.08,12568.12,12475.65,12550.15,15588
2017.09.13,21:00,12550.15,12556.05,12498.15,12546.91,11257
2017.09.14,21:00,12546.91,12562.75,12501.96,12535.34,11002
2017.09.17,21:00,12543.86,12614.91,12535.49,12564.12,13859
2017.09.18,21:00,12564.12,12576.42,12525.81,12552.64,8975
2017.09.19,21:00,12552.63,12641.48,12516.81,12633.93,16805
2017.09.20,21:00,12633.93,12645.22,12581.55,12603.31,9673
2017.09.21,21:00,12603.31,12648.74,12551.69,12614.88,18254
2017.09.24,21:00,12609.84,12634.94,12551.14,12592.01,14978
2017.09.25,21:00,12593.27,12632.06,12550.98,12602.25,15319
2017.09.26,21:00,12600.98,12705.13,12595.44,12678.52,14185
2017.09.27,21:00,12675.98,12725.56,12664.59,12718.44,7949
2017.09.28,21:00,12715.89,12847.81,12705.77,12844.05,15593
2017.10.01,21:00,12852.72,12915.97,12849.25,12910.96,7521
2017.10.03,21:00,12963.56,12983.39,12893.60,12945.20,16123
2017.10.04,21:00,12943.06,12988.83,12933.56,12981.22,7239
2017.10.05,21:00,12981.22,12997.85,12940.67,12968.46,10161
2017.10.08,21:00,12956.74,12996.80,12935.32,12947.41,11364
2017.10.09,21:00,12946.14,12981.76,12907.85,12959.02,13495
2017.10.10,21:00,12956.47,12984.92,12924.23,12969.68,10818
2017.10.11,21:00,12968.40,13003.93,12943.15,12974.41,11556
2017.10.12,21:00,12970.59,13038.49,12962.94,12997.65,12405
2017.10.15,21:00,13001.17,13027.13,12977.89,12999.23,9655
2017.10.16,21:00,13000.50,13034.02,12966.85,13008.44,12641
2017.10.17,21:00,13008.44,13095.96,13003.49,13055.89,13750
2017.10.18,21:00,13055.89,13056.69,12909.83,13001.40,23924
2017.10.19,21:00,13000.12,13071.85,12954.47,12988.14,22279
2017.10.22,21:00,12992.95,13071.33,12973.46,12982.90,18570
2017.10.23,21:00,12982.90,13056.83,12979.10,13005.25,13312
2017.10.24,21:00,13005.25,13050.04,12913.95,12992.07,25901
2017.10.25,21:00,12992.07,13183.05,12940.44,13174.69,30261
2017.10.26,21:00,13170.83,13252.20,13153.46,13219.15,14917
2017.10.29,22:00,13207.35,13256.69,13202.18,13229.84,8654
2017.10.31,22:00,13329.93,13489.57,13316.85,13465.74,20964
2017.11.01,22:00,13461.81,13472.32,13404.91,13469.10,12754
2017.11.02,22:00,13466.79,13506.64,13428.59,13470.32,15258
2017.11.05,22:00,13467.57,13498.67,13440.32,13470.57,11371
2017.11.06,22:00,13468.47,13534.08,13338.57,13365.97,28853
2017.11.07,22:00,13356.92,13420.62,13327.95,13390.24,15203
2017.11.08,22:00,13390.24,13421.05,13107.08,13189.24,42695
2017.11.09,22:00,13189.24,13217.88,13109.34,13126.44,15429
2017.11.12,22:00,13124.99,13164.68,12960.05,13094.41,37869
2017.11.13,22:00,13091.87,13138.55,12999.30,13043.26,22990
2017.11.14,22:00,13043.26,13043.26,12845.74,12956.11,30790
2017.11.15,22:00,12956.11,13098.53,12947.00,13087.24,17194
2017.11.16,22:00,13084.70,13092.54,12968.19,12980.39,14440
2017.11.19,22:00,12978.78,13087.16,12857.43,13057.87,38038
2017.11.20,22:00,13056.60,13211.90,13024.51,13167.00,26439
2017.11.21,22:00,13164.46,13192.23,12962.68,12965.93,26058
2017.11.22,22:00,12964.67,13052.34,12905.38,13008.41,25019
2017.11.23,22:00,13007.88,13162.91,12979.39,13066.75,30818
2017.11.26,22:00,13075.36,13118.78,12989.30,13027.72,21133
2017.11.27,22:00,13025.21,13130.90,12964.36,13115.13,24317
2017.11.28,22:00,13115.12,13196.86,13031.70,13057.92,27313
2017.11.29,22:00,13056.67,13179.51,13016.24,13029.59,29947
2017.11.30,22:00,13022.19,13074.46,12810.24,12945.68,45194
2017.12.03,22:00,13042.07,13119.24,12972.46,13026.83,27833
2017.12.04,22:00,13024.36,13095.10,12959.19,13002.62,25009
2017.12.05,22:00,12998.91,13036.07,12861.83,13011.07,33633
2017.12.06,22:00,13006.86,13113.76,12987.09,13112.52,14769
2017.12.07,22:00,13112.52,13241.92,13100.58,13162.41,23280
2017.12.10,22:00,13167.56,13203.38,13111.80,13171.93,17880
2017.12.11,22:00,13170.69,13184.79,13078.73,13174.52,20830
2017.12.12,22:00,13170.83,13190.16,13069.56,13085.39,15577
2017.12.13,22:00,13084.16,13161.91,13009.82,13016.58,23661
2017.12.14,22:00,13016.58,13139.62,13005.58,13124.86,15981
2017.12.17,22:00,13161.10,13333.24,13160.60,13315.48,19091
2017.12.18,22:00,13313.01,13348.68,13204.21,13233.17,20911
2017.12.19,22:00,13233.17,13272.28,13023.56,13068.76,33304
2017.12.20,22:00,13068.76,13140.07,13013.28,13067.46,25229
2017.12.21,22:00,13066.24,13108.94,13051.25,13076.71,10492
2017.12.26,22:00,13055.52,13131.27,13017.62,13061.81,22102
2017.12.27,22:00,13056.94,13072.78,12964.76,12983.32,14243
2017.12.28,22:00,12982.39,13003.24,12833.00,12863.75,22185
2018.01.01,22:00,12924.90,12944.66,12741.33,12886.93,36870
2018.01.02,22:00,12886.92,13024.60,12877.25,12999.29,18234
2018.01.03,22:00,13002.89,13208.97,12997.18,13175.14,25134
2018.01.04,22:00,13176.35,13345.11,13170.54,13336.61,18889
2018.01.07,22:00,13357.19,13413.95,13332.99,13374.99,14413
2018.01.08,22:00,13372.55,13427.86,13347.71,13387.02,14584
2018.01.09,22:00,13383.97,13394.31,13224.42,13272.61,22843
2018.01.10,22:00,13269.99,13304.30,13150.41,13250.64,28844
2018.01.11,22:00,13247.25,13266.40,13166.29,13240.59,19357
2018.01.14,22:00,13277.60,13293.04,13172.14,13197.26,16147
2018.01.15,22:00,13206.30,13353.34,13134.29,13167.89,39970
2018.01.16,22:00,13166.70,13259.56,13136.43,13236.57,17640
2018.01.17,22:00,13234.79,13306.23,13199.95,13272.97,17439
2018.01.18,22:00,13272.97,13474.02,13245.68,13464.26,26540
2018.01.21,22:00,13428.41,13520.56,13410.37,13507.91,14089
2018.01.22,22:00,13505.53,13600.97,13503.25,13557.19,14379
2018.01.23,22:00,13552.40,13578.15,13372.12,13428.04,28771
2018.01.24,22:00,13424.49,13445.28,13221.38,13334.25,35757
2018.01.25,22:00,13334.24,13389.09,13265.53,13388.34,19303
2018.01.28,22:00,13392.81,13413.20,13272.80,13307.89,19589
2018.01.29,22:00,13318.39,13332.71,13168.77,13193.24,20274
2018.01.30,22:00,13194.41,13268.85,13157.75,13197.14,21948
2018.01.31,22:00,13221.07,13301.56,12938.09,12980.89,48677
2018.02.01,22:00,12994.67,13018.05,12698.39,12712.65,35731
2018.02.04,22:00,12633.07,12753.83,12045.18,12175.60,95984
2018.02.05,22:00,12194.31,12669.64,11695.76,12600.30,154178
2018.02.06,22:00,12606.75,12670.40,12414.65,12502.69,40745
2018.02.07,22:00,12487.47,12551.67,12132.72,12215.24,56568
2018.02.08,22:00,12201.12,12298.68,11908.77,12216.70,76425
2018.02.11,22:00,12255.36,12380.38,12218.72,12342.02,23667
2018.02.12,22:00,12347.83,12374.50,12183.23,12263.93,29865
2018.02.13,22:00,12256.32,12444.44,12072.01,12404.03,59716
2018.02.14,22:00,12400.57,12482.30,12274.02,12372.93,38893
2018.02.15,22:00,12370.66,12535.84,12363.50,12487.78,22757
2018.02.18,22:00,12509.23,12558.02,12360.82,12395.43,28061
2018.02.19,22:00,12388.40,12504.72,12332.89,12430.90,30117
2018.02.20,22:00,12429.75,12513.59,12367.15,12388.10,25124
2018.02.21,22:00,12388.09,12499.73,12281.45,12472.38,35228
2018.02.22,22:00,12468.92,12550.98,12430.25,12543.98,16641
2018.02.25,22:00,12575.87,12614.73,12482.49,12603.17,23719
2018.02.26,22:00,12602.02,12615.02,12422.84,12446.61,22896
2018.02.27,22:00,12443.20,12517.99,12363.19,12389.14,25555
2018.02.28,22:00,12387.98,12403.34,12011.14,12085.42,48185
2018.03.01,22:00,12080.89,12104.24,11874.26,12003.77,38285
2018.03.04,22:00,11956.78,12181.85,11729.12,12171.37,69088
2018.03.05,22:00,12172.47,12273.48,12104.47,12141.60,30716
2018.03.06,22:00,12029.99,12277.33,11965.61,12249.21,40423
2018.03.07,22:00,12249.76,12383.92,12176.13,12344.10,32125
2018.03.08,22:00,12337.32,12410.97,12283.83,12373.01,21860
2018.03.11,22:00,12367.00,12475.99,12359.37,12399.34,20091
2018.03.12,22:00,12394.08,12461.25,12116.44,12155.66,45121
2018.03.13,22:00,12146.30,12324.70,12123.12,12258.06,29141
2018.03.14,22:00,12255.84,12383.34,12214.60,12381.09,21224
2018.03.15,22:00,12378.29,12452.81,12334.46,12394.70,22030
2018.03.18,22:00,12387.86,12398.24,12159.90,12247.63,33646
2018.03.19,22:00,12240.89,12346.47,12188.93,12342.47,21351
2018.03.20,22:00,12341.34,12369.69,12216.28,12259.27,22476
2018.03.21,22:00,12260.40,12294.67,11970.10,11988.09,37684
2018.03.22,22:00,11976.77,12003.00,11757.04,11785.78,30094
2018.03.25,21:00,11774.51,11985.23,11705.38,11922.40,41182
2018.03.26,21:00,11922.40,12043.85,11800.96,11843.04,40643
2018.03.27,21:00,11843.05,12013.71,11768.63,11958.62,37460
2018.03.28,21:00,11965.50,12163.89,11926.08,12120.65,32048
2018.04.02,21:00,11974.10,12071.51,11911.87,12055.82,23757
2018.04.03,21:00,12052.94,12090.00,11791.79,12076.30,57307
2018.04.04,21:00,12080.87,12324.70,12072.88,12277.36,30716
2018.04.05,21:00,12282.82,12292.19,12101.51,12183.08,28163
2018.04.08,21:00,12207.23,12372.78,12191.84,12257.80,31132
2018.04.09,21:00,12254.29,12428.92,12225.73,12371.62,28906
2018.04.10,21:00,12372.79,12392.60,12254.74,12282.19,18513
2018.04.11,21:00,12282.19,12436.26,12262.69,12431.32,19802
2018.04.12,21:00,12419.08,12525.92,12388.69,12449.54,24401
2018.04.15,21:00,12536.46,12560.01,12376.11,12421.31,25266
2018.04.16,21:00,12420.15,12617.86,12414.34,12580.32,24688
2018.04.17,21:00,12576.26,12640.49,12547.11,12601.87,16116
2018.04.18,21:00,12606.53,12619.84,12525.61,12552.70,13464
2018.04.19,21:00,12552.13,12587.59,12489.82,12525.51,16893
2018.04.22,21:00,12586.87,12590.88,12463.90,12577.75,24485
2018.04.23,21:00,12576.59,12648.76,12375.57,12451.53,42133
2018.04.24,21:00,12450.35,12486.48,12311.08,12476.21,32495
2018.04.25,21:00,12484.47,12605.03,12380.59,12579.52,35384
2018.04.26,21:00,12590.12,12628.94,12517.48,12584.45,21726
2018.04.29,21:00,12610.03,12631.90,12554.02,12567.76,11350
2018.05.01,21:00,12608.26,12828.44,12595.47,12747.47,32674
2018.05.02,21:00,12752.34,12799.08,12664.51,12764.02,25747
2018.05.03,21:00,12765.25,12849.73,12707.00,12835.01,21571
2018.05.06,21:00,12836.84,12963.81,12812.29,12919.11,22078
2018.05.07,21:00,12919.12,12948.75,12853.76,12937.30,17181
2018.05.08,21:00,12934.88,12995.03,12888.54,12975.37,17250
2018.05.09,21:00,12976.59,13035.40,12928.44,13009.64,18088
2018.05.10,21:00,13010.83,13044.83,12962.48,12988.24,14212
2018.05.13,21:00,13025.25,13035.17,12925.20,12972.49,16719
2018.05.14,21:00,12968.93,13008.89,12915.83,12990.03,16503
2018.05.15,21:00,12993.63,13031.39,12958.43,13013.99,12557
2018.05.16,21:00,13013.99,13123.16,12974.14,13100.81,21123
2018.05.17,21:00,13101.41,13149.36,13050.36,13078.14,17474
2018.05.21,21:00,13139.31,13205.90,13060.26,13160.18,27042
2018.05.22,21:00,13156.56,13166.80,12928.67,12998.64,31835
2018.05.23,21:00,12996.25,13007.58,12800.72,12890.76,30824
2018.05.24,21:00,12888.39,13001.14,12851.34,12932.02,25598
2018.05.27,21:00,12966.36,13040.30,12825.57,12862.71,32582
2018.05.28,21:00,12856.47,12865.92,12576.28,12664.03,38685
2018.05.29,21:00,12665.19,12833.18,12627.94,12804.80,27088
2018.05.30,21:00,12793.04,12809.94,12544.34,12646.58,38475
2018.05.31,21:00,12647.74,12801.23,12628.39,12752.03,24140
2018.06.03,21:00,12754.27,12846.60,12713.19,12785.10,23600
2018.06.04,21:00,12783.92,12927.03,12750.15,12775.92,34577
2018.06.05,21:00,12774.76,12909.04,12727.84,12903.23,23394
2018.06.06,21:00,12902.05,12917.80,12664.41,12734.92,33966
2018.06.07,21:00,12728.59,12811.29,12609.11,12792.04,34092
2018.06.10,21:00,12768.53,12895.70,12741.97,12878.84,19716
2018.06.11,21:00,12874.78,12955.76,12813.68,12857.04,26643
2018.06.12,21:00,12857.02,12908.11,12777.75,12858.14,25961
2018.06.13,21:00,12850.62,13182.43,12798.54,13145.54,47287
2018.06.14,21:00,13143.18,13170.78,13004.86,13066.80,25547
2018.06.17,21:00,13051.40,13081.30,12783.03,12860.30,40545
2018.06.18,21:00,12860.29,12865.73,12593.15,12725.69,41057
2018.06.19,21:00,12722.24,12771.73,12669.71,12701.15,18296
2018.06.20,21:00,12704.58,12764.98,12447.75,12477.37,40726
2018.06.21,21:00,12473.96,12605.77,12468.86,12554.93,19286
2018.06.24,21:00,12552.27,12565.90,12251.10,12307.70,38504
2018.06.25,21:00,12304.30,12357.52,12187.36,12291.82,32785
2018.06.26,21:00,12301.96,12442.23,12123.55,12292.73,62814
2018.06.27,21:00,12290.45,12376.71,12103.17,12233.17,48981
2018.06.28,21:00,12230.92,12384.15,12208.83,12284.81,29676
2018.07.01,21:00,12300.25,12308.56,12129.58,12302.11,35611
2018.07.02,21:00,12304.35,12430.15,12268.82,12310.10,31692
2018.07.03,21:00,12292.25,12351.93,12283.67,12336.66,9212
2018.07.04,21:00,12330.37,12518.49,12296.78,12478.67,29513
2018.07.05,21:00,12471.25,12555.85,12425.64,12498.36,23332
2018.07.08,21:00,12508.21,12576.84,12488.86,12572.14,11204
2018.07.09,21:00,12572.70,12641.13,12529.19,12562.38,21357
2018.07.10,21:00,12544.34,12571.45,12390.65,12421.66,23893
2018.07.11,21:00,12426.13,12517.13,12408.39,12505.66,13796
2018.07.12,21:00,12507.89,12584.84,12497.98,12548.87,13275
2018.07.15,21:00,12567.26,12606.26,12505.37,12567.58,20147
2018.07.16,21:00,12565.33,12733.65,12521.08,12715.07,27541
2018.07.17,21:00,12713.94,12780.65,12700.50,12748.80,12545
2018.07.18,21:00,12747.66,12768.51,12657.45,12677.82,15229
2018.07.19,21:00,12680.64,12707.54,12466.18,12544.87,34696
2018.07.22,21:00,12556.17,12597.22,12488.21,12588.62,18558
2018.07.23,21:00,12587.49,12756.07,12583.06,12668.48,26504
2018.07.24,21:00,12670.72,12746.83,12535.87,12720.23,37242
2018.07.25,21:00,12677.78,12833.78,12665.74,12809.67,20420
2018.07.26,21:00,12810.79,12887.64,12791.83,12823.08,17934
2018.07.29,21:00,12805.73,12849.97,12767.23,12790.13,14989
2018.07.30,21:00,12791.26,12863.40,12737.29,12852.71,19078
2018.07.31,21:00,12842.24,12846.22,12697.65,12731.16,18607
2018.08.01,21:00,12731.16,12735.68,12493.50,12620.35,37356
2018.08.02,21:00,12621.46,12648.84,12561.80,12641.09,15446
2018.08.05,21:00,12649.50,12717.50,12535.77,12599.13,31310
2018.08.06,21:00,12600.23,12740.21,12594.70,12665.53,22573
2018.08.07,21:00,12664.42,12705.59,12585.03,12591.25,16796
2018.08.08,21:00,12592.35,12700.35,12575.33,12674.96,16744
2018.08.09,21:00,12674.95,12678.56,12384.73,12413.49,32621
2018.08.12,21:00,12410.93,12413.12,12302.96,12366.29,17569
2018.08.13,21:00,12368.47,12461.67,12292.77,12418.87,28741
2018.08.14,21:00,12418.86,12431.78,12111.83,12180.24,40129
2018.08.15,21:00,12178.07,12271.97,12147.06,12230.80,19710
2018.08.16,21:00,12229.72,12257.29,12134.32,12235.51,24016
2018.08.19,21:00,12241.56,12375.03,12223.01,12312.30,23331
2018.08.20,21:00,12311.22,12433.74,12292.27,12350.06,24411
2018.08.21,21:00,12342.48,12442.84,12316.51,12369.75,22540
2018.08.22,21:00,12369.74,12413.16,12349.11,12361.98,12035
2018.08.23,21:00,12361.97,12447.37,12342.09,12400.81,17173
2018.08.26,21:00,12405.85,12563.52,12405.85,12559.16,16204
2018.08.27,21:00,12559.16,12597.52,12515.56,12535.59,14036
2018.08.28,21:00,12538.83,12575.49,12498.38,12571.68,12138
2018.08.29,21:00,12572.21,12579.94,12397.62,12434.63,22707
2018.08.30,21:00,12429.26,12478.93,12310.55,12347.98,25549
2018.09.02,21:00,12368.80,12368.80,12298.51,12338.35,11014
2018.09.03,21:00,12332.18,12404.41,12161.49,12228.21,38188
2018.09.04,21:00,12229.25,12231.99,12034.48,12062.85,22863
2018.09.05,21:00,12057.62,12092.68,11936.93,11977.09,23098
2018.09.06,21:00,11975.00,11990.88,11887.42,11941.42,17335
2018.09.09,21:00,11941.98,12041.66,11929.31,12004.87,16182
2018.09.11,21:00,12001.51,12048.14,11950.64,12002.27,19425
2018.09.12,00:00,12004.81,12020.56,11992.05,11999.31,118827
2018.09.13,00:00,11998.27,12130.15,11995.56,12082.50,45988
2018.09.14,00:00,12084.57,12135.07,12072.08,12121.50,40821
2018.09.16,00:00,12105.30,12105.30,12078.61,12090.81,284
2018.09.17,00:00,12089.77,12125.65,11980.62,11991.26,38718
2018.09.18,00:00,11990.22,12193.90,11989.18,12182.89,42767
2018.09.19,00:00,12181.84,12241.22,12153.80,12237.79,28744
2018.09.20,00:00,12238.84,12364.69,12202.14,12359.42,28066
2018.09.21,00:00,12358.36,12460.83,12351.85,12408.89,41742
2018.09.23,00:00,12384.15,12385.20,12359.61,12376.68,341
2018.09.24,00:00,12377.73,12411.06,12341.74,12349.33,35041
2018.09.25,00:00,12350.38,12418.07,12319.65,12378.48,36366
2018.09.26,00:00,12379.54,12418.23,12320.77,12345.11,34371
2018.09.27,00:00,12344.05,12457.76,12270.58,12417.86,41026
2018.09.28,00:00,12418.39,12433.17,12189.03,12227.66,47365
2018.09.30,00:00,12249.64,12270.43,12242.44,12263.14,339
2018.10.01,00:00,12264.19,12374.12,12243.67,12315.07,38734
2018.10.02,00:00,12316.12,12316.61,12201.51,12278.97,44398
2018.10.04,00:00,12286.06,12348.92,12172.19,12235.55,54759
2018.10.05,00:00,12236.60,12263.70,12054.44,12099.64,55367
2018.10.07,00:00,12131.24,12132.29,12081.92,12094.48,997
2018.10.08,00:00,12093.43,12123.71,11898.97,11975.71,55731
2018.10.09,00:00,11974.67,12008.17,11802.01,11973.84,59150
2018.10.10,00:00,11973.32,11996.83,11557.96,11589.41,75003
2018.10.11,00:00,11588.36,11701.37,11396.04,11598.20,106169
2018.10.12,00:00,11598.73,11709.81,11426.42,11569.58,78440
2018.10.15,00:00,11566.35,11650.89,11441.57,11587.72,63685
2018.10.16,00:00,11590.88,11832.54,11582.44,11822.08,51461
2018.10.17,00:00,11822.07,11849.67,11668.76,11754.29,60404
2018.10.18,00:00,11746.45,11793.26,11488.27,11537.01,73059
2018.10.19,00:00,11534.92,11623.97,11498.07,11549.34,73244
2018.10.22,00:00,11500.06,11678.68,11457.10,11522.07,65244
2018.10.23,00:00,11516.84,11527.55,11226.39,11401.18,89548
2018.10.24,00:00,11399.10,11427.03,11049.40,11124.07,85587
2018.10.25,00:00,11123.03,11371.78,11051.74,11214.58,84819
2018.10.26,00:00,11197.47,11289.10,11050.04,11197.75,102632
2018.10.29,00:00,11237.03,11446.75,11152.48,11254.29,87964
2018.10.30,00:00,11246.99,11433.21,11208.78,11386.54,94945
2018.10.31,00:00,11386.92,11499.78,11347.36,11426.77,71525
2018.11.01,00:00,11422.69,11574.37,11405.91,11475.24,67148
2018.11.02,00:00,11440.85,11690.94,11436.12,11553.02,122078
2018.11.05,00:00,11543.96,11557.05,11474.44,11507.95,53133
2018.11.06,00:00,11503.85,11547.74,11434.60,11537.17,54545
2018.11.07,00:00,11530.98,11659.16,11478.21,11655.41,59957
2018.11.08,00:00,11654.42,11658.92,11493.46,11518.72,52654
2018.11.09,00:00,11514.62,11554.91,11416.70,11541.15,61071
2018.11.12,00:00,11538.22,11609.58,11294.66,11315.20,66977
2018.11.13,00:00,11301.43,11496.70,11264.38,11437.21,73740
2018.11.14,00:00,11470.57,11567.77,11313.85,11397.42,80717
2018.11.15,00:00,11376.30,11501.61,11251.39,11456.41,81489
2018.11.16,00:00,11426.00,11447.80,11230.75,11372.33,64354
2018.11.19,00:00,11345.16,11420.90,11192.65,11219.88,66438
2018.11.20,00:00,11200.91,11214.32,11007.98,11037.95,86168
2018.11.21,00:00,11037.94,11264.05,11035.84,11228.62,62266
2018.11.22,00:00,11238.14,11264.97,11116.73,11149.52,35890
2018.11.26,00:00,11208.34,11391.63,11199.79,11332.82,49540
2018.11.27,00:00,11336.90,11441.60,11263.68,11339.26,57529
2018.11.28,00:00,11332.61,11420.61,11277.28,11395.24,53573
2018.11.29,00:00,11386.97,11404.20,11274.90,11334.78,54254
2018.11.30,00:00,11323.53,11334.15,11207.60,11317.49,45750
2018.12.03,00:00,11452.98,11568.58,11430.44,11466.36,55018
2018.12.04,00:00,11455.03,11459.14,11133.87,11159.61,68874
2018.12.05,00:00,11188.01,11266.12,11173.75,11192.31,32871
2018.12.06,00:00,11072.16,11091.04,10758.12,10927.40,96746
2018.12.07,00:00,10930.91,10945.10,10678.98,10712.98,79129
2018.12.10,00:00,10631.17,10759.14,10584.31,10724.06,112653
2018.12.11,00:00,10707.27,10885.86,10676.97,10769.73,71843
2018.12.12,00:00,10799.40,10971.84,10781.99,10921.06,64336
2018.12.13,00:00,10922.09,10986.79,10883.70,10896.91,63154
2018.12.14,00:00,10900.50,10909.74,10731.48,10824.83,60181
2018.12.17,00:00,10799.69,10916.72,10669.94,10732.01,60496
2018.12.18,00:00,10737.26,10842.44,10684.27,10694.25,65356
2018.12.19,00:00,10691.08,10831.91,10600.88,10635.07,54450
2018.12.20,00:00,10642.51,10694.43,10481.36,10610.64,69198
2018.12.21,00:00,10599.97,10655.54,10491.71,10522.23,76619
2018.12.27,00:00,10622.26,10698.38,10278.21,10466.54,83962
2018.12.28,00:00,10474.94,10615.89,10415.60,10574.36,67853
2019.01.02,00:00,10667.48,10704.00,10387.43,10559.57,73768
2019.01.03,00:00,10521.43,10556.19,10398.40,10435.53,74805
2019.01.04,00:00,10433.93,10832.20,10394.29,10806.19,71852
2019.01.07,00:00,10814.72,10894.21,10679.59,10752.42,61248
2019.01.08,00:00,10751.36,10911.73,10734.51,10820.42,62984
2019.01.09,00:00,10819.37,10962.23,10815.68,10877.77,58743
2019.01.10,00:00,10870.39,10975.60,10785.97,10955.59,60122
2019.01.11,00:00,10945.02,10961.66,10827.24,10892.37,51785
2019.01.14,00:00,10859.78,10887.97,10785.15,10868.60,48331
2019.01.15,00:00,10865.49,10994.97,10813.42,10885.65,59828
2019.01.16,00:00,10885.13,10945.94,10856.33,10925.55,49455
2019.01.17,00:00,10923.98,10980.41,10820.50,10960.94,59568
2019.01.18,00:00,10952.65,11256.13,10935.59,11233.37,61874
2019.01.21,00:00,11235.45,11243.05,11123.69,11148.18,31649
2019.01.22,00:00,11123.44,11143.82,11003.75,11014.87,57442
2019.01.23,00:00,11008.07,11136.38,11000.43,11049.40,65039
2019.01.24,00:00,11044.16,11160.82,11016.10,11138.72,65424
2019.01.25,00:00,11130.87,11321.90,11125.59,11255.91,59753
2019.01.28,00:00,11249.54,11276.38,11178.38,11227.59,53757
2019.01.29,00:00,11223.33,11277.23,11159.36,11235.60,56202
2019.01.30,00:00,11241.96,11249.93,11130.14,11222.87,54299
2019.01.31,00:00,11222.86,11311.02,11047.78,11216.21,61955
2019.02.01,00:00,11201.20,11219.71,11113.61,11188.51,56376
2019.02.04,00:00,11166.55,11210.94,11097.72,11191.96,47278
2019.02.05,00:00,11184.28,11387.53,11175.80,11351.29,49838
2019.02.06,00:00,11349.20,11373.94,11295.41,11297.91,45993
2019.02.07,00:00,11295.80,11307.07,11002.34,11024.87,67093
2019.02.08,00:00,11020.27,11046.99,10863.28,10952.47,60853
2019.02.11,00:00,10960.15,11042.22,10924.77,11003.42,50341
2019.02.12,00:00,11000.37,11165.32,10995.79,11149.82,46212
2019.02.13,00:00,11145.25,11221.69,11122.86,11172.87,51451
2019.02.14,00:00,11171.85,11269.87,11077.37,11079.37,64399
2019.02.15,00:00,11079.36,11324.26,11016.65,11322.44,62711
2019.02.18,00:00,11339.23,11345.18,11255.10,11309.58,28523
2019.02.19,00:00,11298.15,11373.04,11242.69,11310.77,49635
2019.02.20,00:00,11306.67,11446.58,11293.22,11428.07,92322
2019.02.21,00:00,11426.56,11483.16,11387.43,11401.69,62759
2019.02.22,00:00,11399.63,11503.57,11393.41,11462.29,48915
2019.02.25,00:00,11492.24,11545.68,11464.25,11467.32,48765
2019.02.26,00:00,11466.29,11558.69,11424.85,11514.50,53888
2019.02.27,00:00,11509.33,11546.41,11440.94,11504.33,52355
2019.02.28,00:00,11500.72,11544.11,11400.69,11527.26,52415
2019.03.01,00:00,11520.02,11678.13,11510.71,11634.64,53614
2019.03.04,00:00,11666.95,11697.50,11524.10,11552.44,59066
2019.03.05,00:00,11549.33,11634.16,11536.98,11613.80,53588
2019.03.06,00:00,11606.50,11655.02,11559.93,11564.10,53663
2019.03.07,00:00,11562.01,11614.21,11450.11,11491.57,68930
2019.03.08,00:00,11488.43,11498.87,11404.91,11493.73,61893
2019.03.11,00:00,11500.83,11597.39,11461.22,11597.39,42446
2019.03.12,00:00,11627.97,11633.94,11497.32,11514.22,50456
2019.03.13,00:00,11497.34,11608.71,11471.79,11605.21,37515
2019.03.14,00:00,11612.86,11636.25,11538.38,11587.04,34004
2019.03.15,00:00,11594.17,11720.48,11573.51,11688.73,49070
2019.03.18,00:00,11670.66,11713.09,11634.38,11663.83,39796
2019.03.19,00:00,11662.24,11822.70,11644.02,11746.41,46839
2019.03.20,00:00,11745.85,11747.35,11569.60,11570.84,55666
2019.03.21,00:00,11570.28,11631.93,11466.37,11582.18,54217
2019.03.22,00:00,11577.30,11624.07,11325.84,11332.70,71521
2019.03.25,00:00,11343.16,11390.67,11268.53,11362.37,64667
2019.03.26,00:00,11362.54,11447.76,11298.82,11438.56,57824
2019.03.27,00:00,11434.95,11503.76,11366.62,11441.29,128105
2019.03.28,00:00,11438.90,11494.93,11386.31,11462.97,108938
2019.03.29,00:00,11466.35,11549.07,11439.74,11543.82,104996
2019.04.01,00:00,11582.97,11712.04,11577.93,11703.81,211208
2019.04.02,00:00,11702.71,11800.96,11657.59,11800.21,88949
2019.04.03,00:00,11779.43,11961.89,11770.44,11960.83,82220
2019.04.04,00:00,11960.83,12030.06,11909.32,11983.77,48255
2019.04.05,00:00,11982.73,12023.93,11966.26,12002.44,39882
2019.04.07,00:00,12002.44,12002.44,12002.44,12002.44,1
2019.04.08,00:00,12008.70,12008.70,11937.90,11951.27,36976
2019.04.09,00:00,11950.26,11983.92,11837.40,11842.55,41722
2019.04.10,00:00,11844.05,11944.33,11836.90,11916.66,40703
2019.04.11,00:00,11915.63,11964.14,11844.94,11927.80,46629
2019.04.12,00:00,11926.78,12032.46,11889.33,12015.43,49339
2019.04.15,00:00,12021.67,12035.92,11982.82,12020.82,39445
2019.04.16,00:00,12021.87,12116.68,12017.33,12087.45,44438
2019.04.17,00:00,12083.31,12195.20,12080.17,12160.81,49053
2019.04.18,00:00,12162.92,12265.65,12098.27,12244.67,55261
2019.04.23,00:00,12264.19,12275.02,12180.02,12242.65,42313
2019.04.24,00:00,12237.63,12352.69,12190.22,12296.95,51948
2019.04.25,00:00,12306.42,12332.21,12235.31,12278.25,47888
2019.04.26,00:00,12271.97,12324.42,12246.83,12321.43,46368
2019.04.29,00:00,12314.94,12377.85,12265.22,12327.57,39401
2019.04.30,00:00,12327.58,12377.95,12278.90,12358.49,43297
2019.05.01,00:00,12358.50,12358.50,12358.50,12358.50,1
2019.05.02,00:00,12268.74,12404.15,12257.75,12327.06,60912
2019.05.03,00:00,12326.02,12446.79,12307.91,12445.31,43172
2019.05.06,00:00,12308.82,12353.78,12133.50,12234.32,57399
2019.05.07,00:00,12238.53,12320.01,12025.84,12077.13,83363
2019.05.08,00:00,12072.96,12216.69,12049.44,12199.09,75381
2019.05.09,00:00,12194.87,12201.05,11955.48,12073.12,83651
2019.05.10,00:00,12063.71,12209.40,11964.06,12186.86,87766
2019.05.13,00:00,12077.22,12132.12,11834.84,11848.67,85721
2019.05.14,00:00,11839.18,12019.37,11815.46,11993.36,62621
2019.05.15,00:00,11996.01,12130.10,11860.45,12097.09,71563
2019.05.16,00:00,12091.79,12317.69,11989.72,12279.77,68344
2019.05.17,00:00,12280.84,12301.31,12148.77,12199.91,79064
2019.05.20,00:00,12218.67,12265.61,11991.60,12060.76,79220
2019.05.21,00:00,12062.87,12179.29,12049.64,12153.40,59884
2019.05.22,00:00,12154.46,12212.32,12053.17,12139.64,60199
2019.05.23,00:00,12142.30,12148.02,11925.08,11940.13,76836
2019.05.24,00:00,11944.36,12083.05,11935.83,12028.11,58139
2019.05.27,00:00,12038.37,12122.79,12015.59,12068.79,35936
2019.05.28,00:00,12063.78,12120.62,11966.47,11987.13,76151
2019.05.29,00:00,11983.92,11992.39,11809.63,11855.37,79223
2019.05.30,00:00,11850.03,11926.60,11850.03,11922.33,54679
2019.05.31,00:00,11916.98,11926.59,11660.50,11706.46,77016
2019.06.03,00:00,11657.70,11793.88,11607.70,11783.12,86919
2019.06.04,00:00,11785.25,11999.50,11710.47,11997.37,77417
2019.06.05,00:00,12001.64,12058.66,11928.52,11993.34,75684
2019.06.06,00:00,11958.34,12077.45,11897.64,11962.98,72837
2019.06.07,00:00,11961.39,12098.68,11955.02,12050.00,60932
2019.06.10,00:00,12130.97,12147.74,12052.55,12096.73,39052
2019.06.11,00:00,12098.82,12225.59,12075.15,12146.98,58915
2019.06.12,00:00,12149.02,12154.72,12066.24,12104.93,57535
2019.06.13,00:00,12106.49,12201.74,12061.09,12171.37,64713
2019.06.14,00:00,12165.59,12182.57,12048.54,12112.89,60652
2019.06.17,00:00,12122.73,12140.04,12058.06,12092.88,48423
2019.06.18,00:00,12093.92,12358.66,11985.74,12343.88,72026
2019.06.19,00:00,12339.67,12359.23,12278.84,12314.81,51096
2019.06.20,00:00,12311.65,12440.31,12310.60,12368.13,47746
2019.06.21,00:00,12366.04,12425.27,12269.15,12273.50,67409
2019.06.24,00:00,12240.41,12340.29,12238.33,12250.15,53049
2019.06.25,00:00,12249.10,12287.03,12173.02,12188.14,61013
2019.06.26,00:00,12186.04,12316.55,12168.18,12229.47,61840
2019.06.27,00:00,12227.89,12334.61,12207.96,12300.34,57665
2019.06.28,00:00,12298.23,12413.47,12266.56,12402.58,48052
2019.07.01,00:00,12510.96,12622.08,12468.41,12536.05,59888
2019.07.02,00:00,12536.57,12560.40,12482.08,12552.22,49488
2019.07.03,00:00,12554.26,12659.90,12515.22,12655.08,46156
2019.07.04,00:00,12643.16,12654.47,12614.68,12636.75,24784
2019.07.05,00:00,12629.23,12641.28,12519.35,12577.44,57012
2019.07.08,00:00,12558.33,12589.38,12482.55,12501.61,54389
2019.07.09,00:00,12498.46,12504.75,12362.51,12452.52,60203
2019.07.10,00:00,12452.51,12471.06,12354.52,12380.49,64527
2019.07.11,00:00,12378.42,12436.35,12306.92,12342.77,63933
2019.07.12,00:00,12338.66,12388.67,12303.06,12327.31,48656
2019.07.15,00:00,12317.67,12436.19,12292.52,12405.54,58241
2019.07.16,00:00,12406.05,12465.31,12364.75,12413.50,54403
2019.07.17,00:00,12413.49,12453.24,12274.32,12276.38,52952
2019.07.18,00:00,12274.31,12301.30,12193.61,12265.57,64534
2019.07.19,00:00,12267.60,12340.09,12210.28,12240.87,69294
2019.07.22,00:00,12214.80,12348.60,12207.61,12308.45,55394
2019.07.23,00:00,12309.47,12549.70,12304.32,12522.49,65460
2019.07.24,00:00,12522.48,12578.95,12475.85,12552.80,53355
2019.07.25,00:00,12555.91,12601.00,12295.55,12349.15,79933
2019.07.26,00:00,12356.33,12449.31,12352.22,12432.90,49332
2019.07.29,00:00,12411.89,12476.31,12381.03,12430.96,46440
2019.07.30,00:00,12428.89,12461.06,12097.21,12124.39,81717
2019.07.31,00:00,12128.41,12225.88,12043.75,12122.39,70129
2019.08.01,00:00,12112.19,12269.26,12032.06,12045.92,94358
2019.08.02,00:00,12053.07,12077.59,11835.33,11910.64,110960
2019.08.05,00:00,11900.47,11905.58,11537.63,11547.32,113042
2019.08.06,00:00,11514.10,11750.85,11337.06,11623.74,105229
2019.08.07,00:00,11618.17,11745.79,11557.34,11710.37,96961
2019.08.08,00:00,11707.31,11852.60,11651.00,11832.03,80602
2019.08.09,00:00,11789.74,11860.79,11671.85,11733.90,83060
2019.08.12,00:00,11741.35,11838.87,11612.15,11629.28,79342
2019.08.13,00:00,11628.77,11839.62,11537.67,11807.02,88141
2019.08.14,00:00,11804.49,11811.05,11412.43,11413.94,89179
2019.08.15,00:00,11413.93,11546.07,11265.01,11426.58,110886
2019.08.16,00:00,11424.07,11579.98,11418.56,11565.61,72874
2019.08.19,00:00,11577.98,11760.14,11569.20,11691.73,55389
2019.08.20,00:00,11688.21,11766.76,11588.47,11592.47,57995
2019.08.21,00:00,11591.96,11824.78,11586.46,11815.73,50603
2019.08.22,00:00,11812.70,11853.32,11712.19,11743.49,61181
2019.08.23,00:00,11743.48,11824.48,11532.04,11536.54,83026
2019.08.26,00:00,11464.60,11697.56,11385.59,11688.22,75792
2019.08.27,00:00,11690.24,11780.21,11613.77,11701.49,67170
2019.08.28,00:00,11698.42,11735.57,11571.60,11676.64,66642
2019.08.29,00:00,11681.17,11871.56,11629.05,11851.91,57039
2019.08.30,00:00,11849.88,11988.88,11839.64,11955.78,54364
2019.09.02,00:00,11866.63,11995.22,11847.20,11944.87,36970
2019.09.03,00:00,11929.29,11987.98,11866.67,11920.63,65715
2019.09.04,00:00,11915.49,12079.12,11904.47,12035.09,52070
2019.09.05,00:00,12036.62,12164.10,12029.96,12097.89,54105
2019.09.06,00:00,12098.90,12205.69,12098.90,12173.79,47973
2019.09.09,00:00,12180.07,12246.15,12179.05,12217.83,43187
2019.09.10,00:00,12218.84,12313.55,12178.68,12293.43,53732
2019.09.11,00:00,12290.32,12395.79,12274.35,12385.06,48806
2019.09.12,00:00,12387.12,12473.41,12305.74,12404.68,70108
2019.09.13,00:00,12410.86,12495.78,12401.85,12454.27,42475
2019.09.16,00:00,12390.77,12424.49,12324.35,12404.97,45535
2019.09.17,00:00,12403.95,12415.30,12301.64,12385.86,44768
2019.09.18,00:00,12385.87,12432.17,12350.23,12416.18,33728
2019.09.19,00:00,12419.27,12473.22,12353.33,12428.21,30949
2019.09.20,00:00,12426.65,12490.29,12403.90,12405.88,52249
2019.09.23,00:00,12422.57,12462.17,12262.70,12383.79,51929
2019.09.24,00:00,12384.81,12395.88,12229.87,12254.18,60141
2019.09.25,00:00,12253.66,12295.04,12140.89,12257.60,62581
2019.09.26,00:00,12259.65,12340.91,12217.57,12321.25,56127
2019.09.27,00:00,12320.72,12405.31,12278.20,12329.54,62294
2019.09.30,00:00,12386.90,12456.89,12327.04,12448.15,47484
2019.10.01,00:00,12444.49,12496.23,12219.02,12240.82,62209
2019.10.02,00:00,12242.37,12261.12,11885.92,11905.01,75433
2019.10.03,00:00,11905.00,11985.27,11820.50,11981.15,69428
2019.10.04,00:00,11980.11,12068.92,11878.02,12064.16,64937
2019.10.07,00:00,11977.34,12140.40,11966.86,12071.49,64365
2019.10.08,00:00,12066.34,12153.26,11919.33,11969.32,75810
2019.10.09,00:00,11970.35,12177.49,11951.73,12111.70,61184
2019.10.10,00:00,12111.69,12217.55,11978.95,12198.93,75181
2019.10.11,00:00,12197.89,12555.96,12161.99,12467.85,71575
2019.10.14,00:00,12463.76,12509.95,12387.10,12478.44,53171
2019.10.15,00:00,12480.53,12684.06,12479.48,12637.96,59712
2019.10.16,00:00,12639.01,12699.96,12597.36,12668.22,59193
2019.10.17,00:00,12669.27,12815.88,12620.82,12656.52,65636
2019.10.18,00:00,12655.46,12700.62,12597.35,12655.01,59373
2019.10.21,00:00,12654.12,12787.38,12644.92,12755.80,52150
2019.10.22,00:00,12755.79,12794.93,12670.41,12682.95,52048
2019.10.23,00:00,12688.24,12819.60,12647.29,12818.49,57918
2019.10.24,00:00,12819.55,12914.78,12801.86,12847.73,54795
2019.10.25,00:00,12852.54,12899.07,12831.80,12894.26,41919
2019.10.28,00:00,12892.66,12985.52,12885.30,12959.24,47218
2019.10.29,00:00,12960.15,12971.38,12895.57,12935.02,41688
2019.10.30,00:00,12934.48,12950.66,12841.39,12940.15,48467
2019.10.31,00:00,12940.90,12953.06,12793.06,12897.65,59184
2019.11.01,00:00,12895.60,12991.84,12884.98,12969.91,42747
2019.11.04,00:00,12976.16,13171.52,12974.56,13130.79,42305
2019.11.05,00:00,13126.52,13167.29,13111.78,13149.03,44762
2019.11.06,00:00,13140.07,13209.32,13108.40,13170.78,46905
2019.11.07,00:00,13179.53,13302.73,13160.90,13271.92,52965
2019.11.08,00:00,13273.19,13287.81,13194.80,13240.36,43222
2019.11.11,00:00,13253.82,13253.82,13142.21,13217.05,41407
2019.11.12,00:00,13217.58,13309.02,13185.52,13267.79,46431
2019.11.13,00:00,13272.08,13273.16,13136.84,13253.84,51400
2019.11.14,00:00,13254.37,13275.78,13155.77,13204.56,50657
2019.11.15,00:00,13202.42,13280.14,13171.99,13239.30,43580
2019.11.18,00:00,13222.17,13284.60,13136.42,13204.53,48978
2019.11.19,00:00,13203.47,13374.40,13174.09,13188.32,53316
2019.11.20,00:00,13187.26,13193.45,13068.50,13128.27,63462
2019.11.21,00:00,13077.73,13179.29,13039.13,13167.43,68107
2019.11.22,00:00,13167.96,13244.68,13118.94,13188.98,52003
2019.11.25,00:00,13216.15,13270.35,13201.47,13255.57,36969
2019.11.26,00:00,13254.50,13315.97,13191.73,13262.57,42019
2019.11.27,00:00,13260.45,13315.40,13218.33,13299.82,40087
2019.11.28,00:00,13300.87,13303.37,13213.95,13255.58,24979
2019.11.29,00:00,13245.71,13292.65,13164.10,13228.56,40440
2019.12.02,00:00,13240.37,13340.05,12952.80,12985.20,70907
2019.12.03,00:00,12990.40,13086.69,12924.59,13049.93,77723
2019.12.04,00:00,13048.87,13172.82,12993.94,13146.20,64600
2019.12.05,00:00,13146.73,13191.78,13045.84,13073.18,56819
2019.12.06,00:00,13074.23,13179.44,13048.89,13174.43,47362
2019.12.09,00:00,13179.40,13187.04,13058.08,13064.34,38878
2019.12.10,00:00,13067.46,13093.64,12883.90,13082.39,63834
2019.12.11,00:00,13075.09,13170.19,13039.71,13144.97,52335
2019.12.12,00:00,13143.93,13290.14,13103.55,13268.08,77186
2019.12.13,00:00,13285.06,13456.27,13253.54,13306.78,88801
2019.12.16,00:00,13321.51,13427.17,13315.81,13399.67,40761
2019.12.17,00:00,13397.06,13407.70,13267.21,13273.91,48126
2019.12.18,00:00,13270.30,13285.72,13205.99,13227.24,35235
2019.12.19,00:00,13228.27,13253.67,13139.88,13227.94,35999
2019.12.20,00:00,13230.00,13322.24,13185.97,13301.24,55675
2019.12.23,00:00,13310.05,13330.37,13283.34,13292.41,36605
2019.12.24,00:00,13294.44,13294.44,13294.44,13294.44,2
2019.12.27,00:00,13344.87,13396.87,13285.89,13299.15,43101
2019.12.30,00:00,13292.15,13317.24,13109.05,13122.49,51857
2019.12.31,00:00,13121.98,13132.59,13117.40,13131.57,280
2020.01.02,00:00,13132.07,13447.88,13132.07,13447.88,56858
2020.01.03,00:00,13445.82,13452.60,13119.31,13176.91,88044
2020.01.06,00:00,13099.87,13166.84,12946.67,13139.48,73320
2020.01.07,00:00,13143.53,13282.35,13137.42,13181.45,73202
2020.01.08,00:00,13174.37,13402.35,12978.94,13384.37,86285
2020.01.09,00:00,13389.50,13523.42,13375.79,13508.00,58353
2020.01.10,00:00,13509.03,13547.07,13430.61,13457.87,53088
2020.01.13,00:00,13465.59,13530.50,13402.56,13472.06,52344
2020.01.14,00:00,13475.13,13504.13,13361.39,13465.97,69920
2020.01.15,00:00,13467.00,13468.02,13386.85,13416.77,53837
2020.01.16,00:00,13417.79,13493.74,13380.55,13462.47,51150
2020.01.17,00:00,13460.44,13557.91,13458.41,13538.38,45236
2020.01.20,00:00,13509.26,13578.60,13486.25,13576.85,26777
2020.01.21,00:00,13557.01,13571.36,13436.42,13522.65,58050
2020.01.22,00:00,13526.72,13639.67,13456.26,13463.36,56556
2020.01.23,00:00,13462.35,13497.63,13381.10,13485.31,65026
2020.01.24,00:00,13487.33,13605.48,13475.99,13521.15,70563
2020.01.27,00:00,13400.36,13434.85,13183.34,13199.61,90541
2020.01.28,00:00,13191.46,13343.66,13162.96,13337.56,75448
2020.01.29,00:00,13332.47,13375.72,13284.84,13307.22,63931
2020.01.30,00:00,13310.27,13340.18,13116.98,13277.08,99243
2020.01.31,00:00,13266.00,13275.44,12882.28,12932.29,103337
2020.02.03,00:00,12961.69,13078.41,12942.12,13017.39,87099
2020.02.04,00:00,13010.88,13310.97,12978.78,13297.39,66535
2020.02.05,00:00,13293.38,13518.64,13221.47,13507.53,84042
2020.02.06,00:00,13513.60,13602.03,13490.42,13581.47,65085
2020.02.07,00:00,13585.52,13587.56,13461.14,13476.38,68660
2020.02.10,00:00,13478.49,13535.37,13384.26,13531.32,53681
2020.02.11,00:00,13525.26,13669.07,13521.72,13632.92,58870
2020.02.12,00:00,13637.48,13784.42,13617.25,13782.38,51765
2020.02.13,00:00,13783.91,13792.01,13575.86,13741.87,72373
2020.02.14,00:00,13744.92,13789.82,13710.20,13751.96,53205
2020.02.17,00:00,13783.94,13807.89,13752.36,13783.16,27482
2020.02.18,00:00,13740.66,13757.50,13653.22,13700.53,66734
2020.02.19,00:00,13704.59,13788.66,13701.54,13779.16,44000
2020.02.20,00:00,13793.39,13819.77,13648.19,13706.01,77167
2020.02.21,00:00,13706.00,13714.62,13497.28,13557.67,89934
2020.02.24,00:00,13428.69,13438.78,12952.56,12989.17,129594
2020.02.25,00:00,12975.09,13160.64,12608.86,12666.41,142143
2020.02.26,00:00,12664.38,12851.90,12366.92,12529.36,156676
2020.02.27,00:00,12530.36,12609.57,12038.88,12063.84,161155
2020.02.28,00:00,12060.29,12159.09,11721.14,11926.22,141753
2020.03.02,00:00,11686.65,12217.41,11624.51,11985.60,118150
2020.03.03,00:00,12007.57,12272.33,11737.63,11782.65,129026
2020.03.04,00:00,11776.73,12279.77,11723.90,12210.12,96491
2020.03.05,00:00,12203.23,12223.00,11749.86,11788.38,108592
2020.03.06,00:00,11794.22,11819.23,11420.53,11544.46,117807
2020.03.09,00:00,11039.80,11094.87,10355.99,10358.49,89752
2020.03.10,00:00,10356.99,11039.97,10183.39,10881.56,105872
2020.03.11,00:00,10881.81,10881.81,10212.91,10307.43,104234
2020.03.12,00:00,10306.67,10437.23,8975.20,8998.70,99531
2020.03.13,00:00,8997.20,10000.45,8820.70,9668.55,91337
2020.03.16,00:00,9613.70,9616.45,8231.50,8544.50,78129
2020.03.17,00:00,8542.00,9167.25,8420.50,8866.00,100511
2020.03.18,00:00,8865.75,8897.09,8183.25,8451.00,99477
2020.03.19,00:00,8451.48,8825.50,7961.25,8578.50,95734
2020.03.20,00:00,8579.75,9196.75,8475.62,8616.25,94994
2020.03.23,00:00,8525.50,9116.65,8166.75,8809.90,119498
2020.03.24,00:00,8809.65,9749.00,8808.00,9694.75,99639
2020.03.25,00:00,9693.50,10138.75,9437.50,9802.35,122876
2020.03.26,00:00,9807.85,10078.10,9519.00,10077.10,89987
2020.03.27,00:00,10077.35,10116.55,9530.00,9545.75,80534
2020.03.30,00:00,9543.75,9888.39,9357.80,9867.85,98438
2020.03.31,00:00,9868.76,10095.75,9703.20,9785.42,84347
2020.04.01,00:00,9778.75,9778.75,9324.75,9361.80,84671
2020.04.02,00:00,9374.55,9652.10,9334.50,9610.84,92239
2020.04.03,00:00,9610.80,9641.77,9438.85,9521.50,78509
2020.04.06,00:00,9664.62,10266.35,9616.75,10213.68,73852
2020.04.07,00:00,10203.99,10591.35,10099.50,10168.48,101163
2020.04.08,00:00,10184.80,10424.34,10142.13,10401.28,78302
2020.04.09,00:00,10394.08,10710.33,10308.06,10704.10,93464
2020.04.13,00:00,10693.20,10694.70,10692.70,10692.70,6
2020.04.14,00:00,10693.20,10820.89,10574.98,10746.83,59747
2020.04.15,00:00,10745.82,10750.07,10230.69,10241.79,88410
2020.04.16,00:00,10242.21,10468.21,10175.41,10467.75,88376
2020.04.17,00:00,10589.73,10759.50,10498.85,10701.90,95354
2020.04.20,00:00,10647.62,10774.51,10442.25,10539.19,88102
2020.04.21,00:00,10524.16,10623.53,10230.80,10299.69,102719
2020.04.22,00:00,10314.74,10472.00,10231.65,10445.56,86429
2020.04.23,00:00,10446.96,10611.52,10322.69,10369.36,92440
2020.04.24,00:00,10356.77,10488.49,10260.66,10470.66,80799
2020.04.27,00:00,10494.71,10723.22,10411.17,10680.57,72752
2020.04.28,00:00,10683.36,10899.51,10635.54,10734.56,88581
2020.04.29,00:00,10774.44,11234.99,10735.91,11232.14,95412
2020.04.30,00:00,11217.64,11339.58,10741.92,10757.32,110527
2020.05.04,00:00,10808.26,10808.26,10365.39,10572.18,84243
2020.05.05,00:00,10567.34,10748.90,10518.30,10638.63,69424
2020.05.06,00:00,10631.05,10771.91,10516.72,10521.36,60119
2020.05.07,00:00,10516.26,10803.49,10487.52,10754.85,56396
2020.05.08,00:00,10751.11,10927.18,10743.65,10922.92,42694
2020.05.11,00:00,10929.32,11031.62,10738.29,10861.93,55067
2020.05.12,00:00,10864.72,10902.42,10582.41,10589.44,58093
2020.05.13,00:00,10587.90,10704.56,10435.99,10538.17,86553
2020.05.14,00:00,10544.71,10558.26,10160.38,10466.29,100897
2020.05.15,00:00,10452.57,10548.04,10371.16,10531.07,82840
2020.05.18,00:00,10512.72,11144.41,10473.09,11077.53,71948
2020.05.19,00:00,11078.94,11228.08,10933.03,10963.83,83544
2020.05.20,00:00,10950.21,11247.36,10934.91,11229.18,65960
2020.05.21,00:00,11232.95,11236.26,11035.32,11048.69,67329
2020.05.22,00:00,11048.68,11139.85,10865.46,11126.06,65831
2020.05.25,00:00,11128.82,11399.82,11114.57,11394.82,40110
2020.05.26,00:00,11373.94,11546.28,11350.70,11478.82,73831
2020.05.27,00:00,11475.94,11749.26,11430.37,11739.59,93510
2020.05.28,00:00,11731.85,11834.07,11651.64,11712.51,93656
2020.05.29,00:00,11704.79,11731.41,11514.26,11670.93,97953
2020.06.01,00:00,11510.32,11939.35,11508.86,11934.14,66049
2020.06.02,00:00,11929.25,12082.77,11848.50,12071.91,79767
2020.06.03,00:00,12074.86,12558.66,12063.67,12510.81,88374
2020.06.04,00:00,12511.32,12557.00,12324.43,12429.06,108005
2020.06.05,00:00,12426.08,12862.91,12395.12,12773.73,108352
2020.06.08,00:00,12786.88,12929.33,12673.63,12910.48,90826
2020.06.09,00:00,12913.49,12931.78,12500.48,12620.85,103693
2020.06.10,00:00,12617.92,12764.95,12461.58,12482.24,107017
2020.06.11,00:00,12480.30,12498.90,11752.60,11846.68,144205
2020.06.12,00:00,11835.41,12173.73,11789.35,12014.60,141471
2020.06.15,00:00,11859.50,12117.67,11588.14,12114.21,104736
2020.06.16,00:00,12112.28,12434.34,12105.50,12298.12,126288
2020.06.17,00:00,12280.41,12430.01,12215.45,12356.48,92120
2020.06.18,00:00,12348.51,12485.64,12156.99,12259.20,94160
2020.06.19,00:00,12250.81,12445.50,12185.35,12209.50,121003
2020.06.22,00:00,12058.68,12403.25,11991.08,12353.58,106543
2020.06.23,00:00,12358.54,12617.25,12159.00,12421.63,101569
2020.06.24,00:00,12422.62,12519.00,12031.35,12179.60,130358
2020.06.25,00:00,12168.15,12358.69,11956.75,12328.66,123914
2020.06.26,00:00,12319.65,12365.15,12034.60,12061.35,116216
2020.06.29,00:00,12016.60,12315.24,11956.50,12296.09,120015
2020.06.30,00:00,12293.57,12406.35,12186.25,12350.75,83234
2020.07.01,00:00,12351.75,12399.25,12081.50,12297.84,77772
2020.07.02,00:00,12291.37,12660.00,12232.50,12579.07,96078
2020.07.03,00:00,12579.57,12663.75,12471.50,12583.35,51595
2020.07.06,00:00,12581.75,12845.25,12581.75,12744.49,84647
2020.07.07,00:00,12747.50,12818.25,12519.10,12526.76,84077
2020.07.08,00:00,12525.76,12674.00,12460.00,12611.66,87608
2020.07.09,00:00,12615.62,12711.25,12446.60,12561.01,99897
2020.07.10,00:00,12562.51,12720.35,12399.75,12710.10,90871
2020.07.13,00:00,12775.47,12879.25,12534.33,12564.73,98434
2020.07.14,00:00,12566.73,12796.85,12529.25,12756.24,119017
2020.07.15,00:00,12835.78,13000.27,12772.50,12926.01,99647
2020.07.16,00:00,12932.52,12950.09,12803.34,12858.46,90950
2020.07.17,00:00,12868.01,12973.07,12857.94,12962.81,66053
2020.07.20,00:00,12960.98,13100.47,12805.56,13084.12,77020
2020.07.21,00:00,13083.10,13316.93,13074.01,13095.89,89112
2020.07.22,00:00,13095.38,13202.61,13064.91,13132.41,77307
2020.07.23,00:00,13136.42,13219.39,12951.76,13002.21,94720
2020.07.24,00:00,13002.20,13033.18,12775.87,12831.15,92125
2020.07.27,00:00,12817.13,12913.00,12775.12,12897.88,71782
2020.07.28,00:00,12899.87,12981.46,12746.39,12787.07,71219
2020.07.29,00:00,12794.03,12897.85,12750.76,12896.37,56400
2020.07.30,00:00,12900.34,12900.34,12250.81,12536.81,96704
2020.07.31,00:00,12551.05,12565.74,12208.97,12315.94,94364
2020.08.03,00:00,12326.97,12701.27,12273.23,12659.18,70548
2020.08.04,00:00,12665.91,12771.69,12527.27,12620.38,70299
2020.08.05,00:00,12624.67,12762.53,12578.97,12610.99,63459
2020.08.06,00:00,12608.13,12801.52,12517.47,12663.01,74324
2020.08.07,00:00,12658.58,12708.18,12517.06,12708.18,67821
2020.08.10,00:00,12693.81,12778.14,12601.04,12739.08,65343
2020.08.11,00:00,12729.57,13050.88,12718.01,12862.18,77250
2020.08.12,00:00,12872.78,13104.63,12827.84,13065.27,67775
2020.08.13,00:00,13059.44,13091.79,12921.97,12971.32,64551
2020.08.14,00:00,12969.39,13017.32,12791.92,12869.22,59121
2020.08.17,00:00,12863.37,12964.67,12845.11,12930.11,46664
2020.08.18,00:00,12929.15,13055.95,12803.13,12873.28,57142
2020.08.19,00:00,12873.27,12995.30,12831.68,12925.47,51305
2020.08.20,00:00,12923.07,12940.36,12737.49,12862.91,59978
2020.08.21,00:00,12864.81,12939.42,12628.50,12801.48,66988
2020.08.24,00:00,12809.27,13109.97,12785.68,13073.26,828239
2020.08.25,00:00,13076.11,13226.11,13011.52,13101.14,485720
2020.08.26,00:00,13103.51,13264.93,13009.79,13250.05,54375
2020.08.27,00:00,13246.14,13248.52,13021.88,13085.03,79180
2020.08.28,00:00,13088.30,13192.75,12946.63,13063.43,71223
2020.08.31,00:00,13081.62,13153.89,12901.30,12936.35,66083
2020.09.01,00:00,12934.95,13129.38,12847.92,13006.82,79666
2020.09.02,00:00,13004.51,13357.22,12989.24,13347.42,82240
2020.09.03,00:00,13348.81,13464.43,12932.60,13024.86,124028
2020.09.04,00:00,12992.72,13126.94,12745.81,12967.16,133828
2020.09.07,00:00,12897.94,13137.82,12815.98,13124.81,71653
2020.09.08,00:00,13104.92,13160.38,12854.53,12917.51,138988
2020.09.09,00:00,12812.94,13316.44,12781.62,13251.44,101282
2020.09.10,00:00,13255.34,13310.37,13088.41,13117.85,110669
2020.09.11,00:00,13133.06,13256.55,13111.00,13181.74,92479
2020.09.14,00:00,13217.63,13339.63,13142.89,13153.22,74900
2020.09.15,00:00,13163.10,13262.37,13134.16,13229.30,60238
2020.09.16,00:00,13230.26,13278.44,13171.02,13217.86,64294
2020.09.17,00:00,13220.29,13259.00,13034.29,13228.81,81222
2020.09.18,00:00,13217.41,13268.28,13056.50,13120.33,81242
2020.09.21,00:00,13099.34,13171.31,12502.09,12654.34,114757
2020.09.22,00:00,12639.57,12700.81,12561.22,12676.77,87237
2020.09.23,00:00,12685.48,12832.04,12527.43,12554.58,92027
2020.09.24,00:00,12538.88,12693.64,12456.36,12631.41,111858
2020.09.25,00:00,12650.66,12711.50,12339.07,12573.47,98058
2020.09.28,00:00,12590.83,12898.83,12561.25,12889.20,81612
2020.09.29,00:00,12887.78,12946.60,12735.77,12835.05,77718
2020.09.30,00:00,12835.52,12897.89,12684.32,12704.61,102318
2020.10.01,00:00,12729.34,12857.79,12668.96,12713.74,97422
2020.10.02,00:00,12714.04,12739.90,12539.20,12709.32,106832
2020.10.05,00:00,12758.17,12887.66,12726.34,12865.08,67194
2020.10.06,00:00,12866.02,12966.41,12748.03,12771.96,92722
2020.10.07,00:00,12785.82,12962.95,12756.25,12944.21,76539
2020.10.08,00:00,12938.49,13103.51,12935.00,13086.56,67428
2020.10.09,00:00,13088.45,13128.38,13008.91,13058.45,55990
2020.10.12,00:00,13053.80,13189.06,13032.34,13170.79,64166
2020.10.13,00:00,13175.44,13184.77,12957.53,12993.01,82713
2020.10.14,00:00,12993.93,13068.63,12952.69,12962.15,77151
2020.10.15,00:00,12964.64,12998.56,12597.47,12741.72,101059
2020.10.16,00:00,12749.96,12956.75,12707.71,12900.19,79489
2020.10.19,00:00,12896.23,13030.44,12722.04,12782.11,78868
2020.10.20,00:00,12791.88,12851.73,12681.06,12716.29,99884
2020.10.21,00:00,12748.89,12819.07,12533.70,12551.07,100898
2020.10.22,00:00,12546.49,12603.59,12342.31,12594.43,97794
2020.10.23,00:00,12612.21,12719.03,12505.49,12662.23,78980
2020.10.26,00:00,12614.33,12630.01,12089.12,12207.96,111482
2020.10.27,00:00,12204.05,12278.54,11940.23,11942.23,102601
2020.10.28,00:00,11944.73,11962.09,11455.83,11529.22,146820
2020.10.29,00:00,11540.38,11709.09,11455.95,11588.68,132396
2020.10.30,00:00,11561.78,11642.96,11328.70,11633.45,131115
2020.11.02,00:00,11590.98,11839.30,11508.10,11804.03,110298
2020.11.03,00:00,11804.02,12188.70,11795.94,12153.70,95243
2020.11.04,00:00,12165.68,12363.72,11782.90,12275.19,141943
2020.11.05,00:00,12301.60,12591.86,12230.49,12548.77,97885
2020.11.06,00:00,12538.22,12595.17,12368.48,12480.76,91202
2020.11.09,00:00,12533.78,13297.75,12527.31,12991.92,139004
2020.11.10,00:00,13001.99,13239.91,12871.50,13175.58,134816
2020.11.11,00:00,13175.11,13253.67,13094.39,13240.74,95650
2020.11.12,00:00,13240.73,13242.59,12935.81,12991.43,97639
2020.11.13,00:00,12985.25,13141.81,12927.92,13120.07,71764
2020.11.16,00:00,13164.36,13281.49,13075.81,13149.37,94213
2020.11.17,00:00,13139.39,13169.17,13048.94,13123.78,78885
2020.11.18,00:00,13126.04,13214.28,13071.88,13096.29,72888
2020.11.19,00:00,13102.71,13155.05,13032.59,13081.15,77192
2020.11.20,00:00,13073.75,13172.17,13032.87,13128.83,70855
2020.11.23,00:00,13132.82,13313.68,13122.97,13184.69,73376
2020.11.24,00:00,13184.68,13345.86,13183.76,13334.19,69817
2020.11.25,00:00,13328.67,13374.32,13233.97,13301.62,71720
2020.11.26,00:00,13308.48,13333.74,13249.19,13275.91,40635
2020.11.27,00:00,13279.54,13369.25,13241.22,13368.50,52836
2020.11.30,00:00,13387.46,13446.98,13225.94,13319.12,90108
2020.12.01,00:00,13310.16,13436.13,13293.36,13378.36,77952
2020.12.02,00:00,13376.76,13399.78,13269.28,13304.44,69002
2020.12.03,00:00,13306.70,13327.89,13179.55,13202.99,62626
2020.12.04,00:00,13204.33,13317.15,13197.18,13297.05,60342
2020.12.07,00:00,13306.68,13310.47,13160.40,13239.21,66830
2020.12.08,00:00,13244.79,13316.46,13197.28,13309.68,55023
2020.12.09,00:00,13327.65,13457.77,13281.44,13338.58,74578
2020.12.10,00:00,13334.93,13371.20,13209.98,13285.34,77101
2020.12.11,00:00,13297.10,13311.04,13007.20,13146.71,76045
2020.12.14,00:00,13188.07,13294.64,13139.82,13209.29,67572
2020.12.15,00:00,13215.16,13429.65,13180.63,13420.46,62532
2020.12.16,00:00,13426.95,13597.55,13380.17,13575.88,59378
2020.12.17,00:00,13581.35,13736.99,13551.52,13681.59,43341
2020.12.18,00:00,13677.44,13774.82,13599.00,13648.80,64001
2020.12.21,00:00,13622.20,13672.74,13048.27,13369.76,60418
2020.12.22,00:00,13371.12,13440.56,13234.98,13403.53,35622
2020.12.23,00:00,13401.70,13620.71,13331.27,13613.34,31139
2020.12.28,00:00,13643.00,13828.00,13613.00,13781.79,18795
2020.12.29,00:00,13785.94,13904.25,13690.10,13725.63,29450
2020.12.30,00:00,13724.55,13796.09,13651.79,13661.00,25244
2020.12.31,00:00,13662.83,13674.25,13659.17,13674.25,317
2021.01.04,00:00,13716.50,13919.50,13591.81,13689.46,53417
2021.01.05,00:00,13684.36,13769.10,13564.44,13698.76,49854
2021.01.06,00:00,13701.51,13933.77,13615.03,13876.68,66603
2021.01.07,00:00,13885.47,14008.29,13853.70,13987.32,40306
2021.01.08,00:00,13991.92,14134.20,13979.09,14087.84,42028
2021.01.11,00:00,14087.50,14094.88,13804.99,13935.22,44418
2021.01.12,00:00,13943.95,14002.71,13840.04,13919.09,40743
2021.01.13,00:00,13917.25,13978.94,13866.67,13952.42,38859
2021.01.14,00:00,13959.75,14029.72,13939.34,13964.20,39040
2021.01.15,00:00,13975.17,13994.68,13685.16,13765.50,47485
2021.01.18,00:00,13749.31,13910.69,13689.04,13892.67,28824
2021.01.19,00:00,13852.16,13959.58,13801.85,13858.86,39140
2021.01.20,00:00,13866.16,13966.65,13794.31,13940.54,35715
2021.01.21,00:00,13943.26,14026.13,13869.12,13936.44,35923
2021.01.22,00:00,13937.80,13944.00,13742.69,13875.39,46462
2021.01.25,00:00,13896.01,13955.41,13597.42,13720.19,70792
2021.01.26,00:00,13714.83,13929.85,13586.78,13895.05,52841
2021.01.27,00:00,13889.62,13909.87,13377.94,13498.18,95272
2021.01.28,00:00,13496.38,13717.50,13307.05,13605.05,95544
2021.01.29,00:00,13611.36,13638.52,13366.56,13415.97,111209
2021.02.01,00:00,13296.36,13683.96,13260.93,13663.12,64290
2021.02.02,00:00,13664.93,13902.47,13631.32,13883.69,54667
2021.02.03,00:00,13887.77,13989.22,13858.91,13982.30,49726
2021.02.04,00:00,13984.12,14078.23,13904.77,14063.77,42417
2021.02.05,00:00,14056.49,14113.75,14012.18,14065.47,37149
2021.02.08,00:00,14087.73,14190.87,14041.98,14085.75,35451
2021.02.09,00:00,14083.64,14087.82,13958.69,14042.69,35401
2021.02.10,00:00,14045.72,14098.75,13827.23,13934.11,53461
2021.02.11,00:00,13931.53,14053.11,13901.58,14017.02,46025
2021.02.12,00:00,14017.01,14076.86,13913.26,14068.25,35836
