2016.01.16,22:00,116.763,116.764,116.57,116.702,328
2016.01.17,22:00,116.71,117.44,116.702,117.32,867
2016.01.18,22:00,117.323,118.116,117.234,117.644,1444
2016.01.19,22:00,117.638,117.688,115.972,116.944,2739
2016.01.20,22:00,116.945,117.814,116.47,117.702,1932
2016.01.21,22:00,117.704,118.88,117.54,118.835,1550
2016.01.23,22:00,118.658,118.677,118.575,118.663,200
2016.01.24,22:00,118.662,118.856,118.174,118.296,999
2016.01.25,22:00,118.295,118.622,117.656,118.422,1806
2016.01.26,22:00,118.422,119.072,118.042,118.68,1803
2016.01.27,22:00,118.666,118.994,118.416,118.818,1005
2016.01.28,22:00,118.822,121.69,118.472,121.07,4189
2016.01.30,22:00,121.25,121.38,121.236,121.335,204
2016.01.31,22:00,121.332,121.491,120.68,120.99,1281
2016.02.01,22:00,120.984,121.053,119.838,119.965,1412
2016.02.02,22:00,119.968,120.046,117.053,117.89,3909
2016.02.03,22:00,117.893,118.24,116.528,116.777,2309
2016.02.04,22:00,116.779,117.43,116.295,116.977,2073
2016.02.06,22:00,116.876,116.887,116.804,116.828,119
2016.02.07,22:00,116.83,117.526,115.175,115.849,3722
2016.02.08,22:00,115.848,115.851,114.21,115.112,2547
2016.02.09,22:00,115.11,115.261,113.12,113.342,2515
2016.02.10,22:00,113.341,113.6,110.982,112.421,4317
2016.02.11,22:00,112.428,113.542,111.66,113.297,2896
2016.02.13,22:00,113.414,113.422,113.364,113.406,109
2016.02.14,22:00,113.404,114.732,113.274,114.595,1726
2016.02.15,22:00,114.595,114.876,113.596,114.071,2037
2016.02.16,22:00,114.076,114.506,113.376,114.102,2235
2016.02.17,22:00,114.102,114.326,113.144,113.242,1505
2016.02.18,22:00,113.244,113.379,112.308,112.651,1550
2016.02.20,22:00,112.482,112.592,112.416,112.578,257
2016.02.21,22:00,112.579,113.388,112.428,112.917,1583
2016.02.22,22:00,112.899,113.056,111.774,112.108,1774
2016.02.23,22:00,112.103,112.266,111.043,112.182,2368
2016.02.24,22:00,112.182,113.025,111.898,113.004,1433
2016.02.25,22:00,112.998,113.99,112.562,113.94,1915
2016.02.27,22:00,113.91,113.967,113.892,113.965,96
2016.02.28,22:00,113.968,113.99,112.655,112.692,1395
2016.02.29,22:00,112.684,114.185,112.161,114.003,2730
2016.03.01,22:00,114.001,114.556,113.217,113.474,2152
2016.03.02,22:00,113.473,114.271,113.298,113.688,1732
2016.03.03,22:00,113.688,114.26,113.122,113.954,2011
2016.03.05,22:00,113.98,114.078,113.936,113.949,254
2016.03.06,22:00,113.949,113.955,113.226,113.462,972
2016.03.07,22:00,113.475,113.522,112.424,112.628,1350
2016.03.08,22:00,112.626,113.456,112.228,113.341,1742
2016.03.09,22:00,113.355,114.447,112.608,113.193,3517
2016.03.10,22:00,113.178,113.919,112.756,113.812,1693
2016.03.12,22:00,113.958,113.971,113.892,113.929,130
2016.03.13,22:00,113.934,114.008,113.508,113.796,863
2016.03.14,22:00,113.794,114.136,112.632,113.2,2415
2016.03.15,22:00,113.202,113.82,112.332,112.673,2448
2016.03.16,22:00,112.674,112.958,110.667,111.432,3341
2016.03.17,22:00,111.432,111.76,110.822,111.542,1767
2016.03.19,22:00,111.561,111.603,111.52,111.548,154
2016.03.20,22:00,111.548,111.98,111.222,111.964,1101
2016.03.21,22:00,111.962,112.492,111.379,112.388,1801
2016.03.22,22:00,112.388,112.906,112.142,112.394,1523
2016.03.23,22:00,112.392,113.008,112.294,112.824,997
2016.03.24,22:00,112.823,113.328,112.754,113.068,904
2016.03.26,22:00,113.186,113.23,113.177,113.186,107
2016.03.27,21:00,113.192,113.689,113.127,113.454,863
2016.03.28,21:00,113.452,113.804,112.612,112.697,1630
2016.03.29,21:00,112.677,112.808,112.018,112.425,1329
2016.03.30,21:00,112.425,112.662,112.112,112.57,956
2016.03.31,21:00,112.568,112.584,111.592,111.647,1064
2016.04.02,21:00,111.658,111.66,111.57,111.625,148
2016.04.03,21:00,111.625,111.802,111.097,111.34,1126
2016.04.04,21:00,111.337,111.362,109.95,110.342,1830
2016.04.05,21:00,110.338,110.642,109.343,109.794,2055
2016.04.06,21:00,109.794,109.908,107.67,108.212,2895
2016.04.07,21:00,108.211,109.1,108.082,108.174,2000
2016.04.09,21:00,107.896,108.022,107.826,107.992,297
2016.04.10,21:00,108.027,108.44,107.632,107.944,1534
2016.04.11,21:00,107.946,108.788,107.873,108.542,1235
2016.04.12,21:00,108.54,109.404,108.506,109.34,997
2016.04.13,21:00,109.338,109.548,108.9,109.403,1232
2016.04.14,21:00,109.4,109.735,108.602,108.715,1582
2016.04.16,21:00,108.223,108.27,108.166,108.185,171
2016.04.17,21:00,108.184,108.99,107.839,108.822,1665
2016.04.18,21:00,108.828,109.488,108.748,109.206,1103
2016.04.19,21:00,109.204,109.88,108.764,109.846,1591
2016.04.20,21:00,109.845,109.9,109.324,109.462,770
2016.04.21,21:00,109.462,111.807,109.262,111.622,2931
2016.04.23,21:00,111.532,111.914,111.522,111.865,452
2016.04.24,21:00,111.858,111.894,110.842,111.204,1451
2016.04.25,21:00,111.204,111.474,110.67,111.31,1503
2016.04.26,21:00,111.308,111.756,111.03,111.461,1300
2016.04.27,21:00,111.458,111.888,107.866,108.108,4695
2016.04.28,21:00,108.115,108.204,106.278,106.393,2131
2016.04.30,21:00,106.328,106.352,106.214,106.236,185
2016.05.01,21:00,106.24,106.821,106.138,106.41,1197
2016.05.02,21:00,106.407,106.683,105.55,106.594,2080
2016.05.03,21:00,106.614,107.454,106.25,107.006,2017
2016.05.04,21:00,107.009,107.502,106.804,107.255,1151
2016.05.05,21:00,107.255,107.42,106.436,107.147,1861
2016.05.07,21:00,107.062,107.111,107.034,107.063,154
2016.05.08,21:00,107.065,108.606,107.06,108.324,1834
2016.05.09,21:00,108.325,109.35,108.276,109.266,1208
2016.05.10,21:00,109.267,109.378,108.371,108.41,1158
2016.05.11,21:00,108.422,109.396,108.23,109.019,1736
2016.05.12,21:00,109.015,109.558,108.514,108.644,1718
2016.05.14,21:00,108.626,108.686,108.611,108.642,135
2016.05.15,21:00,108.64,109.097,108.468,109.026,873
2016.05.16,21:00,109.026,109.654,108.84,109.144,1511
2016.05.17,21:00,109.138,110.26,108.724,110.195,2016
2016.05.18,21:00,110.191,110.384,109.7,109.96,1138
2016.05.19,21:00,109.965,110.59,109.85,110.164,1282
2016.05.21,21:00,110.151,110.171,110.112,110.144,112
2016.05.22,21:00,110.147,110.242,109.112,109.242,1356
2016.05.23,21:00,109.238,110.13,109.17,109.992,1167
2016.05.24,21:00,109.99,110.449,109.866,110.185,972
2016.05.25,21:00,110.187,110.232,109.419,109.762,1202
2016.05.26,21:00,109.764,110.45,109.475,110.417,1298
2016.05.28,21:00,110.422,110.484,110.386,110.418,193
2016.05.29,21:00,110.418,111.448,110.368,111.118,1461
2016.05.30,21:00,111.12,111.35,110.502,110.72,1297
2016.05.31,21:00,110.714,110.832,109.053,109.538,2383
2016.06.01,21:00,109.544,109.587,108.525,108.872,1453
2016.06.02,21:00,108.87,109.138,106.55,106.634,2941
2016.06.04,21:00,106.662,106.683,106.499,106.582,289
2016.06.05,21:00,106.584,107.657,106.374,107.558,1593
2016.06.06,21:00,107.554,107.905,107.154,107.364,1313
2016.06.07,21:00,107.361,107.392,106.586,106.991,1243
2016.06.08,21:00,106.988,107.178,106.254,107.077,1760
2016.06.09,21:00,107.09,107.262,106.556,106.775,1098
2016.06.11,21:00,106.878,106.88,106.746,106.842,233
2016.06.12,21:00,106.845,106.878,105.737,106.266,1704
2016.06.13,21:00,106.262,106.424,105.629,106.108,1437
2016.06.14,21:00,106.11,106.396,105.428,106.011,1838
2016.06.15,21:00,106.013,106.038,103.552,104.262,3222
2016.06.16,21:00,104.258,104.83,104.08,104.216,1459
2016.06.18,21:00,104.65,104.717,104.626,104.708,125
2016.06.19,21:00,104.71,104.846,103.786,103.936,1347
2016.06.20,21:00,103.936,105.06,103.583,104.748,2143
2016.06.21,21:00,104.748,104.853,104.316,104.414,741
2016.06.22,21:00,104.414,106.176,104.022,106.167,2556
2016.06.23,21:00,106.158,106.842,98.962,102.268,11871
2016.06.25,21:00,101.8,101.805,101.52,101.535,306
2016.06.26,21:00,101.537,102.478,101.403,102.003,1685
2016.06.27,21:00,102,102.843,101.56,102.756,1811
2016.06.28,21:00,102.756,102.938,102.174,102.844,1441
2016.06.29,21:00,102.856,103.296,102.36,103.206,1523
2016.06.30,21:00,103.193,103.4,102.442,102.56,1284
2016.07.02,21:00,102.568,102.618,102.552,102.617,84
2016.07.03,21:00,102.618,102.804,102.424,102.555,698
2016.07.04,21:00,102.562,102.594,101.45,101.74,1467
2016.07.05,21:00,101.74,101.768,100.2,101.321,2718
2016.07.06,21:00,101.326,101.404,100.597,100.766,1055
2016.07.07,21:00,100.782,101.291,99.99,100.47,2291
2016.07.09,21:00,100.552,100.689,100.551,100.626,203
2016.07.10,21:00,100.626,102.896,100.532,102.806,2549
2016.07.11,21:00,102.804,104.988,102.45,104.693,3188
2016.07.12,21:00,104.692,104.88,103.906,104.486,1743
2016.07.13,21:00,104.486,105.938,103.976,105.346,3065
2016.07.14,21:00,105.344,106.319,105.052,105.45,2429
2016.07.16,21:00,105.428,105.428,105.299,105.361,192
2016.07.17,21:00,105.356,106.264,105.272,106.152,1189
2016.07.18,21:00,106.154,106.534,105.646,106.126,1749
2016.07.19,21:00,106.124,107.024,105.831,106.92,1591
2016.07.20,21:00,106.86,107.494,105.421,105.818,3105
2016.07.21,21:00,105.822,106.405,105.568,106.134,1363
2016.07.23,21:00,106.249,106.297,106.132,106.141,223
2016.07.24,21:00,106.135,106.727,105.742,105.806,1642
2016.07.25,21:00,105.812,105.896,103.993,104.667,2662
2016.07.26,21:00,104.663,106.544,104.636,105.39,3090
2016.07.27,21:00,105.392,105.506,104.481,105.262,1921
2016.07.28,21:00,105.262,105.68,101.972,102.04,4195
2016.07.30,21:00,102.171,102.373,102.162,102.32,274
2016.07.31,21:00,102.296,102.687,102.015,102.39,1251
2016.08.01,21:00,102.392,102.834,100.68,100.902,2819
2016.08.02,21:00,100.893,101.571,100.75,101.242,1294
2016.08.03,21:00,101.244,101.67,100.862,101.214,1587
2016.08.04,21:00,101.227,102.064,100.874,101.76,1848
2016.08.06,21:00,101.964,102.058,101.958,101.994,171
2016.08.07,21:00,101.985,102.657,101.866,102.45,1118
2016.08.08,21:00,102.45,102.532,101.79,101.884,919
2016.08.09,21:00,101.886,101.958,100.968,101.292,1387
2016.08.10,21:00,101.292,102.056,101.026,101.955,1398
2016.08.11,21:00,101.959,102.274,100.832,101.24,2166
2016.08.13,21:00,101.172,101.189,101.118,101.176,139
2016.08.14,21:00,101.182,101.457,100.872,101.258,1095
2016.08.15,21:00,101.26,101.293,99.54,100.308,2555
2016.08.16,21:00,100.308,101.168,100.039,100.271,2222
2016.08.17,21:00,100.27,100.504,99.646,99.89,1337
2016.08.18,21:00,99.888,100.462,99.876,100.136,925
2016.08.20,21:00,100.85,100.919,100.76,100.784,253
2016.08.21,21:00,100.784,100.934,100.214,100.331,988
2016.08.22,21:00,100.33,100.394,99.942,100.242,817
2016.08.23,21:00,100.236,100.61,100.09,100.452,825
2016.08.24,21:00,100.45,100.618,100.304,100.529,550
2016.08.25,21:00,100.525,101.945,100.062,101.818,2474
2016.08.27,21:00,101.974,102.138,101.957,102.07,267
2016.08.28,21:00,102.066,102.394,101.837,101.921,970
2016.08.29,21:00,101.918,103.138,101.752,102.968,1723
2016.08.30,21:00,102.966,103.534,102.86,103.428,887
2016.08.31,21:00,103.426,103.999,103.064,103.236,1681
2016.09.01,21:00,103.24,104.322,102.802,104.02,2261
2016.09.03,21:00,104.004,104.112,104.004,104.108,113
2016.09.04,21:00,104.085,104.137,103.148,103.428,1322
2016.09.05,21:00,103.426,103.808,101.932,102.018,2345
2016.09.06,21:00,102.016,102.132,101.204,101.738,1579
2016.09.07,21:00,101.738,102.6,101.414,102.494,1617
2016.09.08,21:00,102.495,103.058,101.966,102.688,1992
2016.09.10,21:00,102.675,102.702,102.5,102.571,301
2016.09.11,21:00,102.574,102.669,101.566,101.849,1482
2016.09.12,21:00,101.85,102.748,101.42,102.558,1949
2016.09.13,21:00,102.558,103.36,102.251,102.426,2087
2016.09.14,21:00,102.426,102.758,101.9,102.104,1395
2016.09.15,21:00,102.105,102.464,101.736,102.318,1244
2016.09.17,21:00,102.18,102.204,102.139,102.15,101
2016.09.18,21:00,102.15,102.419,101.582,101.924,1449
2016.09.19,21:00,101.93,102.064,101.538,101.7,823
2016.09.20,21:00,101.708,102.788,100.3,100.325,3594
2016.09.21,21:00,100.32,100.932,100.1,100.758,1227
2016.09.22,21:00,100.757,101.246,100.675,101.054,846
2016.09.24,21:00,101.096,101.109,100.998,101.04,167
2016.09.25,21:00,101.048,101.103,100.248,100.333,996
2016.09.26,21:00,100.332,100.99,100.084,100.428,1717
2016.09.27,21:00,100.429,100.82,100.26,100.685,865
2016.09.28,21:00,100.685,101.842,100.655,101.035,2025
2016.09.29,21:00,101.028,101.784,100.748,101.407,1694
2016.10.01,21:00,101.204,101.25,101.172,101.24,121
2016.10.02,21:00,101.238,101.674,101.194,101.647,552
2016.10.03,21:00,101.645,102.968,101.575,102.903,1529
2016.10.04,21:00,102.889,103.67,102.672,103.504,1382
2016.10.05,21:00,103.503,104.162,103.349,103.946,1184
2016.10.06,21:00,103.942,104.032,102.86,102.962,1365
2016.10.08,21:00,103.151,103.366,103.096,103.289,403
2016.10.09,21:00,103.288,103.788,102.812,103.606,1635
2016.10.10,21:00,103.607,104.072,103.174,103.505,1695
2016.10.11,21:00,103.503,104.482,103.28,104.204,1704
2016.10.12,21:00,104.214,104.636,103.334,103.702,2093
2016.10.13,21:00,103.717,104.479,103.61,104.234,1222
2016.10.15,21:00,104.337,104.405,104.318,104.358,154
2016.10.16,21:00,104.358,104.38,103.788,103.885,712
2016.10.17,21:00,103.89,104.202,103.683,103.866,1015
2016.10.18,21:00,103.865,103.95,103.166,103.44,1144
2016.10.19,21:00,103.444,104.106,103.344,103.948,1021
2016.10.20,21:00,103.952,104.204,103.523,103.829,1240
2016.10.22,21:00,103.859,103.86,103.839,103.845,29
2016.10.23,21:00,103.845,104.322,103.724,104.182,860
2016.10.24,21:00,104.182,104.876,104.115,104.224,1481
2016.10.25,21:00,104.226,104.62,104.022,104.476,947
2016.10.26,21:00,104.472,105.35,104.296,105.286,1295
2016.10.27,21:00,105.29,105.534,104.465,104.716,1565
2016.10.29,21:00,104.439,104.638,104.41,104.562,334
2016.10.30,22:00,104.561,105.232,104.528,104.772,1198
2016.10.31,22:00,104.776,105.118,103.8,104.076,1937
2016.11.01,22:00,104.064,104.167,103.022,103.341,1568
2016.11.02,22:00,103.34,103.444,102.548,102.971,1424
2016.11.03,22:00,102.971,103.356,102.832,103.116,904
2016.11.05,22:00,104.018,104.475,103.948,104.125,948
2016.11.06,22:00,104.1,104.632,103.77,104.464,1361
2016.11.07,22:00,104.467,105.194,104.296,105.162,1102
2016.11.08,22:00,105.168,105.889,101.196,105.662,8893
2016.11.09,22:00,105.67,106.948,104.964,106.828,2811
2016.11.10,22:00,106.828,106.934,106.033,106.728,1703
2016.11.12,22:00,106.871,106.908,106.862,106.884,80
2016.11.13,22:00,106.878,108.545,106.736,108.424,2073
2016.11.14,22:00,108.422,109.338,107.771,109.198,2359
2016.11.15,22:00,109.2,109.758,108.794,109.078,1807
2016.11.16,22:00,109.075,110.184,108.554,110.123,2213
2016.11.17,22:00,110.125,110.927,109.8,110.826,1554
2016.11.19,22:00,110.962,110.974,110.92,110.923,70
2016.11.20,22:00,110.933,111.366,110.46,110.832,1712
2016.11.21,22:00,110.834,111.358,110.27,111.133,1878
2016.11.22,22:00,111.135,112.976,110.856,112.518,2858
2016.11.23,22:00,112.514,113.536,112.379,113.336,1493
2016.11.24,22:00,113.338,113.9,112.554,113.061,2416
2016.11.26,22:00,113,113.008,112.684,112.821,470
2016.11.27,22:00,112.827,112.976,111.359,111.934,2342
2016.11.28,22:00,111.935,113.34,111.623,112.379,2991
2016.11.29,22:00,112.381,114.541,112.058,114.46,2888
2016.11.30,22:00,114.444,114.83,113.832,114.096,1649
2016.12.01,22:00,114.096,114.206,113.33,113.578,1235
2016.12.03,22:00,113.344,113.424,113.286,113.308,241
2016.12.04,22:00,113.306,114.776,112.878,113.85,3253
2016.12.05,22:00,113.838,114.19,113.503,114.022,1191
2016.12.06,22:00,114.016,114.406,113.414,113.764,1733
2016.12.07,22:00,113.763,114.377,113.127,114.032,2232
2016.12.08,22:00,114.03,115.411,114.008,115.294,1543
2016.12.10,22:00,115.278,115.456,115.277,115.416,221
2016.12.11,22:00,115.408,116.124,114.854,115.026,2159
2016.12.12,22:00,115.022,115.478,114.738,115.188,1315
2016.12.13,22:00,115.186,117.399,114.772,117.04,3401
2016.12.14,22:00,117.042,118.668,117.014,118.178,2173
2016.12.15,22:00,118.178,118.428,117.472,117.924,1659
2016.12.17,22:00,117.959,117.97,117.949,117.962,40
2016.12.18,22:00,117.961,117.968,116.548,117.084,1964
2016.12.19,22:00,117.096,118.244,116.99,117.856,1749
2016.12.20,22:00,117.854,118.07,117.11,117.554,1621
2016.12.21,22:00,117.554,117.878,117.27,117.54,1203
2016.12.22,22:00,117.538,117.617,117.172,117.342,695
2016.12.25,22:00,117.305,117.38,117.001,117.17,624
2016.12.26,22:00,117.122,117.618,117.081,117.43,767
2016.12.27,22:00,117.424,117.816,117.056,117.254,1351
2016.12.28,22:00,117.254,117.265,116.234,116.542,1351
2016.12.29,22:00,116.538,117.198,116.046,116.968,1875
2017.01.01,22:00,116.882,117.67,116.88,117.548,915
2017.01.02,22:00,117.546,118.61,117.215,117.756,2581
2017.01.03,22:00,117.752,118.19,117.054,117.254,1775
2017.01.04,22:00,117.262,117.432,115.22,115.356,2519
2017.01.05,22:00,115.356,117.182,115.069,116.97,2613
2017.01.07,22:00,117.039,117.055,117.012,117.02,68
2017.01.08,22:00,117.02,117.534,115.956,116.03,2167
2017.01.09,22:00,116.026,116.346,115.198,115.762,2033
2017.01.10,22:00,115.762,116.871,114.244,115.416,4909
2017.01.11,22:00,115.412,115.512,113.756,114.72,2821
2017.01.12,22:00,114.712,115.448,114.172,114.482,2323
2017.01.14,22:00,114.177,114.357,114.177,114.344,194
2017.01.15,22:00,114.338,114.48,113.621,114.198,1579
2017.01.16,22:00,114.198,114.283,112.602,112.62,1785
2017.01.17,22:00,112.624,114.762,112.573,114.652,2351
2017.01.18,22:00,114.664,115.623,114.402,114.856,2251
2017.01.19,22:00,114.86,115.388,114.212,114.616,2109
2017.01.21,22:00,114.262,114.356,114.234,114.29,217
2017.01.22,22:00,114.276,114.44,112.692,112.708,1929
2017.01.23,22:00,112.718,113.896,112.526,113.792,1667
2017.01.24,22:00,113.794,113.992,113.038,113.28,1395
2017.01.25,22:00,113.284,114.858,113.049,114.526,2377
2017.01.26,22:00,114.528,115.376,114.393,115.084,1411
2017.01.28,22:00,114.678,114.754,114.636,114.74,175
2017.01.29,22:00,114.744,114.958,113.45,113.774,2047
2017.01.30,22:00,113.792,113.966,112.081,112.796,2775
2017.01.31,22:00,112.796,113.956,112.64,113.25,2179
2017.02.01,22:00,113.256,113.367,112.054,112.8,2171
2017.02.02,22:00,112.802,113.506,112.316,112.604,2183
2017.02.04,22:00,112.476,112.532,112.341,112.468,375
2017.02.05,22:00,112.469,112.778,111.626,111.746,1582
2017.02.06,22:00,111.744,112.579,111.594,112.398,1317
2017.02.07,22:00,112.396,112.546,111.633,111.936,1367
2017.02.08,22:00,111.932,113.349,111.744,113.254,1889
2017.02.09,22:00,113.254,113.859,112.86,113.234,1979
2017.02.11,22:00,113.622,113.622,113.514,113.562,157
2017.02.12,22:00,113.56,114.172,113.436,113.736,1297
2017.02.13,22:00,113.734,114.501,113.252,114.256,1977
2017.02.14,22:00,114.266,114.959,113.861,114.162,2093
2017.02.15,22:00,114.166,114.316,113.083,113.236,1537
2017.02.16,22:00,113.234,113.504,112.62,112.802,1337
2017.02.18,22:00,112.873,112.923,112.866,112.884,104
2017.02.19,22:00,112.884,113.239,112.794,113.102,673
2017.02.20,22:00,113.106,113.779,113.084,113.68,817
2017.02.21,22:00,113.682,113.733,112.908,113.31,1279
2017.02.22,22:00,113.308,113.458,112.552,112.616,1121
2017.02.23,22:00,112.617,112.958,111.936,112.19,1618
2017.02.25,22:00,112.12,112.21,112.113,112.158,157
2017.02.26,22:00,112.159,112.842,111.92,112.702,1302
2017.02.27,22:00,112.706,112.898,111.691,112.762,2359
2017.02.28,22:00,112.76,114.054,112.744,113.724,1657
2017.03.01,22:00,113.724,114.594,113.686,114.414,1127
2017.03.02,22:00,114.413,114.752,113.814,113.998,1462
2017.03.04,22:00,113.851,113.931,113.838,113.92,118
2017.03.05,22:00,113.92,114.137,113.56,113.888,1123
2017.03.06,22:00,113.888,114.156,113.73,113.984,757
2017.03.07,22:00,113.978,114.756,113.608,114.358,1917
2017.03.08,22:00,114.358,115,114.322,114.942,773
2017.03.09,22:00,114.954,115.506,114.656,114.784,1531
2017.03.11,22:00,114.75,114.778,114.679,114.77,179
2017.03.12,22:00,114.77,114.92,114.484,114.848,795
2017.03.13,22:00,114.848,115.196,114.52,114.744,1249
2017.03.14,22:00,114.744,114.886,113.176,113.466,2143
2017.03.15,22:00,113.464,113.549,112.906,113.302,1125
2017.03.16,22:00,113.302,113.493,112.564,112.694,1251
2017.03.18,22:00,112.702,112.732,112.594,112.64,215
2017.03.19,22:00,112.64,112.899,112.458,112.504,747
2017.03.20,22:00,112.508,112.869,111.542,111.784,1931
2017.03.21,22:00,111.784,111.798,110.733,111.268,1615
2017.03.22,22:00,111.264,111.582,110.63,110.982,1623
2017.03.23,22:00,110.98,111.482,110.627,111.334,1357
2017.03.25,22:00,110.86,110.96,110.84,110.914,187
2017.03.26,21:00,110.918,111.052,110.11,110.664,1631
2017.03.27,21:00,110.662,111.203,110.18,111.146,1563
2017.03.28,21:00,111.15,111.318,110.717,111.042,1095
2017.03.29,21:00,111.04,111.945,110.942,111.92,1127
2017.03.30,21:00,111.914,112.2,111.244,111.398,1397
2017.04.01,21:00,111.417,111.461,111.382,111.414,156
2017.04.02,21:00,111.426,111.59,110.857,110.9,941
2017.04.03,21:00,110.894,110.943,110.27,110.748,1201
2017.04.04,21:00,110.748,111.461,110.539,110.702,1799
2017.04.05,21:00,110.696,111.142,110.291,110.808,1591
2017.04.06,21:00,110.818,111.367,110.124,111.104,2201
2017.04.08,21:00,111.041,111.095,111.032,111.074,94
2017.04.09,21:00,111.074,111.582,110.807,110.934,1411
2017.04.10,21:00,110.934,110.94,109.607,109.62,1353
2017.04.11,21:00,109.62,109.868,108.962,109.034,1227
2017.04.12,21:00,109.034,109.396,108.726,109.096,1279
2017.04.13,21:00,109.096,109.23,108.857,108.916,567
2017.04.15,21:00,108.836,108.874,108.716,108.742,223
2017.04.16,21:00,108.741,109.056,108.132,108.91,1680
2017.04.17,21:00,108.906,109.223,108.322,108.428,1325
2017.04.18,21:00,108.428,109.18,108.382,108.858,1167
2017.04.19,21:00,108.858,109.491,108.72,109.32,1081
2017.04.20,21:00,109.32,109.425,108.882,109.092,859
2017.04.22,21:00,110.486,110.606,110.391,110.584,333
2017.04.23,21:00,110.58,110.6,109.661,109.766,1065
2017.04.24,21:00,109.765,111.19,109.596,111.098,1856
2017.04.25,21:00,111.096,111.782,110.874,111.058,1779
2017.04.26,21:00,111.058,111.602,111.015,111.26,973
2017.04.27,21:00,111.26,111.719,111.073,111.514,1039
2017.04.29,21:00,111.282,111.348,111.232,111.3,215
2017.04.30,21:00,111.304,111.93,111.208,111.842,907
2017.05.01,21:00,111.838,112.308,111.783,111.984,905
2017.05.02,21:00,111.986,112.778,111.964,112.75,865
2017.05.03,21:00,112.752,113.05,112.318,112.464,1177
2017.05.04,21:00,112.464,112.805,112.092,112.724,1167
2017.05.06,21:00,112.9,112.991,112.885,112.966,147
2017.05.07,21:00,112.966,113.298,112.396,113.256,1515
2017.05.08,21:00,113.256,114.33,113.136,113.982,1663
2017.05.09,21:00,113.984,114.367,113.628,114.284,1179
2017.05.10,21:00,114.286,114.37,113.46,113.862,1397
2017.05.11,21:00,113.864,113.954,113.202,113.378,1019
2017.05.13,21:00,113.35,113.35,113.124,113.176,279
2017.05.14,21:00,113.16,113.854,113.153,113.792,771
2017.05.15,21:00,113.792,113.798,112.934,113.124,1061
2017.05.16,21:00,113.12,113.14,110.794,110.826,2399
2017.05.17,21:00,110.828,111.742,110.237,111.488,2351
2017.05.18,21:00,111.488,111.702,111.046,111.258,1083
2017.05.20,21:00,111.192,111.222,110.866,111.03,551
2017.05.21,21:00,111.032,111.609,110.93,111.302,1089
2017.05.22,21:00,111.302,111.86,110.862,111.784,1515
2017.05.23,21:00,111.784,112.128,111.482,111.494,1003
2017.05.24,21:00,111.494,111.952,111.489,111.84,581
2017.05.25,21:00,111.838,111.854,110.88,111.332,1443
2017.05.27,21:00,111.226,111.278,111.206,111.256,115
2017.05.28,21:00,111.255,111.468,111.168,111.268,588
2017.05.29,21:00,111.264,111.322,110.666,110.848,897
2017.05.30,21:00,110.844,111.228,110.486,110.774,1415
2017.05.31,21:00,110.774,111.484,110.682,111.364,1015
2017.06.01,21:00,111.364,111.713,110.33,110.402,1805
2017.06.03,21:00,110.362,110.386,110.344,110.37,77
2017.06.04,21:00,110.37,110.734,110.311,110.462,755
2017.06.05,21:00,110.46,110.536,109.226,109.412,1573
2017.06.06,21:00,109.414,109.884,109.116,109.818,1133
2017.06.07,21:00,109.822,110.386,109.38,110.01,1825
2017.06.08,21:00,110.004,110.812,109.75,110.324,1805
2017.06.10,21:00,110.294,110.327,110.256,110.316,121
2017.06.11,21:00,110.315,110.442,109.634,109.944,1246
2017.06.12,21:00,109.945,110.272,109.804,110.064,818
2017.06.13,21:00,110.066,110.342,108.821,109.574,2551
2017.06.14,21:00,109.574,110.98,109.271,110.934,2059
2017.06.15,21:00,110.932,111.418,110.648,110.872,1481
2017.06.17,21:00,110.89,110.932,110.875,110.912,93
2017.06.18,21:00,110.912,111.6,110.75,111.528,1085
2017.06.19,21:00,111.527,111.79,111.31,111.452,886
2017.06.20,21:00,111.454,111.742,111.07,111.386,1277
2017.06.21,21:00,111.386,111.448,110.95,111.328,939
2017.06.22,21:00,111.327,111.43,111.154,111.282,508
2017.06.24,21:00,111.215,111.218,111.162,111.188,86
2017.06.25,21:00,111.188,111.944,111.153,111.858,913
2017.06.26,21:00,111.866,112.467,111.464,112.352,1521
2017.06.27,21:00,112.348,112.418,111.832,112.31,1135
2017.06.28,21:00,112.31,112.928,111.814,112.178,2097
2017.06.29,21:00,112.178,112.604,111.732,112.402,1521
2017.07.01,21:00,112.044,112.136,111.954,112.114,295
2017.07.02,21:00,112.114,113.474,112.098,113.374,1493
2017.07.03,21:00,113.374,113.471,112.741,113.28,1367
2017.07.04,21:00,113.28,113.686,112.828,113.266,1703
2017.07.05,21:00,113.27,113.472,112.887,113.226,1127
2017.07.06,21:00,113.224,114.18,113.106,113.898,1475
2017.07.08,21:00,113.932,113.95,113.868,113.878,111
2017.07.09,21:00,113.879,114.302,113.874,114.038,698
2017.07.10,21:00,114.038,114.495,113.717,113.942,1461
2017.07.11,21:00,113.938,113.97,112.928,113.168,1315
2017.07.12,21:00,113.168,113.528,112.859,113.28,1227
2017.07.13,21:00,113.28,113.578,112.266,112.532,1877
2017.07.15,21:00,112.52,112.524,112.454,112.468,89
2017.07.16,21:00,112.468,112.869,112.33,112.626,921
2017.07.17,21:00,112.625,112.697,111.686,112.068,1466
2017.07.18,21:00,112.068,112.233,111.554,111.972,1263
2017.07.19,21:00,111.968,112.418,111.48,111.908,1817
2017.07.20,21:00,111.908,112.08,111.014,111.134,1359
2017.07.22,21:00,111.146,111.154,111.089,111.122,107
2017.07.23,21:00,111.122,111.32,110.622,111.1,1375
2017.07.24,21:00,111.1,111.958,110.83,111.888,1469
2017.07.25,21:00,111.888,112.203,111.062,111.17,1565
2017.07.26,21:00,111.176,111.712,110.783,111.26,1775
2017.07.27,21:00,111.262,111.334,110.549,110.678,987
2017.07.29,21:00,110.678,110.686,110.608,110.666,145
2017.07.30,21:00,110.666,110.774,110.217,110.256,705
2017.07.31,21:00,110.256,110.588,109.925,110.366,1217
2017.08.01,21:00,110.36,110.984,110.271,110.734,1053
2017.08.02,21:00,110.732,110.828,109.858,110.048,1257
2017.08.03,21:00,110.048,111.05,109.847,110.688,1767
2017.08.05,21:00,110.754,110.792,110.702,110.72,147
2017.08.06,21:00,110.72,110.921,110.646,110.752,519
2017.08.07,21:00,110.752,110.83,110.25,110.322,731
2017.08.08,21:00,110.322,110.366,109.561,110.056,1345
2017.08.09,21:00,110.06,110.182,109.155,109.204,1199
2017.08.10,21:00,109.206,109.404,108.738,109.19,1317
2017.08.12,21:00,109.19,109.195,109.086,109.17,199
2017.08.13,21:00,109.17,109.8,109.048,109.624,1051
2017.08.14,21:00,109.626,110.85,109.608,110.678,1433
2017.08.15,21:00,110.678,110.95,110.03,110.194,1357
2017.08.16,21:00,110.194,110.372,109.448,109.57,1225
2017.08.17,21:00,109.57,109.602,108.603,109.184,1613
2017.08.19,21:00,109.301,109.406,109.274,109.386,180
2017.08.20,21:00,109.386,109.424,108.638,108.976,1163
2017.08.21,21:00,108.976,109.654,108.876,109.57,963
2017.08.22,21:00,109.57,109.826,108.918,109.042,1289
2017.08.23,21:00,109.042,109.606,108.848,109.56,999
2017.08.24,21:00,109.56,109.846,109.115,109.372,1275
2017.08.26,21:00,109.345,109.345,109.172,109.19,192
2017.08.27,21:00,109.19,109.414,109.026,109.252,715
2017.08.28,21:00,109.252,109.902,108.268,109.73,2791
2017.08.29,21:00,109.73,110.44,109.543,110.24,1285
2017.08.30,21:00,110.242,110.673,109.879,109.976,1323
2017.08.31,21:00,109.976,110.458,109.564,110.248,1517
2017.09.02,21:00,110.24,110.24,109.388,109.52,985
2017.09.03,21:00,109.52,109.935,109.384,109.726,897
2017.09.04,21:00,109.726,109.836,108.634,108.808,1487
2017.09.05,21:00,108.81,109.397,108.452,109.222,1479
2017.09.06,21:00,109.224,109.269,108.052,108.454,1665
2017.09.07,21:00,108.454,108.486,107.321,107.832,1709
2017.09.09,21:00,107.838,108.316,107.838,108.204,591
2017.09.10,21:00,108.204,109.508,108.138,109.404,1541
2017.09.11,21:00,109.404,110.254,109.24,110.172,1261
2017.09.12,21:00,110.17,110.692,109.904,110.486,1261
2017.09.13,21:00,110.484,111.041,110.066,110.242,1709
2017.09.14,21:00,110.242,111.334,109.553,110.842,2963
2017.09.16,21:00,110.868,111.119,110.868,111.086,285
2017.09.17,21:00,111.086,111.664,110.998,111.568,851
2017.09.18,21:00,111.568,111.882,111.204,111.59,1335
2017.09.19,21:00,111.588,112.532,111.106,112.218,2223
2017.09.20,21:00,112.216,112.718,112.136,112.472,909
2017.09.21,21:00,112.472,112.556,111.654,111.992,1325
2017.09.23,21:00,111.995,112.284,111.995,112.176,398
2017.09.24,21:00,112.176,112.528,111.474,111.732,1665
2017.09.25,21:00,111.732,112.478,111.499,112.236,1455
2017.09.26,21:00,112.236,113.258,112.22,112.842,1471
2017.09.27,21:00,112.842,113.208,112.255,112.342,1407
2017.09.28,21:00,112.34,112.738,112.216,112.516,869
2017.09.30,21:00,112.654,112.679,112.627,112.66,99
2017.10.01,21:00,112.66,113.06,112.456,112.766,1103
2017.10.02,21:00,112.77,113.196,112.65,112.852,1011
2017.10.03,21:00,112.852,112.938,112.324,112.754,1131
2017.10.04,21:00,112.754,112.918,112.414,112.818,945
2017.10.05,21:00,112.818,113.438,112.597,112.64,1505
2017.10.07,21:00,112.516,112.622,112.504,112.6,153
2017.10.08,21:00,112.6,112.746,112.33,112.686,747
2017.10.09,21:00,112.686,112.828,111.989,112.444,1437
2017.10.10,21:00,112.446,112.588,112.08,112.502,961
2017.10.11,21:00,112.502,112.528,112.126,112.284,587
2017.10.12,21:00,112.284,112.318,111.69,111.828,801
2017.10.14,21:00,111.736,111.784,111.733,111.768,71
2017.10.15,21:00,111.768,112.288,111.653,112.188,851
2017.10.16,21:00,112.192,112.48,112.038,112.202,875
2017.10.17,21:00,112.2,113.05,112.136,112.932,1097
2017.10.18,21:00,112.932,113.148,112.302,112.54,1301
2017.10.19,21:00,112.54,113.571,112.515,113.516,1137
2017.10.21,21:00,113.905,113.916,113.857,113.874,88
2017.10.22,21:00,113.874,114.101,113.244,113.438,1279
2017.10.23,21:00,113.438,114.024,113.25,113.904,1083
2017.10.24,21:00,113.904,114.244,113.482,113.746,1367
2017.10.25,21:00,113.746,114.081,113.342,113.984,1241
2017.10.26,21:00,113.984,114.454,113.645,113.688,1323
2017.10.28,21:00,113.732,113.752,113.688,113.722,119
2017.10.29,22:00,113.718,113.838,113.026,113.164,1071
2017.10.30,22:00,113.164,113.734,112.958,113.654,1063
2017.10.31,22:00,113.654,114.282,113.606,114.13,877
2017.11.01,22:00,114.13,114.218,113.538,114.08,1311
2017.11.02,22:00,114.082,114.428,113.618,114.066,1605
2017.11.04,22:00,114.056,114.068,113.982,114.026,143
2017.11.05,22:00,114.026,114.736,113.696,113.704,1759
2017.11.06,22:00,113.704,114.342,113.702,114.004,981
2017.11.07,22:00,114.004,114.034,113.396,113.872,1145
2017.11.08,22:00,113.872,114.07,113.092,113.468,1553
2017.11.09,22:00,113.468,113.636,113.222,113.53,767
2017.11.11,22:00,113.541,113.57,113.456,113.5,188
2017.11.12,22:00,113.5,113.714,113.246,113.626,811
2017.11.13,22:00,113.626,113.912,113.31,113.454,1033
2017.11.14,22:00,113.452,113.496,112.475,112.876,1467
2017.11.15,22:00,112.876,113.332,112.736,113.058,1011
2017.11.16,22:00,113.058,113.144,111.946,112.092,1431
2017.11.18,22:00,112.091,112.178,112.07,112.146,162
2017.11.19,22:00,112.145,112.72,111.886,112.624,1190
2017.11.20,22:00,112.624,112.704,112.176,112.446,879
2017.11.21,22:00,112.446,112.496,111.143,111.216,1477
2017.11.22,22:00,111.214,111.382,111.068,111.218,625
2017.11.23,22:00,111.218,111.626,111.195,111.526,555
2017.11.25,22:00,111.383,111.556,111.383,111.516,214
2017.11.26,22:00,111.516,111.694,110.844,111.096,1281
2017.11.27,22:00,111.096,111.64,110.932,111.48,1033
2017.11.28,22:00,111.48,112.15,111.372,111.922,1115
2017.11.29,22:00,111.922,112.638,111.736,112.538,1189
2017.11.30,22:00,112.536,112.876,111.424,112.15,2519
2017.12.02,22:00,112.964,112.964,112.79,112.808,193
2017.12.03,22:00,112.808,113.09,112.363,112.412,1059
2017.12.04,22:00,112.412,112.868,112.378,112.594,799
2017.12.05,22:00,112.598,112.641,111.992,112.292,993
2017.12.06,22:00,112.29,113.158,112.22,113.084,1083
2017.12.07,22:00,113.084,113.59,113.078,113.48,629
2017.12.09,22:00,113.483,113.55,113.478,113.542,86
2017.12.10,22:00,113.542,113.69,113.244,113.562,873
2017.12.11,22:00,113.562,113.752,113.372,113.546,745
2017.12.12,22:00,113.548,113.576,112.462,112.538,1219
2017.12.13,22:00,112.538,112.884,112.066,112.39,1489
2017.12.14,22:00,112.388,112.745,112.032,112.602,1213
2017.12.16,22:00,112.685,112.746,112.635,112.73,178
2017.12.17,22:00,112.728,112.832,112.312,112.546,859
2017.12.18,22:00,112.544,113.08,112.512,112.888,793
2017.12.19,22:00,112.886,113.468,112.844,113.4,735
2017.12.20,22:00,113.398,113.638,113.202,113.33,805
2017.12.21,22:00,113.326,113.448,113.244,113.294,377
2017.12.25,22:00,113.306,113.354,113.12,113.23,393
2017.12.26,22:00,113.234,113.381,113.148,113.352,349
2017.12.27,22:00,113.354,113.368,112.666,112.874,925
2017.12.28,22:00,112.874,112.979,112.474,112.71,847
2018.01.01,22:00,112.594,112.793,112.056,112.29,1171
2018.01.02,22:00,112.29,112.61,112.172,112.51,657
2018.01.03,22:00,112.51,112.866,112.472,112.744,555
2018.01.04,22:00,112.744,113.326,112.713,113.062,909
2018.01.06,22:00,113.096,113.164,113.072,113.15,131
2018.01.07,22:00,113.15,113.388,112.884,113.094,953
2018.01.08,22:00,113.094,113.182,112.366,112.656,1195
2018.01.09,22:00,112.654,112.786,111.272,111.438,1813
2018.01.10,22:00,111.438,111.876,111.046,111.264,1487
2018.01.11,22:00,111.262,111.696,110.914,111.054,1357
2018.01.13,22:00,111.102,111.115,111.06,111.096,105
2018.01.14,22:00,111.097,111.185,110.329,110.536,1152
2018.01.15,22:00,110.536,110.982,110.248,110.456,1389
2018.01.16,22:00,110.456,111.346,110.194,111.296,1465
2018.01.17,22:00,111.288,111.484,110.693,111.106,1401
2018.01.18,22:00,111.106,111.14,110.492,110.758,949
2018.01.20,22:00,110.616,110.671,110.554,110.568,187
2018.01.21,22:00,110.566,111.224,110.521,110.922,1051
2018.01.22,22:00,110.92,111.178,110.252,110.302,1235
2018.01.23,22:00,110.304,110.338,108.968,109.226,1663
2018.01.24,22:00,109.226,109.703,108.5,109.41,2223
2018.01.25,22:00,109.41,109.772,108.284,108.588,2155
2018.01.27,22:00,108.685,108.725,108.622,108.71,182
2018.01.28,22:00,108.71,109.204,108.512,108.956,1139
2018.01.29,22:00,108.956,109.207,108.414,108.78,1411
2018.01.30,22:00,108.78,109.447,108.598,109.192,1287
2018.01.31,22:00,109.19,109.75,109.094,109.404,1099
2018.02.01,22:00,109.404,110.484,109.281,110.164,1647
2018.02.03,22:00,110.117,110.228,110.11,110.206,148
2018.02.04,22:00,110.206,110.293,108.992,109.07,1467
2018.02.05,22:00,109.07,109.652,108.456,109.56,1903
2018.02.06,22:00,109.56,109.718,108.92,109.322,1359
2018.02.07,22:00,109.328,109.786,108.582,108.742,1823
2018.02.08,22:00,108.742,109.308,108.046,108.792,2475
2018.02.10,22:00,108.845,108.939,108.828,108.874,194
2018.02.11,22:00,108.868,108.892,108.438,108.658,699
2018.02.12,22:00,108.656,108.782,107.408,107.818,1911
2018.02.13,22:00,107.818,107.904,106.724,107.008,1551
2018.02.14,22:00,107.008,107.02,106.036,106.132,1093
2018.02.15,22:00,106.132,106.4,105.548,106.212,1625
2018.02.17,22:00,106.374,106.394,106.29,106.328,163
2018.02.18,22:00,106.328,106.728,106.095,106.596,999
2018.02.19,22:00,106.596,107.376,106.562,107.328,897
2018.02.20,22:00,107.328,107.904,107.277,107.776,807
2018.02.21,22:00,107.776,107.78,106.596,106.756,1349
2018.02.22,22:00,106.756,107.136,106.514,106.882,1119
2018.02.24,22:00,106.921,107.291,106.888,107.21,518
2018.02.25,22:00,107.21,107.21,106.376,106.93,1389
2018.02.26,22:00,106.928,107.676,106.786,107.332,1377
2018.02.27,22:00,107.332,107.528,106.567,106.676,1267
2018.02.28,22:00,106.676,107.204,106.163,106.236,1643
2018.03.01,22:00,106.236,106.297,105.252,105.752,1607
2018.03.03,22:00,105.48,105.605,105.426,105.454,333
2018.03.04,22:00,105.454,106.238,105.35,106.206,1025
2018.03.05,22:00,106.206,106.464,105.854,106.128,1143
2018.03.06,22:00,106.13,106.222,105.458,106.074,1473
2018.03.07,22:00,106.074,106.316,105.894,106.23,689
2018.03.08,22:00,106.23,107.054,106.166,106.814,1193
2018.03.10,22:00,106.657,106.818,106.646,106.798,204
2018.03.11,22:00,106.796,106.974,106.315,106.442,965
2018.03.12,22:00,106.442,107.296,106.254,106.462,2065
2018.03.13,22:00,106.462,106.748,106.066,106.316,1219
2018.03.14,22:00,106.318,106.416,105.786,106.346,1233
2018.03.15,22:00,106.348,106.368,105.604,106.007,1188
2018.03.17,22:00,105.919,106.072,105.91,106.05,194
2018.03.18,22:00,106.05,106.308,105.678,106.034,1245
2018.03.19,22:00,106.034,106.608,105.93,106.53,861
2018.03.20,22:00,106.53,106.643,105.88,106.068,1065
2018.03.21,22:00,106.07,106.073,105.262,105.318,871
2018.03.22,22:00,105.316,105.331,104.638,104.736,807
2018.03.24,22:00,104.722,104.726,104.652,104.662,89
2018.03.25,21:00,104.662,105.482,104.636,105.408,947
2018.03.26,21:00,105.408,105.903,105.326,105.34,1087
2018.03.27,21:00,105.34,107.012,105.33,106.852,1853
2018.03.28,21:00,106.85,106.935,106.268,106.43,915
2018.03.29,21:00,106.43,106.54,106.133,106.166,551
2018.04.01,21:00,106.24,106.45,105.659,105.894,1237
2018.04.02,21:00,105.894,106.658,105.694,106.612,1211
2018.04.03,21:00,106.612,106.848,105.992,106.776,1549
2018.04.04,21:00,106.776,107.492,106.712,107.384,953
2018.04.05,21:00,107.384,107.46,106.777,106.93,913
2018.04.07,21:00,106.964,107.03,106.905,106.966,249
2018.04.08,21:00,106.966,107.204,106.617,106.776,985
2018.04.09,21:00,106.772,107.4,106.62,107.202,1131
2018.04.10,21:00,107.202,107.255,106.652,106.792,797
2018.04.11,21:00,106.794,107.43,106.702,107.334,917
2018.04.12,21:00,107.332,107.78,107.204,107.344,1141
2018.04.14,21:00,107.542,107.567,107.445,107.514,217
2018.04.15,21:00,107.514,107.611,107.036,107.118,755
2018.04.16,21:00,107.116,107.21,106.884,107.008,545
2018.04.17,21:00,107.008,107.386,106.996,107.236,553
2018.04.18,21:00,107.236,107.518,107.184,107.366,539
2018.04.19,21:00,107.366,107.858,107.356,107.662,709
2018.04.21,21:00,107.828,107.844,107.765,107.792,123
2018.04.22,21:00,107.791,108.754,107.664,108.706,1266
2018.04.23,21:00,108.706,109.202,108.544,108.818,1205
2018.04.24,21:00,108.818,109.455,108.787,109.426,729
2018.04.25,21:00,109.426,109.47,109.066,109.3,683
2018.04.26,21:00,109.3,109.539,108.972,109.044,879
2018.04.27,21:00,109.044,109.044,109.044,109.044,1
2018.04.28,21:00,109.086,109.13,109.048,109.084,163
2018.04.29,21:00,109.084,109.454,109.022,109.346,603
2018.04.30,21:00,109.346,109.888,109.238,109.866,781
2018.05.01,21:00,109.866,110.036,109.594,109.838,857
2018.05.02,21:00,109.838,109.91,108.93,109.194,1317
2018.05.03,21:00,109.194,109.274,108.65,109.122,1177
2018.05.05,21:00,109.186,109.187,109.104,109.12,101
2018.05.06,21:00,109.12,109.398,108.758,109.094,1255
2018.05.07,21:00,109.092,109.35,108.83,109.126,1007
2018.05.08,21:00,109.126,109.834,108.997,109.709,1092
2018.05.09,21:00,109.724,110.02,109.316,109.398,1083
2018.05.10,21:00,109.396,109.568,109.154,109.392,825
2018.05.12,21:00,109.328,109.408,109.274,109.35,247
2018.05.13,21:00,109.35,109.67,109.21,109.658,613
2018.05.14,21:00,109.656,110.456,109.648,110.35,923
2018.05.15,21:00,110.35,110.407,110.04,110.396,689
2018.05.16,21:00,110.396,110.86,110.074,110.77,1199
2018.05.17,21:00,110.77,111.082,110.61,110.79,925
2018.05.19,21:00,110.924,111.01,110.878,110.896,237
2018.05.20,21:00,110.896,111.396,110.823,111.054,989
2018.05.21,21:00,111.054,111.187,110.796,110.896,625
2018.05.22,21:00,110.898,110.923,109.558,110.08,1913
2018.05.23,21:00,110.078,110.104,108.956,109.252,1471
2018.05.24,21:00,109.252,109.744,109.122,109.426,1071
2018.05.26,21:00,109.73,109.821,109.661,109.768,283
2018.05.27,21:00,109.768,109.834,109.234,109.42,853
2018.05.28,21:00,109.418,109.469,108.114,108.762,2055
2018.05.29,21:00,108.762,109.074,108.35,108.908,1303
2018.05.30,21:00,108.908,109.004,108.386,108.818,1147
2018.05.31,21:00,108.816,109.738,108.722,109.52,1329
2018.06.02,21:00,109.448,109.49,109.436,109.466,91
2018.06.03,21:00,109.466,109.854,109.371,109.814,619
2018.06.04,21:00,109.816,110.006,109.474,109.788,1037
2018.06.05,21:00,109.786,110.268,109.779,110.182,583
2018.06.06,21:00,110.182,110.222,109.48,109.7,1003
2018.06.07,21:00,109.7,109.852,109.2,109.55,1155
2018.06.09,21:00,109.3,109.336,109.23,109.33,183
2018.06.10,21:00,109.33,110.118,109.315,110.036,901
2018.06.11,21:00,110.036,110.494,109.984,110.372,685
2018.06.12,21:00,110.372,110.849,110.273,110.342,1123
2018.06.13,21:00,110.342,110.694,109.918,110.63,1265
2018.06.14,21:00,110.636,110.904,110.388,110.668,1001
2018.06.16,21:00,110.654,110.721,110.654,110.68,109
2018.06.17,21:00,110.68,110.743,110.302,110.548,751
2018.06.18,21:00,110.548,110.583,109.552,110.058,1573
2018.06.19,21:00,110.06,110.45,109.854,110.36,893
2018.06.20,21:00,110.36,110.76,109.843,109.99,1465
2018.06.21,21:00,109.998,110.218,109.803,109.974,807
2018.06.23,21:00,109.76,109.964,109.754,109.852,329
2018.06.24,21:00,109.852,110.05,109.368,109.774,1287
2018.06.25,21:00,109.772,110.217,109.37,110.06,1407
2018.06.26,21:00,110.06,110.492,109.684,110.262,1415
2018.06.27,21:00,110.262,110.65,109.968,110.492,1135
2018.06.28,21:00,110.492,110.944,110.376,110.76,869
2018.06.30,21:00,110.57,110.711,110.51,110.676,297
2018.07.01,21:00,110.656,111.063,110.582,110.896,723
2018.07.02,21:00,110.898,111.135,110.508,110.6,957
2018.07.03,21:00,110.592,110.622,110.279,110.502,597
2018.07.04,21:00,110.502,110.738,110.289,110.648,753
2018.07.05,21:00,110.622,110.788,110.38,110.47,665
2018.07.07,21:00,110.33,110.462,110.324,110.448,159
2018.07.08,21:00,110.448,110.904,110.352,110.846,707
2018.07.09,21:00,110.846,111.354,110.796,110.998,965
2018.07.10,21:00,110.998,112.175,110.767,112.008,1807
2018.07.11,21:00,112.008,112.626,111.918,112.552,873
2018.07.12,21:00,112.552,112.802,112.277,112.376,875
2018.07.14,21:00,112.328,112.392,112.115,112.216,443
2018.07.15,21:00,112.216,112.564,112.21,112.288,637
2018.07.16,21:00,112.294,112.926,112.224,112.878,821
2018.07.17,21:00,112.878,113.138,112.71,112.87,849
2018.07.18,21:00,112.87,113.178,112.06,112.466,1833
2018.07.19,21:00,112.466,112.624,111.386,111.412,1423
2018.07.21,21:00,111.295,111.398,111.276,111.388,152
2018.07.22,21:00,111.388,111.544,110.752,111.346,1543
2018.07.23,21:00,111.346,111.515,110.962,111.2,961
2018.07.24,21:00,111.2,111.385,110.666,110.978,1217
2018.07.25,21:00,110.978,111.249,110.59,111.228,1069
2018.07.26,21:00,111.228,111.252,110.799,111.048,727
2018.07.28,21:00,110.93,110.982,110.894,110.938,169
2018.07.29,21:00,110.938,111.166,110.892,111.044,443
2018.07.30,21:00,111.044,111.958,110.753,111.854,1601
2018.07.31,21:00,111.852,112.152,111.39,111.728,1401
2018.08.01,21:00,111.728,111.738,111.312,111.654,779
2018.08.02,21:00,111.654,111.88,111.102,111.252,1155
2018.08.04,21:00,111.214,111.249,111.185,111.23,113
2018.08.05,21:00,111.23,111.528,111.154,111.406,573
2018.08.06,21:00,111.406,111.48,110.994,111.382,949
2018.08.07,21:00,111.382,111.438,110.838,110.986,805
2018.08.08,21:00,110.986,111.185,110.708,111.084,857
2018.08.09,21:00,111.084,111.171,110.514,110.848,1079
2018.08.11,21:00,110.386,110.558,110.384,110.466,269
2018.08.12,21:00,110.466,110.938,110.112,110.692,1427
2018.08.13,21:00,110.686,111.316,110.588,111.15,993
2018.08.14,21:00,111.15,111.432,110.432,110.742,1593
2018.08.15,21:00,110.742,111.122,110.46,110.9,1167
2018.08.16,21:00,110.9,111.054,110.316,110.506,1083
2018.08.18,21:00,110.547,110.614,110.544,110.6,88
2018.08.19,21:00,110.6,110.686,110.02,110.068,801
2018.08.20,21:00,110.068,110.548,109.776,110.304,1309
2018.08.21,21:00,110.304,110.618,110.026,110.558,931
2018.08.22,21:00,110.558,111.318,110.519,111.286,871
2018.08.23,21:00,111.286,111.488,111.104,111.242,725
2018.08.25,21:00,111.259,111.365,111.251,111.328,160
2018.08.26,21:00,111.328,111.348,110.937,111.084,579
2018.08.27,21:00,111.082,111.358,110.956,111.192,695
2018.08.28,21:00,111.192,111.828,111.121,111.678,929
2018.08.29,21:00,111.678,111.757,110.954,110.982,911
2018.08.30,21:00,110.992,111.136,110.686,111.036,857
2018.09.01,21:00,111.054,111.122,111.042,111.1,115
2018.09.02,21:00,111.1,111.188,110.852,111.068,641
2018.09.03,21:00,111.068,111.534,110.902,111.402,931
2018.09.04,21:00,111.396,111.758,111.362,111.534,655
2018.09.05,21:00,111.534,111.537,110.522,110.752,1249
2018.09.06,21:00,110.752,111.248,110.382,110.998,1487
2018.09.08,21:00,110.94,111.098,110.938,111.072,189
2018.09.09,21:00,111.072,111.248,110.852,111.126,739
2018.09.11,21:00,111.63,111.65,111.12,111.264,695
2018.09.12,0:00,111.226,111.302,111.157,111.213,17615
2018.09.13,0:00,111.211,112.056,111.167,112.023,51760
2018.09.14,0:00,112.024,112.166,111.751,112.03,43899
2018.09.16,0:00,112.024,112.051,111.936,111.964,2737
2018.09.17,0:00,111.962,112.119,111.666,111.687,39978
2018.09.18,0:00,111.686,112.386,111.661,112.28,63072
2018.09.19,0:00,112.281,112.444,112.159,112.332,56707
2018.09.20,0:00,112.331,112.583,112.04,112.494,50544
2018.09.21,0:00,112.493,112.872,112.461,112.553,42076
2018.09.23,0:00,112.422,112.566,112.391,112.506,1432
2018.09.24,0:00,112.565,112.851,112.432,112.777,36409
2018.09.25,0:00,112.778,112.995,112.738,112.98,33977
2018.09.26,0:00,112.979,113.133,112.617,112.71,49529
2018.09.27,0:00,112.711,113.464,112.558,113.389,51683
2018.09.28,0:00,113.387,113.701,113.306,113.693,46403
2018.09.30,0:00,113.726,113.842,113.687,113.795,4236
2018.10.01,0:00,113.793,114.058,113.723,113.952,39275
2018.10.02,0:00,113.951,114.009,113.526,113.562,48776
2018.10.03,0:00,113.563,114.547,113.518,114.509,53791
2018.10.04,0:00,114.507,114.519,113.629,113.894,68332
2018.10.05,0:00,113.896,114.099,113.556,113.695,63810
2018.10.07,0:00,113.771,113.79,113.648,113.707,4368
2018.10.08,0:00,113.707,113.94,112.82,113.119,51968
2018.10.09,0:00,113.119,113.39,112.865,113.017,81270
2018.10.10,0:00,113.018,113.284,112.054,112.082,90911
2018.10.11,0:00,112.081,112.532,111.83,112.08,146505
2018.10.12,0:00,112.076,112.494,111.878,112.155,91953
2018.10.14,0:00,112.146,112.18,112.1,112.12,87
2018.10.15,0:00,112.152,112.233,111.623,111.76,92186
2018.10.16,0:00,111.764,112.336,111.728,112.244,72185
2018.10.17,0:00,112.244,112.672,112.012,112.632,80940
2018.10.18,0:00,112.637,112.726,111.945,112.175,99105
2018.10.19,0:00,112.176,112.645,112.138,112.517,96250
2018.10.22,0:00,112.59,112.882,112.346,112.803,81211
2018.10.23,0:00,112.803,112.839,111.95,112.436,100202
2018.10.24,0:00,112.44,112.741,112.084,112.254,117211
2018.10.25,0:00,112.236,112.672,111.815,112.396,113655
2018.10.26,0:00,112.402,112.44,111.372,111.863,145278
2018.10.29,0:00,111.89,112.558,111.772,112.36,108691
2018.10.30,0:00,112.347,113.082,112.303,113.08,105003
2018.10.31,0:00,113.115,113.382,112.804,112.93,78337
2018.11.01,0:00,112.932,113,112.603,112.704,80109
2018.11.02,0:00,112.687,113.318,112.557,113.169,92658
2018.11.03,0:00,113.175,113.175,113.175,113.175,1
2018.11.05,0:00,113.154,113.334,113.07,113.215,61684
2018.11.06,0:00,113.213,113.502,113.098,113.457,56754
2018.11.07,0:00,113.456,113.815,112.944,113.519,105713
2018.11.08,0:00,113.517,114,113.46,113.988,66424
2018.11.09,0:00,113.989,114.08,113.635,113.791,73723
2018.11.12,0:00,113.792,114.202,113.657,113.829,76537
2018.11.13,0:00,113.83,114.144,113.577,113.79,89430
2018.11.14,0:00,113.787,114.005,113.295,113.609,97030
2018.11.15,0:00,113.608,113.704,113.095,113.619,100132
2018.11.16,0:00,113.61,113.627,112.64,112.818,86706
2018.11.19,0:00,112.75,112.871,112.415,112.545,84201
2018.11.20,0:00,112.544,112.838,112.3,112.734,94812
2018.11.21,0:00,112.737,113.145,112.642,113.045,73592
2018.11.22,0:00,112.986,113.075,112.88,112.919,49974
2018.11.23,0:00,112.922,113.007,112.659,112.933,66255
2018.11.26,0:00,112.9,113.649,112.874,113.557,69654
2018.11.27,0:00,113.56,113.839,113.412,113.77,68962
2018.11.28,0:00,113.768,114.033,113.437,113.674,65379
2018.11.29,0:00,113.673,113.673,113.187,113.476,66974
2018.11.30,0:00,113.476,113.713,113.294,113.524,58894
2018.12.03,0:00,113.652,113.818,113.373,113.638,63319
2018.12.04,0:00,113.643,113.656,112.573,112.767,93936
2018.12.05,0:00,112.747,113.239,112.647,113.185,47648
2018.12.06,0:00,113.19,113.19,112.231,112.662,128875
2018.12.07,0:00,112.647,112.925,112.55,112.726,104370
2018.12.10,0:00,112.609,113.364,112.238,113.321,103981
2018.12.11,0:00,113.308,113.464,113.006,113.365,95690
2018.12.12,0:00,113.359,113.517,113.139,113.27,94095
2018.12.13,0:00,113.268,113.706,113.176,113.586,81326
2018.12.14,0:00,113.565,113.672,113.205,113.362,84444
2018.12.17,0:00,113.352,113.518,112.678,112.848,77030
2018.12.18,0:00,112.818,112.854,112.246,112.502,86355
2018.12.19,0:00,112.5,112.664,112.087,112.472,99832
2018.12.20,0:00,112.45,112.601,110.81,111.278,140741
2018.12.21,0:00,111.276,111.457,110.931,111.206,129329
2018.12.24,0:00,110.93,111.187,110.265,110.303,108678
2018.12.26,0:00,110.216,111.406,110.133,111.352,85856
2018.12.27,0:00,111.312,111.339,110.452,110.956,158311
2018.12.28,0:00,110.966,111.002,110.141,110.235,118519
2018.12.31,0:00,110.218,110.472,109.553,109.553,81120
2019.01.02,0:00,109.563,109.674,108.703,108.87,79030
2019.01.03,0:00,108.868,108.896,104.718,107.644,163616
2019.01.04,0:00,107.632,108.586,107.51,108.48,145049
2019.01.07,0:00,108.5,108.744,108.016,108.703,101244
2019.01.08,0:00,108.698,109.085,108.44,108.72,101834
2019.01.09,0:00,108.724,108.998,107.969,108.145,112167
2019.01.10,0:00,108.137,108.514,107.766,108.417,112718
2019.01.11,0:00,108.414,108.595,108.142,108.52,89058
2019.01.14,0:00,108.51,108.547,107.983,108.149,71954
2019.01.15,0:00,108.149,108.762,108.116,108.631,103988
2019.01.16,0:00,108.614,109.192,108.368,109.09,85865
2019.01.17,0:00,109.081,109.396,108.683,109.24,102654
2019.01.18,0:00,109.256,109.887,109.053,109.764,97625
2019.01.21,0:00,109.65,109.759,109.472,109.65,62217
2019.01.22,0:00,109.649,109.691,109.143,109.358,81467
2019.01.23,0:00,109.348,109.996,109.316,109.579,83396
2019.01.24,0:00,109.584,109.797,109.419,109.625,88358
2019.01.25,0:00,109.625,109.947,109.451,109.537,91521
2019.01.28,0:00,109.537,109.571,109.158,109.322,80360
2019.01.29,0:00,109.317,109.538,109.127,109.389,80871
2019.01.30,0:00,109.264,109.739,108.806,109.03,81483
2019.01.31,0:00,109.03,109.065,108.494,108.848,81229
2019.02.01,0:00,108.845,109.577,108.721,109.471,71075
2019.02.04,0:00,109.514,110.16,109.429,109.867,68858
2019.02.05,0:00,109.845,110.038,109.775,109.955,65675
2019.02.06,0:00,109.957,110.049,109.555,109.97,66746
2019.02.07,0:00,109.963,110.084,109.603,109.791,77031
2019.02.08,0:00,109.786,109.895,109.646,109.735,70686
2019.02.11,0:00,109.738,110.465,109.72,110.362,65936
2019.02.12,0:00,110.357,110.649,110.328,110.466,66005
2019.02.13,0:00,110.457,111.05,110.416,111,58540
2019.02.14,0:00,110.97,111.124,110.43,110.465,74097
2019.02.15,0:00,110.461,110.643,110.252,110.434,72907
2019.02.18,0:00,110.436,110.651,110.43,110.589,59076
2019.02.19,0:00,110.589,110.82,110.448,110.605,64099
2019.02.20,0:00,110.625,110.951,110.544,110.833,26585
2019.02.21,0:00,110.828,110.858,110.557,110.685,69448
2019.02.22,0:00,110.682,110.903,110.552,110.621,64494
2019.02.25,0:00,110.649,111.232,110.574,111.056,67468
2019.02.26,0:00,111.04,111.073,110.421,110.574,62332
2019.02.27,0:00,110.569,111.071,110.352,110.984,62580
2019.02.28,0:00,110.982,111.49,110.658,111.374,66704
2019.03.01,0:00,111.372,112.074,111.321,111.827,63614
2019.03.04,0:00,111.859,112.011,111.637,111.737,68577
2019.03.05,0:00,111.731,112.135,111.702,111.873,56739
2019.03.06,0:00,111.867,111.919,111.613,111.761,58525
2019.03.07,0:00,111.759,111.856,111.48,111.563,61366
2019.03.08,0:00,111.547,111.648,110.776,111.146,73915
2019.03.11,0:00,111.124,111.305,110.875,111.208,60543
2019.03.12,0:00,111.208,111.462,111.107,111.338,61362
2019.03.13,0:00,111.335,111.462,111.002,111.27,64570
2019.03.14,0:00,111.269,111.83,111.142,111.647,82831
2019.03.15,0:00,111.648,111.898,111.382,111.43,64997
2019.03.18,0:00,111.469,111.625,111.293,111.435,59059
2019.03.19,0:00,111.437,111.473,111.154,111.368,53619
2019.03.20,0:00,111.374,111.691,110.532,110.681,76609
2019.03.21,0:00,110.685,110.956,110.295,110.796,72973
2019.03.22,0:00,110.779,110.895,109.738,109.896,101877
2019.03.25,0:00,110.004,110.238,109.705,109.959,95227
2019.03.26,0:00,109.953,110.687,109.9,110.621,95690
2019.03.27,0:00,110.62,110.709,110.231,110.503,106702
2019.03.28,0:00,110.5,110.829,110.014,110.616,100929
2019.03.29,0:00,110.588,110.946,110.53,110.826,87582
2019.03.31,0:00,110.82,110.82,110.82,110.82,1
2019.04.01,0:00,111.019,111.442,110.801,111.337,77762
2019.04.02,0:00,111.337,111.452,111.245,111.311,64704
2019.04.03,0:00,111.298,111.574,111.204,111.482,74287
2019.04.04,0:00,111.482,111.677,111.331,111.656,63468
2019.04.05,0:00,111.653,111.82,111.543,111.68,63821
2019.04.07,0:00,111.682,111.682,111.682,111.682,2
2019.04.08,0:00,111.64,111.75,111.28,111.459,51584
2019.04.09,0:00,111.46,111.574,110.977,111.127,58771
2019.04.10,0:00,111.118,111.278,110.839,111.004,63830
2019.04.11,0:00,110.997,111.691,110.864,111.646,61347
2019.04.12,0:00,111.636,112.089,111.582,111.996,64859
2019.04.15,0:00,111.946,112.093,111.884,112.028,46171
2019.04.16,0:00,112.029,112.042,111.843,112.005,59613
2019.04.17,0:00,111.978,112.162,111.918,112.052,57631
2019.04.18,0:00,112.05,112.059,111.76,111.95,65259
2019.04.19,0:00,111.942,112.003,111.892,111.913,23683
2019.04.22,0:00,111.854,111.987,111.836,111.93,40537
2019.04.23,0:00,111.932,112.032,111.648,111.848,54554
2019.04.24,0:00,111.845,112.398,111.679,112.186,66368
2019.04.25,0:00,112.184,112.236,111.364,111.597,69130
2019.04.26,0:00,111.6,112.017,111.428,111.518,71034
2019.04.29,0:00,111.539,111.896,111.53,111.634,37782
2019.04.30,0:00,111.636,111.686,111.233,111.412,54498
2019.05.01,0:00,111.407,111.612,111.046,111.374,48316
2019.05.02,0:00,111.363,111.66,111.344,111.502,57104
2019.05.03,0:00,111.492,111.689,111.066,111.079,60133
2019.05.06,0:00,110.6,110.956,110.276,110.738,79263
2019.05.07,0:00,110.72,110.85,110.166,110.237,84456
2019.05.08,0:00,110.224,110.289,109.899,110.092,91438
2019.05.09,0:00,110.088,110.106,109.468,109.769,102187
2019.05.10,0:00,109.666,110.046,109.47,109.907,108131
2019.05.13,0:00,109.755,109.833,109.015,109.296,100436
2019.05.14,0:00,109.282,109.77,109.14,109.599,81652
2019.05.15,0:00,109.6,109.7,109.15,109.585,90584
2019.05.16,0:00,109.581,109.964,109.332,109.836,79924
2019.05.17,0:00,109.839,110.19,109.49,110.054,106925
2019.05.20,0:00,110.105,110.315,109.805,110.028,88667
2019.05.21,0:00,110.129,110.67,110.066,110.49,11766
2019.05.22,0:00,110.48,110.623,110.237,110.35,75141
2019.05.23,0:00,110.345,110.361,109.454,109.597,107170
2019.05.24,0:00,109.594,109.74,109.271,109.29,82593
2019.05.27,0:00,109.301,109.578,109.276,109.473,53966
2019.05.28,0:00,109.469,109.627,109.207,109.364,92140
2019.05.29,0:00,109.352,109.694,109.145,109.587,96441
2019.05.30,0:00,109.587,109.923,109.468,109.603,85374
2019.05.31,0:00,109.598,109.619,108.272,108.274,116552
2019.06.03,0:00,108.277,108.443,107.88,108.056,109845
2019.06.04,0:00,108.052,108.356,107.842,108.136,101786
2019.06.05,0:00,108.135,108.481,107.811,108.455,105600
2019.06.06,0:00,108.454,108.559,108.022,108.392,99261
2019.06.07,0:00,108.398,108.614,107.878,108.156,92329
2019.06.10,0:00,108.475,108.714,108.307,108.432,72622
2019.06.11,0:00,108.431,108.798,108.347,108.512,78159
2019.06.12,0:00,108.51,108.563,108.214,108.498,85124
2019.06.13,0:00,108.494,108.535,108.161,108.35,85524
2019.06.14,0:00,108.336,108.584,108.154,108.544,80664
2019.06.17,0:00,108.48,108.719,108.454,108.526,57302
2019.06.18,0:00,108.513,108.674,108.055,108.439,91901
2019.06.19,0:00,108.437,108.614,107.898,108.093,80389
2019.06.20,0:00,108.093,108.138,107.208,107.288,114783
2019.06.21,0:00,107.288,107.733,107.044,107.305,101312
2019.06.24,0:00,107.3,107.535,107.244,107.291,72430
2019.06.25,0:00,107.292,107.406,106.775,107.156,109031
2019.06.26,0:00,107.162,107.846,107.094,107.776,87081
2019.06.27,0:00,107.771,108.159,107.644,107.766,80295
2019.06.28,0:00,107.769,107.926,107.558,107.838,79951
2019.07.01,0:00,108.172,108.53,108.097,108.429,82883
2019.07.02,0:00,108.429,108.471,107.761,107.87,74925
2019.07.03,0:00,107.858,107.911,107.53,107.778,71713
2019.07.04,0:00,107.773,107.838,107.702,107.806,40229
2019.07.05,0:00,107.805,108.635,107.755,108.456,69737
2019.07.08,0:00,108.405,108.801,108.276,108.718,59504
2019.07.09,0:00,108.716,108.96,108.674,108.848,58227
2019.07.10,0:00,108.85,108.988,108.343,108.456,74888
2019.07.11,0:00,108.455,108.53,107.856,108.49,69643
2019.07.12,0:00,108.488,108.605,107.8,107.886,71914
2019.07.15,0:00,107.875,108.106,107.794,107.904,57174
2019.07.16,0:00,107.9,108.372,107.816,108.229,77698
2019.07.17,0:00,108.226,108.324,107.932,107.94,64760
2019.07.18,0:00,107.939,108.013,107.208,107.288,82835
2019.07.19,0:00,107.28,107.975,107.212,107.685,75606
2019.07.22,0:00,107.735,108.065,107.692,107.862,56272
2019.07.23,0:00,107.857,108.284,107.822,108.215,55765
2019.07.24,0:00,108.202,108.273,107.931,108.177,48208
2019.07.25,0:00,108.18,108.751,108.037,108.627,60678
2019.07.26,0:00,108.624,108.826,108.556,108.665,49224
2019.07.29,0:00,108.661,108.895,108.418,108.773,35848
2019.07.30,0:00,108.774,108.944,108.449,108.589,62571
2019.07.31,0:00,108.579,108.994,108.488,108.764,75163
2019.08.01,0:00,108.754,109.314,107.252,107.325,105506
2019.08.02,0:00,107.319,107.565,106.502,106.556,144100
2019.08.05,0:00,106.558,106.678,105.783,105.948,147817
2019.08.06,0:00,105.942,107.082,105.517,106.456,148359
2019.08.07,0:00,106.463,106.463,105.49,106.26,150089
2019.08.08,0:00,106.263,106.298,105.891,106.067,107714
2019.08.09,0:00,106.069,106.074,105.266,105.648,95356
2019.08.12,0:00,105.561,105.688,105.047,105.293,76047
2019.08.13,0:00,105.27,106.973,105.062,106.741,122881
2019.08.14,0:00,106.738,106.759,105.649,105.905,124987
2019.08.15,0:00,105.898,106.77,105.698,106.111,157738
2019.08.16,0:00,106.112,106.492,106.023,106.347,89251
2019.08.19,0:00,106.245,106.694,106.221,106.629,67914
2019.08.20,0:00,106.629,106.689,106.158,106.221,69445
2019.08.21,0:00,106.218,106.644,106.215,106.611,58074
2019.08.22,0:00,106.595,106.651,106.247,106.422,67995
2019.08.23,0:00,106.404,106.732,105.252,105.314,109881
2019.08.26,0:00,104.949,106.408,104.442,106.085,145082
2019.08.27,0:00,106.088,106.149,105.586,105.729,106045
2019.08.28,0:00,105.717,106.223,105.648,106.106,93531
2019.08.29,0:00,106.103,106.678,105.825,106.499,90843
2019.08.30,0:00,106.505,106.542,106.1,106.25,91067
2019.09.02,0:00,106.128,106.395,105.96,106.192,65240
2019.09.03,0:00,106.192,106.382,105.733,105.927,109006
2019.09.04,0:00,105.923,106.442,105.827,106.367,90988
2019.09.05,0:00,106.36,107.227,106.319,106.919,118903
2019.09.06,0:00,106.908,107.097,106.618,106.911,109954
2019.09.09,0:00,106.829,107.27,106.758,107.229,83051
2019.09.10,0:00,107.232,107.584,107.177,107.531,96800
2019.09.11,0:00,107.525,107.853,107.493,107.797,90002
2019.09.12,0:00,107.79,108.185,107.516,108.074,112175
2019.09.13,0:00,107.871,108.256,107.871,108.058,90312
2019.09.16,0:00,107.473,108.165,107.448,108.101,104359
2019.09.17,0:00,108.086,108.366,108.019,108.106,93875
2019.09.18,0:00,108.11,108.473,108.082,108.441,87200
2019.09.19,0:00,108.437,108.468,107.783,108.012,109802
2019.09.20,0:00,107.998,108.084,107.52,107.541,98627
2019.09.23,0:00,107.715,107.765,107.306,107.532,83968
2019.09.24,0:00,107.531,107.795,106.957,107.049,115764
2019.09.25,0:00,107.042,107.88,106.98,107.757,124607
2019.09.26,0:00,107.758,107.767,107.42,107.672,86154
2019.09.27,0:00,107.824,108.177,107.652,107.919,117675
2019.09.30,0:00,107.961,108.175,107.741,108.069,93511
2019.10.01,0:00,108.064,108.466,107.623,107.751,108944
2019.10.02,0:00,107.739,107.889,107.043,107.176,116715
2019.10.03,0:00,107.178,107.295,106.48,106.91,137060
2019.10.04,0:00,106.909,107.13,106.576,106.887,105439
2019.10.07,0:00,106.649,107.46,106.64,107.238,85745
2019.10.08,0:00,107.236,107.442,106.802,107.078,116064
2019.10.09,0:00,107.07,107.625,106.929,107.475,90321
2019.10.10,0:00,107.466,108.013,107.03,107.955,140057
2019.10.11,0:00,107.957,108.624,107.846,108.327,133603
2019.10.14,0:00,108.331,108.518,108.027,108.394,78612
2019.10.15,0:00,108.396,108.897,108.153,108.85,94812
2019.10.16,0:00,108.845,108.86,108.552,108.752,103524
2019.10.17,0:00,108.736,108.936,108.449,108.633,98181
2019.10.18,0:00,108.631,108.718,108.374,108.384,84448
2019.10.21,0:00,108.384,108.66,108.281,108.597,81012
2019.10.22,0:00,108.598,108.724,108.438,108.478,66327
2019.10.23,0:00,108.479,108.7,108.246,108.686,77018
2019.10.24,0:00,108.688,108.749,108.493,108.616,69929
2019.10.25,0:00,108.599,108.771,108.507,108.658,64264
2019.10.28,0:00,108.731,109.036,108.655,108.963,50753
2019.10.29,0:00,108.932,109.065,108.749,108.883,58899
2019.10.30,0:00,108.876,109.283,108.716,108.823,66948
2019.10.31,0:00,108.822,108.895,107.923,108.022,81414
2019.11.01,0:00,108.02,108.321,107.884,108.157,60079
2019.11.04,0:00,108.235,108.647,108.179,108.569,46472
2019.11.05,0:00,108.565,109.239,108.523,109.142,68472
2019.11.06,0:00,109.127,109.18,108.815,108.968,56809
2019.11.07,0:00,108.947,109.485,108.645,109.271,77635
2019.11.08,0:00,109.293,109.473,109.075,109.207,69256
2019.11.11,0:00,109.21,109.252,108.892,109.039,44191
2019.11.12,0:00,109.04,109.29,108.92,108.998,65795
2019.11.13,0:00,108.993,109.147,108.651,108.81,62756
2019.11.14,0:00,108.799,108.86,108.237,108.402,68939
2019.11.15,0:00,108.398,108.852,108.37,108.762,58440
2019.11.18,0:00,108.783,109.07,108.509,108.674,58651
2019.11.19,0:00,108.672,108.834,108.449,108.535,66371
2019.11.20,0:00,108.528,108.736,108.343,108.598,81416
2019.11.21,0:00,108.592,108.695,108.274,108.612,86872
2019.11.22,0:00,108.615,108.729,108.474,108.619,66478
2019.11.25,0:00,108.685,108.974,108.599,108.904,51555
2019.11.26,0:00,108.881,109.206,108.872,109.022,62757
2019.11.27,0:00,109.01,109.606,109.002,109.538,51392
2019.11.28,0:00,109.532,109.558,109.328,109.5,40831
2019.11.29,0:00,109.496,109.665,109.393,109.454,56196
2019.12.02,0:00,109.511,109.725,108.922,108.973,64840
2019.12.03,0:00,108.961,109.204,108.48,108.624,76486
2019.12.04,0:00,108.629,108.961,108.424,108.857,75808
2019.12.05,0:00,108.851,108.994,108.652,108.756,67275
2019.12.06,0:00,108.752,108.918,108.506,108.534,58866
2019.12.09,0:00,108.609,108.674,108.427,108.555,43915
2019.12.10,0:00,108.55,108.765,108.51,108.702,58555
2019.12.11,0:00,108.697,108.854,108.462,108.547,55191
2019.12.12,0:00,108.552,109.444,108.453,109.287,77608
2019.12.13,0:00,109.269,109.704,108.97,109.317,107233
2019.12.16,0:00,109.261,109.672,109.25,109.534,42988
2019.12.17,0:00,109.515,109.631,109.44,109.484,42695
2019.12.18,0:00,109.471,109.624,109.396,109.548,41705
2019.12.19,0:00,109.532,109.68,109.178,109.358,46635
2019.12.20,0:00,109.349,109.523,109.253,109.425,39616
2019.12.23,0:00,109.429,109.534,109.337,109.376,36895
2019.12.24,0:00,109.375,109.438,109.323,109.36,37098
2019.12.26,0:00,109.367,109.68,109.36,109.619,32380
2019.12.27,0:00,109.603,109.603,109.385,109.411,67692
2019.12.30,0:00,109.438,109.468,108.764,108.875,49543
2019.12.31,0:00,108.873,108.882,108.466,108.643,46650
2020.01.01,0:00,108.541,108.541,108.541,108.541,1
2020.01.02,0:00,108.662,108.863,108.208,108.554,42383
2020.01.03,0:00,108.558,108.628,107.837,108.066,87010
2020.01.06,0:00,107.829,108.505,107.767,108.368,76916
2020.01.07,0:00,108.356,108.627,108.259,108.441,71511
2020.01.08,0:00,108.407,109.242,107.646,109.122,130979
2020.01.09,0:00,109.05,109.578,109.009,109.518,68941
2020.01.10,0:00,109.508,109.686,109.427,109.437,53614
2020.01.13,0:00,109.533,109.943,109.501,109.936,42222
2020.01.14,0:00,109.938,110.206,109.85,109.973,60857
2020.01.15,0:00,109.958,110.008,109.786,109.891,50352
2020.01.16,0:00,109.896,110.174,109.845,110.17,49225
2020.01.17,0:00,110.118,110.286,110.044,110.099,45016
2020.01.20,0:00,110.069,110.214,110.065,110.176,28818
2020.01.21,0:00,110.18,110.218,109.757,109.862,65282
2020.01.22,0:00,109.853,110.093,109.822,109.836,50417
2020.01.23,0:00,109.835,109.856,109.264,109.487,64563
2020.01.24,0:00,109.491,109.65,109.169,109.263,58011
2020.01.27,0:00,108.893,109.135,108.729,108.888,91648
2020.01.28,0:00,108.889,109.199,108.754,109.141,66912
2020.01.29,0:00,109.132,109.262,108.974,109.013,58428
2020.01.30,0:00,109.008,109.062,108.579,108.949,92131
2020.01.31,0:00,108.938,109.134,108.293,108.321,84101
2020.02.03,0:00,108.483,108.796,108.31,108.663,83457
2020.02.04,0:00,108.662,109.542,108.546,109.516,66250
2020.02.05,0:00,109.515,109.843,109.3,109.817,72398
2020.02.06,0:00,109.814,110.001,109.676,109.989,55910
2020.02.07,0:00,109.985,110.019,109.529,109.709,68993
2020.02.10,0:00,109.676,109.876,109.559,109.77,61354
2020.02.11,0:00,109.764,109.959,109.724,109.783,46209
2020.02.12,0:00,109.778,110.13,109.759,110.092,44096
2020.02.13,0:00,110.077,110.089,109.615,109.818,68039
2020.02.14,0:00,109.811,109.909,109.695,109.751,48213
2020.02.17,0:00,109.849,109.957,109.717,109.863,31202
2020.02.18,0:00,109.863,109.944,109.653,109.866,54301
2020.02.19,0:00,109.866,111.589,109.841,111.354,55551
2020.02.20,0:00,111.336,112.221,111.108,112.088,96701
2020.02.21,0:00,112.069,112.183,111.469,111.537,86935
2020.02.24,0:00,111.24,111.679,110.329,110.707,114747
2020.02.25,0:00,110.701,111.039,109.886,110.192,153886
2020.02.26,0:00,110.189,110.698,110.127,110.418,164878
2020.02.27,0:00,110.401,110.452,109.562,109.572,192100
2020.02.28,0:00,109.562,109.678,107.507,107.994,241592
2020.03.02,0:00,107.384,108.574,107.36,108.286,209668
2020.03.03,0:00,108.268,108.532,106.931,107.096,198431
2020.03.04,0:00,107.106,107.685,106.844,107.527,141983
2020.03.05,0:00,107.517,107.737,105.961,106.157,134897
2020.03.06,0:00,106.149,106.339,104.99,105.339,206631
2020.03.09,0:00,104.419,104.594,101.177,102.351,248332
2020.03.10,0:00,102.357,105.915,102.004,105.634,271754
2020.03.11,0:00,105.617,105.62,104.088,104.495,220911
2020.03.12,0:00,104.49,106.094,103.076,104.615,244463
2020.03.13,0:00,104.616,108.497,104.5,107.901,277753
2020.03.16,0:00,106.984,107.564,105.144,105.87,272504
2020.03.17,0:00,105.828,107.86,105.761,107.66,343026
2020.03.18,0:00,107.66,108.649,106.747,108.03,312800
2020.03.19,0:00,108.031,110.951,107.82,110.694,340399
2020.03.20,0:00,110.683,111.501,109.323,110.712,264595
2020.03.23,0:00,110.755,111.593,109.66,111.205,257434
2020.03.24,0:00,111.165,111.711,110.08,111.201,234754
2020.03.25,0:00,111.199,111.677,110.746,111.198,225018
2020.03.26,0:00,111.188,111.291,109.201,109.557,232636
2020.03.27,0:00,109.527,109.697,107.751,107.824,187198
2020.03.30,0:00,107.649,108.291,107.115,107.788,153353
2020.03.31,0:00,107.683,108.723,107.456,107.488,166908
2020.04.01,0:00,107.477,107.936,106.914,107.157,134943
2020.04.02,0:00,107.152,108.093,107.013,107.853,129393
2020.04.03,0:00,107.861,108.67,107.793,108.494,112611
2020.04.06,0:00,108.354,109.378,108.349,109.193,118569
2020.04.07,0:00,109.199,109.274,108.668,108.727,123800
2020.04.08,0:00,108.724,109.099,108.501,108.809,107735
2020.04.09,0:00,108.801,109.059,108.203,108.423,102719
2020.04.10,0:00,108.413,108.582,108.32,108.401,23723
2020.04.13,0:00,108.374,108.52,107.497,107.746,85877
2020.04.14,0:00,107.745,107.757,106.977,107.211,74245
2020.04.15,0:00,107.207,107.861,106.924,107.422,91983
2020.04.16,0:00,107.392,108.078,107.161,107.903,102849
2020.04.17,0:00,107.889,108.077,107.297,107.519,104411
2020.04.20,0:00,107.465,107.946,107.418,107.618,74284
2020.04.21,0:00,107.613,107.891,107.279,107.752,95592
2020.04.22,0:00,107.733,107.934,107.511,107.734,79505
2020.04.23,0:00,107.721,108.037,107.343,107.556,92367
2020.04.24,0:00,107.554,107.756,107.365,107.437,76902
2020.04.27,0:00,107.541,107.619,106.99,107.225,68973
2020.04.28,0:00,107.212,107.336,106.558,106.864,81660
2020.04.29,0:00,106.857,106.891,106.355,106.616,76067
2020.04.30,0:00,106.606,107.496,106.403,107.129,98040
2020.05.01,0:00,107.119,107.402,106.603,106.881,80206
2020.05.04,0:00,106.75,107.066,106.63,106.7,68577
2020.05.05,0:00,106.695,106.892,106.413,106.512,70202
2020.05.06,0:00,106.48,106.601,105.984,106.087,74410
2020.05.07,0:00,106.065,106.653,105.987,106.267,75418
2020.05.08,0:00,106.254,106.746,106.218,106.638,72041
2020.05.11,0:00,106.512,107.765,106.47,107.645,72994
2020.05.12,0:00,107.65,107.688,107.115,107.119,69904
2020.05.13,0:00,107.136,107.273,106.739,107.021,71055
2020.05.14,0:00,107.016,107.361,106.773,107.232,70260
2020.05.15,0:00,107.219,107.43,106.852,107.033,62384
2020.05.18,0:00,107.076,107.5,107.06,107.298,58527
2020.05.19,0:00,107.274,108.085,107.257,107.689,67084
2020.05.20,0:00,107.685,107.981,107.334,107.5,54074
2020.05.21,0:00,107.481,107.845,107.472,107.602,56964
2020.05.22,0:00,107.601,107.759,107.32,107.593,47231
2020.05.25,0:00,107.549,107.778,107.524,107.67,33277
2020.05.26,0:00,107.659,107.92,107.398,107.533,48918
2020.05.27,0:00,107.517,107.943,107.363,107.711,68450
2020.05.28,0:00,107.705,107.899,107.568,107.633,47349
2020.05.29,0:00,107.642,107.892,107.078,107.829,63918
2020.05.31,0:00,107.639,107.675,107.628,107.674,99
2020.06.01,0:00,107.675,107.854,107.377,107.588,52788
2020.06.02,0:00,107.584,108.768,107.51,108.675,53494
2020.06.03,0:00,108.676,108.98,108.421,108.902,62380
2020.06.04,0:00,108.901,109.194,108.613,109.144,64406
2020.06.05,0:00,109.148,109.847,109.042,109.586,68076
2020.06.07,0:00,109.589,109.607,109.549,109.589,25
2020.06.08,0:00,109.549,109.689,108.23,108.427,57291
2020.06.09,0:00,108.431,108.541,107.619,107.75,65838
2020.06.10,0:00,107.748,107.87,106.986,107.124,67352
2020.06.11,0:00,107.117,107.232,106.569,106.861,75687
2020.06.12,0:00,106.871,107.551,106.582,107.381,79725
2020.06.14,0:00,107.234,107.3,107.23,107.276,82
2020.06.15,0:00,107.27,107.565,106.995,107.309,73142
2020.06.16,0:00,107.325,107.637,107.207,107.319,70933
2020.06.17,0:00,107.314,107.439,106.95,107.004,50448
2020.06.18,0:00,107.006,107.126,106.665,106.966,59779
2020.06.19,0:00,106.97,107.056,106.764,106.884,49136
2020.06.21,0:00,106.774,106.782,106.745,106.767,82
2020.06.22,0:00,106.768,107.008,106.739,106.903,52056
2020.06.23,0:00,106.89,107.219,106.071,106.521,61743
2020.06.24,0:00,106.523,107.067,106.38,107.041,60813
2020.06.25,0:00,107.038,107.45,106.969,107.189,50557
2020.06.26,0:00,107.19,107.357,106.796,107.226,48496
2020.06.28,0:00,107.059,107.096,107.055,107.088,54
2020.06.29,0:00,107.082,107.881,107.037,107.57,48046
2020.06.30,0:00,107.569,107.976,107.519,107.954,51218
2020.07.01,0:00,107.938,108.161,107.36,107.459,42945
2020.07.02,0:00,107.464,107.72,107.33,107.494,35729
2020.07.03,0:00,107.498,107.564,107.434,107.506,26501
2020.07.06,0:00,107.467,107.77,107.255,107.381,32449
2020.07.07,0:00,107.339,107.787,107.243,107.515,32036
2020.07.08,0:00,107.518,107.709,107.199,107.255,32738
2020.07.09,0:00,107.241,107.394,107.095,107.201,41137
2020.07.10,0:00,107.198,107.261,106.633,106.922,41287
2020.07.13,0:00,106.899,107.315,106.783,107.288,36572
2020.07.14,0:00,107.279,107.432,107.116,107.233,42050
2020.07.15,0:00,107.229,107.305,106.664,106.927,38226
2020.07.16,0:00,106.933,107.397,106.83,107.268,38176
2020.07.17,0:00,107.244,107.358,106.938,107.032,29579
2020.07.20,0:00,107.05,107.527,107.007,107.273,41943
2020.07.21,0:00,107.24,107.364,106.678,106.797,43991
2020.07.22,0:00,106.793,107.285,106.686,107.155,42843
2020.07.23,0:00,107.152,107.227,106.708,106.86,35297
2020.07.24,0:00,106.857,106.886,105.679,106.13,57995
2020.07.27,0:00,106.021,106.095,105.112,105.369,62355
2020.07.28,0:00,105.368,105.684,104.953,105.089,56218
2020.07.29,0:00,105.082,105.241,104.77,104.919,57248
2020.07.30,0:00,104.904,105.292,104.678,104.723,57634
2020.07.31,0:00,104.719,106.053,104.184,105.761,84975
2020.08.03,0:00,105.753,106.469,105.578,105.947,89549
2020.08.04,0:00,105.947,106.192,105.634,105.717,51095
2020.08.05,0:00,105.714,105.869,105.317,105.595,56107
2020.08.06,0:00,105.59,105.694,105.298,105.545,55096
2020.08.07,0:00,105.525,106.052,105.479,105.926,53552
2020.08.10,0:00,105.878,106.2,105.706,105.959,40656
2020.08.11,0:00,105.957,106.682,105.904,106.488,53233
2020.08.12,0:00,106.487,107.012,106.438,106.907,57070
2020.08.13,0:00,106.868,107.046,106.563,106.925,50239
2020.08.14,0:00,106.919,107.036,106.433,106.596,37384
2020.08.17,0:00,106.538,106.65,105.94,106,44218
2020.08.18,0:00,106.001,106.05,105.28,105.405,53426
2020.08.19,0:00,105.404,106.15,105.099,106.113,58073
2020.08.20,0:00,106.089,106.214,105.741,105.795,59202
2020.08.21,0:00,105.794,106.069,105.439,105.807,48721
2020.08.23,0:00,105.78,105.791,105.763,105.783,191
2020.08.24,0:00,105.783,105.998,105.695,105.977,22645
2020.08.25,0:00,105.978,106.574,105.874,106.386,32772
2020.08.26,0:00,106.385,106.553,105.953,105.983,42604
2020.08.27,0:00,105.98,106.697,105.601,106.563,72222
2020.08.28,0:00,106.557,106.944,105.199,105.363,75327
2020.08.31,0:00,105.425,106.093,105.278,105.904,69353
2020.09.01,0:00,105.901,106.151,105.588,105.956,58581
2020.09.02,0:00,105.95,106.299,105.849,106.183,47522
2020.09.03,0:00,106.178,106.548,105.998,106.188,51963
2020.09.04,0:00,106.186,106.503,106.054,106.241,46896
2020.09.07,0:00,106.239,106.382,106.13,106.277,35178
2020.09.08,0:00,106.243,106.38,105.859,106.023,44847
2020.09.09,0:00,106.01,106.271,105.788,106.179,50480
2020.09.10,0:00,106.177,106.299,105.98,106.125,47714
2020.09.11,0:00,106.114,106.262,106.056,106.159,43532
2020.09.14,0:00,106.081,106.162,105.546,105.729,39518
2020.09.15,0:00,105.721,105.812,105.298,105.441,41826
2020.09.16,0:00,105.437,105.437,104.799,104.944,56291
2020.09.17,0:00,104.943,105.171,104.523,104.739,60351
2020.09.18,0:00,104.739,104.869,104.27,104.576,42226
2020.09.21,0:00,104.474,104.904,103.998,104.643,56084
2020.09.22,0:00,104.64,105.074,104.403,104.927,47487
2020.09.23,0:00,104.891,105.492,104.828,105.361,56828
2020.09.24,0:00,105.335,105.528,105.203,105.406,55093
2020.09.25,0:00,105.392,105.697,105.237,105.518,46314
2020.09.28,0:00,105.489,105.691,105.261,105.458,48771
2020.09.29,0:00,105.451,105.732,105.34,105.654,53641
2020.09.30,0:00,105.626,105.801,105.399,105.434,59992
2020.10.01,0:00,105.435,105.726,105.387,105.542,60783
2020.10.02,0:00,105.556,105.664,104.94,105.277,60524
2020.10.05,0:00,105.271,105.793,105.234,105.739,54426
2020.10.06,0:00,105.726,105.782,105.468,105.63,52498
2020.10.07,0:00,105.597,106.105,105.593,105.97,49367
2020.10.08,0:00,105.941,106.104,105.922,106.026,47401
2020.10.09,0:00,106.02,106.038,105.579,105.611,46208
2020.10.12,0:00,105.722,105.801,105.239,105.319,48307
2020.10.13,0:00,105.301,105.625,105.22,105.473,51097
2020.10.14,0:00,105.471,105.512,105.034,105.159,44353
2020.10.15,0:00,105.155,105.491,105.053,105.44,46126
2020.10.16,0:00,105.413,105.443,105.187,105.365,47353
2020.10.19,0:00,105.377,105.5,105.298,105.434,40471
2020.10.20,0:00,105.416,105.744,105.341,105.506,43740
2020.10.21,0:00,105.479,105.523,104.338,104.582,52357
2020.10.22,0:00,104.576,104.92,104.473,104.84,39957
2020.10.23,0:00,104.84,104.934,104.545,104.703,42390
2020.10.26,0:00,104.669,105.052,104.636,104.834,39907
2020.10.27,0:00,104.837,104.886,104.386,104.414,34791
2020.10.28,0:00,104.408,104.554,104.11,104.317,47827
2020.10.29,0:00,104.32,104.725,104.023,104.605,54008
2020.10.30,0:00,104.606,104.739,104.123,104.61,55521
2020.11.02,0:00,104.54,104.945,104.495,104.747,44636
2020.11.03,0:00,104.74,104.798,104.431,104.503,61250
2020.11.04,0:00,104.496,105.342,104.148,104.514,114566
2020.11.05,0:00,104.5,104.535,103.438,103.512,74309
2020.11.06,0:00,103.5,103.757,103.173,103.362,78609
2020.11.09,0:00,103.302,105.644,103.183,105.373,90787
2020.11.10,0:00,105.316,105.485,104.818,105.301,81012
2020.11.11,0:00,105.217,105.674,105.003,105.425,56961
2020.11.12,0:00,105.422,105.475,105.066,105.124,60558
2020.11.13,0:00,105.114,105.148,104.562,104.582,60855
2020.11.16,0:00,104.718,105.133,104.36,104.577,55008
2020.11.17,0:00,104.567,104.585,104.068,104.188,52793
2020.11.18,0:00,104.189,104.203,103.649,103.798,54213
2020.11.19,0:00,103.805,104.213,103.714,103.749,61639
2020.11.20,0:00,103.73,103.908,103.7,103.853,52391
2020.11.23,0:00,103.743,104.634,103.681,104.546,59487
2020.11.24,0:00,104.507,104.759,104.143,104.433,63507
2020.11.25,0:00,104.43,104.596,104.253,104.461,63730
2020.11.26,0:00,104.449,104.474,104.214,104.264,53969
2020.11.27,0:00,104.226,104.275,103.903,104.027,41906
2020.11.30,0:00,104.034,104.405,103.829,104.31,61318
2020.12.01,0:00,104.276,104.575,104.179,104.329,58261
2020.12.02,0:00,104.282,104.748,104.223,104.403,67705
2020.12.03,0:00,104.396,104.533,103.668,103.835,66449
2020.12.04,0:00,103.835,104.24,103.736,104.181,58349
2020.12.07,0:00,104.119,104.31,103.92,104.048,58918
2020.12.08,0:00,104.049,104.204,103.952,104.165,62276
2020.12.09,0:00,104.156,104.403,104.05,104.231,58310
2020.12.10,0:00,104.224,104.576,104.111,104.225,66523
2020.12.11,0:00,104.215,104.266,103.821,104.002,58007
2020.12.14,0:00,103.992,104.101,103.509,104.036,56784
2020.12.15,0:00,104.012,104.149,103.604,103.657,45538
2020.12.16,0:00,103.638,103.914,103.259,103.441,60909
2020.12.17,0:00,103.435,103.559,102.87,103.1,61745
2020.12.18,0:00,103.05,103.592,103.039,103.315,59454
2020.12.21,0:00,103.505,103.887,103.25,103.291,74312
2020.12.22,0:00,103.284,103.732,103.262,103.62,56717
2020.12.23,0:00,103.598,103.649,103.354,103.551,51969
2020.12.24,0:00,103.541,103.765,103.474,103.684,32394
2020.12.28,0:00,103.565,103.895,103.402,103.782,43337
2020.12.29,0:00,103.755,103.813,103.46,103.529,40617
2020.12.30,0:00,103.525,103.581,102.959,103.203,47791
2020.12.31,0:00,103.126,103.313,102.992,103.304,40527
2021.01.01,0:00,103.285,103.285,103.285,103.285,1
2021.01.04,0:00,103.075,103.314,102.71,103.133,58429
2021.01.05,0:00,103.086,103.188,102.603,102.711,56170
2021.01.06,0:00,102.706,103.441,102.589,103.05,75389
2021.01.07,0:00,103.015,103.953,102.948,103.82,64633
2021.01.08,0:00,103.814,104.09,103.6,103.961,70530
2021.01.11,0:00,103.859,104.395,103.843,104.248,54072
2021.01.12,0:00,104.244,104.33,103.718,103.749,56270
2021.01.13,0:00,103.752,103.993,103.522,103.863,52178
2021.01.14,0:00,103.849,104.195,103.559,103.797,59758
2021.01.15,0:00,103.791,103.911,103.615,103.873,45250
2021.01.18,0:00,103.814,103.929,103.635,103.69,53318
2021.01.19,0:00,103.677,104.083,103.65,103.899,48939
2021.01.20,0:00,103.896,103.925,103.443,103.536,48471
2021.01.21,0:00,103.513,103.666,103.325,103.492,54195
2021.01.22,0:00,103.475,103.884,103.471,103.755,52527
2021.01.25,0:00,103.771,103.934,103.671,103.76,42046
2021.01.26,0:00,103.69,103.825,103.552,103.621,45543
2021.01.27,0:00,103.612,104.195,103.567,104.077,52107
2021.01.28,0:00,104.083,104.46,104.043,104.257,57575
2021.01.29,0:00,104.174,104.938,104.162,104.655,64524
2021.02.01,0:00,104.766,105.033,104.605,104.936,44905
2021.02.02,0:00,104.912,105.171,104.826,104.973,47024
2021.02.03,0:00,104.948,105.103,104.919,105.025,39109
2021.02.04,0:00,105.021,105.563,104.972,105.553,43412
2021.02.05,0:00,105.478,105.764,105.317,105.374,47248
2021.02.08,0:00,105.326,105.669,105.148,105.222,44049
2021.02.09,0:00,105.212,105.261,104.494,104.556,54692
2021.02.10,0:00,104.504,104.84,104.407,104.593,43732
2021.02.11,0:00,104.578,104.802,104.548,104.738,29493
2021.02.12,0:00,104.734,105.179,104.717,104.922,35452
2021.02.15,0:00,104.899,105.415,104.884,105.375,34956
2021.02.16,0:00,105.344,106.074,105.176,106.038,50324
2021.02.17,0:00,106.036,106.221,105.778,105.86,63841
2021.02.18,0:00,105.858,105.921,105.598,105.664,57222
2021.02.19,0:00,105.659,105.739,105.234,105.422,51928
2021.02.22,0:00,105.378,105.842,104.977,105.07,56077
2021.02.23,0:00,105.046,105.424,104.919,105.244,61507
2021.02.24,0:00,105.239,106.104,105.171,105.842,68224
2021.02.25,0:00,105.818,106.398,105.818,106.245,89565
2021.02.26,0:00,106.197,106.69,105.846,106.507,99166
2021.03.01,0:00,106.48,106.889,106.362,106.756,58136
2021.03.02,0:00,106.752,106.956,106.659,106.685,56477
2021.03.03,0:00,106.679,107.149,106.666,107.02,63427
2021.03.04,0:00,106.973,107.985,106.953,107.977,74039
2021.03.05,0:00,107.97,108.646,107.818,108.327,89145
2021.03.08,0:00,108.303,108.942,108.262,108.912,67461
2021.03.09,0:00,108.846,109.231,108.409,108.492,72399
2021.03.10,0:00,108.448,108.917,108.337,108.389,66088
2021.03.11,0:00,108.35,108.809,108.35,108.505,65060
2021.03.12,0:00,108.494,109.166,108.483,109.024,65956
2021.03.15,0:00,109.001,109.363,108.912,109.119,57442
2021.03.16,0:00,109.124,109.287,108.767,109,53789
2021.03.17,0:00,108.99,109.324,108.738,108.84,52773
2021.03.18,0:00,108.836,109.299,108.622,108.886,77879
2021.03.19,0:00,108.889,109.127,108.605,108.875,63082
2021.03.22,0:00,108.603,108.954,108.568,108.844,49525
2021.03.23,0:00,108.841,108.87,108.402,108.579,57385
2021.03.24,0:00,108.589,108.95,108.449,108.728,51914
2021.03.25,0:00,108.729,109.234,108.701,109.19,61945
2021.03.26,0:00,109.183,109.847,109.128,109.677,56370
2021.03.29,0:00,109.713,109.843,109.37,109.832,57148
2021.03.30,0:00,109.767,110.422,109.703,110.348,49472
2021.03.31,0:00,110.342,110.963,110.273,110.708,61730
2021.04.01,0:00,110.698,110.847,110.539,110.597,50827
2021.04.02,0:00,110.567,110.747,110.37,110.676,22352
2021.04.05,0:00,110.616,110.747,109.959,110.177,37326
2021.04.06,0:00,110.175,110.546,109.666,109.733,58805
2021.04.07,0:00,109.709,109.942,109.576,109.834,61333
2021.04.08,0:00,109.824,109.901,108.997,109.262,55418
2021.04.09,0:00,109.251,109.956,109.171,109.66,51423
2021.04.12,0:00,109.645,109.768,109.24,109.38,42867
2021.04.13,0:00,109.369,109.749,109.012,109.058,54665
2021.04.14,0:00,109.055,109.095,108.749,108.94,50530
2021.04.15,0:00,108.896,108.961,108.612,108.754,47301
2021.04.16,0:00,108.741,108.961,108.608,108.793,47901
2021.04.19,0:00,108.716,108.832,108.006,108.138,58898
2021.04.20,0:00,108.131,108.542,107.971,108.079,54690
