2015.12.29,22:00,8.72284,8.83938,8.69280,8.79280,22321
2015.12.30,22:00,8.79190,8.87827,8.78172,8.84309,14192
2016.01.02,22:00,8.83688,8.83688,8.82080,8.82624,2153
2016.01.03,22:00,8.82738,8.94516,8.81218,8.88139,21196
2016.01.04,22:00,8.87684,8.96620,8.85936,8.91005,18048
2016.01.05,22:00,8.91065,8.99332,8.89392,8.95410,15536
2016.01.06,22:00,8.95570,8.98434,8.87780,8.88340,14079
2016.01.07,22:00,8.88139,8.96245,8.86630,8.87435,18527
2016.01.09,22:00,8.87670,8.88000,8.87534,8.87776,827
2016.01.10,22:00,8.87820,8.95888,8.83543,8.93600,18911
2016.01.11,22:00,8.94260,8.95655,8.84346,8.88073,16432
2016.01.12,22:00,8.87960,8.89763,8.79002,8.81964,15527
2016.01.13,22:00,8.82225,8.85319,8.75796,8.76812,13634
2016.01.14,22:00,8.77080,8.85565,8.75533,8.84272,12873
2016.01.17,22:00,8.85249,8.92061,8.81720,8.90062,15870
2016.01.18,22:00,8.89320,8.90628,8.78898,8.81310,15451
2016.01.19,22:00,8.81120,8.92406,8.80247,8.87719,17720
2016.01.20,22:00,8.87820,8.96050,8.77525,8.79485,28716
2016.01.21,22:00,8.79490,8.81030,8.71588,8.74100,13495
2016.01.23,22:00,8.74410,8.74972,8.73861,8.74721,1912
2016.01.24,22:00,8.74574,8.79243,8.70880,8.75845,15456
2016.01.25,22:00,8.75957,8.77834,8.67665,8.69990,14372
2016.01.26,22:00,8.70322,8.73302,8.64411,8.66259,13720
2016.01.27,22:00,8.66210,8.68291,8.60792,8.61400,10189
2016.01.28,22:00,8.61305,8.73563,8.59868,8.68185,20511
2016.01.30,22:00,8.67634,8.68828,8.67503,8.68445,1840
2016.01.31,22:00,8.68425,8.72310,8.63700,8.68870,16776
2016.02.01,22:00,8.69150,8.74624,8.67745,8.72184,10725
2016.02.02,22:00,8.72184,8.74269,8.54156,8.56390,24433
2016.02.03,22:00,8.57349,8.58724,8.44544,8.50306,21318
2016.02.04,22:00,8.50254,8.61724,8.48454,8.58526,18269
2016.02.06,22:00,8.55758,8.56551,8.55406,8.56335,1714
2016.02.07,22:00,8.56335,8.65333,8.53163,8.58909,21767
2016.02.08,22:00,8.59170,8.62581,8.54609,8.58426,15201
2016.02.09,22:00,8.58426,8.59830,8.50111,8.51318,12331
2016.02.10,22:00,8.51315,8.59430,8.49975,8.55986,14240
2016.02.11,22:00,8.55970,8.63180,8.53883,8.58125,16440
2016.02.14,22:00,8.59045,8.65751,8.57155,8.62154,14084
2016.02.15,22:00,8.62200,8.64183,8.57600,8.62740,12627
2016.02.16,22:00,8.62735,8.64744,8.53757,8.54344,13584
2016.02.17,22:00,8.54265,8.61125,8.53323,8.59135,10735
2016.02.18,22:00,8.59182,8.62691,8.55765,8.55865,10536
2016.02.20,22:00,8.57110,8.58135,8.57010,8.57864,1497
2016.02.21,22:00,8.57856,8.62860,8.55917,8.60125,11618
2016.02.22,22:00,8.60080,8.63439,8.58062,8.60889,9946
2016.02.23,22:00,8.60975,8.76090,8.58788,8.66642,28938
2016.02.24,22:00,8.66535,8.68732,8.61416,8.62914,11012
2016.02.25,22:00,8.62810,8.69786,8.59248,8.67414,16473
2016.02.27,22:00,8.69350,8.70649,8.69150,8.69750,2599
2016.02.28,22:00,8.69912,8.73823,8.66916,8.69349,13252
2016.02.29,22:00,8.69125,8.70720,8.63273,8.65085,10855
2016.03.01,22:00,8.65095,8.72153,8.63780,8.66487,15355
2016.03.02,22:00,8.66435,8.69228,8.56581,8.58515,17375
2016.03.03,22:00,8.58794,8.59385,8.48356,8.48840,12105
2016.03.05,22:00,8.49712,8.50425,8.49508,8.49827,1720
2016.03.06,22:00,8.49756,8.55751,8.48687,8.50240,13645
2016.03.07,22:00,8.50125,8.59946,8.48925,8.56302,15866
2016.03.08,22:00,8.56425,8.59115,8.49700,8.52316,14722
2016.03.09,22:00,8.51885,8.60995,8.45692,8.51430,30152
2016.03.10,22:00,8.51925,8.54644,8.39676,8.41990,20002
2016.03.12,22:00,8.42808,8.43634,8.42006,8.43429,2636
2016.03.13,22:00,8.43290,8.49562,8.39962,8.47105,15386
2016.03.14,22:00,8.47359,8.57961,8.46871,8.56090,13450
2016.03.15,22:00,8.56010,8.60551,8.44227,8.46155,22794
2016.03.16,22:00,8.46149,8.46442,8.30256,8.32156,18380
2016.03.17,22:00,8.32210,8.39766,8.30228,8.38274,13013
2016.03.19,22:00,8.38590,8.38705,8.37848,8.38277,1402
2016.03.20,22:00,8.38326,8.42824,8.35970,8.41365,10670
2016.03.21,22:00,8.41410,8.46719,8.37923,8.40513,16696
2016.03.22,22:00,8.40490,8.50051,8.39484,8.47551,14074
2016.03.23,22:00,8.47410,8.52126,8.47048,8.47685,9882
2016.03.24,22:00,8.47757,8.50939,8.47505,8.49701,4925
2016.03.27,21:00,8.48743,8.51426,8.41254,8.43638,15240
2016.03.28,21:00,8.44270,8.49111,8.38115,8.39335,17058
2016.03.29,21:00,8.39434,8.39884,8.27994,8.30460,14807
2016.03.30,21:00,8.30395,8.33205,8.25170,8.26831,12507
2016.03.31,21:00,8.26732,8.35042,8.25114,8.31833,14756
2016.04.02,21:00,8.31274,8.31395,8.30636,8.30710,955
2016.04.03,21:00,8.30695,8.34872,8.28482,8.32907,10569
2016.04.04,21:00,8.32970,8.38020,8.32316,8.32986,11393
2016.04.05,21:00,8.32895,8.36750,8.27834,8.32175,17113
2016.04.06,21:00,8.32035,8.33930,8.25759,8.32315,16063
2016.04.07,21:00,8.32305,8.33586,8.19852,8.23067,18231
2016.04.09,21:00,8.21538,8.22145,8.21369,8.21852,1239
2016.04.10,21:00,8.22223,8.25674,8.16318,8.20010,16500
2016.04.11,21:00,8.20130,8.23424,8.12752,8.16804,18019
2016.04.12,21:00,8.16780,8.25290,8.16557,8.23387,10860
2016.04.13,21:00,8.23516,8.29780,8.19942,8.23215,19376
2016.04.14,21:00,8.23240,8.26010,8.21988,8.25050,6235
2016.04.16,21:00,8.28025,8.29901,8.27935,8.29750,2208
2016.04.17,21:00,8.29845,8.32173,8.19210,8.21564,17646
2016.04.18,21:00,8.21550,8.22220,8.09808,8.11855,15130
2016.04.19,21:00,8.11820,8.15978,8.10131,8.11730,11605
2016.04.20,21:00,8.12170,8.21310,8.08089,8.20255,18358
2016.04.21,21:00,8.20260,8.24973,8.17533,8.23634,11507
2016.04.23,21:00,8.23582,8.24114,8.22990,8.24019,1812
2016.04.24,21:00,8.24015,8.25254,8.17536,8.20425,11847
2016.04.25,21:00,8.20534,8.23256,8.11764,8.15665,18116
2016.04.26,21:00,8.15850,8.19929,8.11928,8.16050,15803
2016.04.27,21:00,8.16055,8.16855,8.10408,8.13815,10655
2016.04.28,21:00,8.13800,8.14683,8.03490,8.05195,13782
2016.04.30,21:00,8.05425,8.05755,8.05066,8.05232,1186
2016.05.01,21:00,8.05214,8.07370,8.01370,8.01484,8271
2016.05.02,21:00,8.01643,8.12358,7.96982,8.12304,20092
2016.05.03,21:00,8.12350,8.16480,8.09477,8.15499,10858
2016.05.04,21:00,8.15530,8.18756,8.11239,8.17683,12882
2016.05.05,21:00,8.18019,8.21841,8.15614,8.20485,9989
2016.05.07,21:00,8.21064,8.21219,8.20947,8.21020,501
2016.05.08,21:00,8.20994,8.23199,8.16838,8.22485,11232
2016.05.09,21:00,8.22357,8.24290,8.19478,8.21700,8968
2016.05.10,21:00,8.21740,8.23211,8.13207,8.16564,14833
2016.05.11,21:00,8.16610,8.18108,8.09101,8.13175,14580
2016.05.12,21:00,8.12965,8.22638,8.12590,8.19295,13767
2016.05.14,21:00,8.20229,8.20419,8.19425,8.19694,1454
2016.05.15,21:00,8.19685,8.20642,8.13646,8.16700,11008
2016.05.16,21:00,8.16770,8.19591,8.12776,8.18005,12396
2016.05.17,21:00,8.17965,8.32053,8.17852,8.31325,15043
2016.05.18,21:00,8.31005,8.39400,8.30444,8.36353,12565
2016.05.19,21:00,8.36234,8.36422,8.30325,8.32354,8315
2016.05.21,21:00,8.33470,8.33615,8.32635,8.33575,1856
2016.05.22,21:00,8.33560,8.38371,8.30176,8.35030,14921
2016.05.23,21:00,8.34934,8.40654,8.33038,8.35330,14837
2016.05.24,21:00,8.35699,8.36134,8.31250,8.32300,6370
2016.05.25,21:00,8.33192,8.33450,8.24046,8.27720,13337
2016.05.26,21:00,8.27870,8.35244,8.26394,8.33649,11922
2016.05.28,21:00,8.33419,8.33885,8.33412,8.33675,691
2016.05.29,21:00,8.33686,8.37311,8.33053,8.34600,7603
2016.05.30,21:00,8.34559,8.38960,8.32846,8.37986,8802
2016.05.31,21:00,8.37986,8.38282,8.29142,8.30488,10783
2016.06.01,21:00,8.30500,8.37522,8.27928,8.33515,16174
2016.06.02,21:00,8.33500,8.34645,8.17462,8.18113,18980
2016.06.04,21:00,8.18592,8.18615,8.17453,8.18014,1747
2016.06.05,21:00,8.18080,8.21883,8.15559,8.17090,11659
2016.06.06,21:00,8.17120,8.17892,8.10786,8.11229,8322
2016.06.07,21:00,8.11058,8.12653,8.07180,8.10220,10109
2016.06.08,21:00,8.10131,8.17798,8.09074,8.15685,11895
2016.06.09,21:00,8.15570,8.26983,8.14663,8.26228,13983
2016.06.12,21:00,8.25705,8.31737,8.23480,8.26610,15610
2016.06.13,21:00,8.26540,8.37022,8.26088,8.36077,12332
2016.06.14,21:00,8.36175,8.36980,8.27141,8.30824,14328
2016.06.15,21:00,8.30879,8.47704,8.29536,8.39140,28076
2016.06.16,21:00,8.39059,8.40124,8.33758,8.35685,9359
2016.06.18,21:00,8.30927,8.30927,8.29378,8.29834,2006
2016.06.19,21:00,8.30297,8.31232,8.23230,8.27896,13604
2016.06.20,21:00,8.27820,8.33571,8.24534,8.31470,14425
2016.06.21,21:00,8.32720,8.32728,8.25217,8.29209,11512
2016.06.22,21:00,8.28947,8.29209,8.13094,8.14977,18261
2016.06.23,21:00,8.15203,8.72705,8.10477,8.50165,89495
2016.06.25,21:00,8.54510,8.54855,8.53628,8.53628,1573
2016.06.26,21:00,8.54135,8.61550,8.44628,8.57201,30779
2016.06.27,21:00,8.57198,8.57734,8.42746,8.47600,20379
2016.06.28,21:00,8.47650,8.49424,8.37515,8.39382,15551
2016.06.29,21:00,8.39371,8.42835,8.34711,8.36280,13158
2016.06.30,21:00,8.36436,8.39610,8.32188,8.33130,11539
2016.07.02,21:00,8.33424,8.33461,8.33296,8.33424,331
2016.07.03,21:00,8.33421,8.35230,8.28130,8.28974,9754
2016.07.04,21:00,8.28938,8.41641,8.28388,8.40694,14751
2016.07.05,21:00,8.40705,8.51314,8.40584,8.43169,18997
2016.07.06,21:00,8.43262,8.52604,8.42348,8.50979,12796
2016.07.07,21:00,8.51446,8.54939,8.46003,8.52454,16865
2016.07.09,21:00,8.52908,8.53151,8.51132,8.51132,2263
2016.07.10,21:00,8.52014,8.54965,8.46922,8.50405,14478
2016.07.11,21:00,8.50460,8.50600,8.39649,8.43441,14884
2016.07.12,21:00,8.43360,8.46887,8.38139,8.42634,16771
2016.07.13,21:00,8.42650,8.42880,8.34963,8.36636,9821
2016.07.14,21:00,8.36500,8.46338,8.34460,8.45660,14597
2016.07.17,21:00,8.46340,8.48485,8.43538,8.44924,8479
2016.07.18,21:00,8.44715,8.52052,8.43913,8.51226,9768
2016.07.19,21:00,8.51275,8.53295,8.48500,8.49821,8137
2016.07.20,21:00,8.49552,8.51531,8.44952,8.49311,12918
2016.07.21,21:00,8.49280,8.56676,8.48636,8.55883,9478
2016.07.23,21:00,8.54369,8.54951,8.53266,8.54899,2841
2016.07.24,21:00,8.54825,8.59212,8.54330,8.57366,7224
2016.07.25,21:00,8.56432,8.59272,8.55314,8.57030,7319
2016.07.26,21:00,8.56884,8.61194,8.52228,8.53759,14808
2016.07.27,21:00,8.53740,8.56907,8.49386,8.55710,13073
2016.07.28,21:00,8.55514,8.56752,8.40410,8.43784,20955
2016.07.30,21:00,8.44514,8.44514,8.43097,8.44514,2835
2016.07.31,21:00,8.43097,8.50226,8.41680,8.49798,10392
2016.08.01,21:00,8.49798,8.50355,8.39789,8.42899,14234
2016.08.02,21:00,8.42855,8.46598,8.41414,8.45468,7756
2016.08.03,21:00,8.45485,8.48928,8.42665,8.44048,11090
2016.08.04,21:00,8.44014,8.51891,8.42238,8.50878,12443
2016.08.06,21:00,8.50984,8.51305,8.50864,8.51007,860
2016.08.07,21:00,8.51002,8.51727,8.47012,8.47053,5482
2016.08.08,21:00,8.46925,8.49693,8.39112,8.40680,14918
2016.08.09,21:00,8.40710,8.41518,8.24949,8.27210,19639
2016.08.10,21:00,8.27235,8.29798,8.20792,8.25182,15960
2016.08.11,21:00,8.25203,8.25616,8.15302,8.22857,18283
2016.08.13,21:00,8.20914,8.21369,8.20021,8.20315,2098
2016.08.14,21:00,8.20299,8.24308,8.19614,8.21288,8400
2016.08.15,21:00,8.21280,8.22270,8.12198,8.19460,18325
2016.08.16,21:00,8.19464,8.25375,8.17596,8.20420,14603
2016.08.17,21:00,8.20448,8.20753,8.14903,8.15032,6285
2016.08.18,21:00,8.15160,8.23320,8.14580,8.20856,11785
2016.08.20,21:00,8.22959,8.23067,8.21679,8.22813,2631
2016.08.21,21:00,8.22777,8.26455,8.20998,8.21470,9608
2016.08.22,21:00,8.20625,8.23434,8.17852,8.21355,10435
2016.08.23,21:00,8.21365,8.24156,8.17309,8.21979,13081
2016.08.24,21:00,8.22010,8.23170,8.18504,8.21993,9316
2016.08.25,21:00,8.22272,8.30432,8.13885,8.29350,26017
2016.08.27,21:00,8.28589,8.29158,8.28020,8.28914,1952
2016.08.28,21:00,8.28640,8.32468,8.27138,8.27860,9881
2016.08.29,21:00,8.27890,8.35610,8.27150,8.34481,10330
2016.08.30,21:00,8.34385,8.36294,8.31225,8.32640,8394
2016.08.31,21:00,8.32435,8.40159,8.31223,8.33592,16716
2016.09.01,21:00,8.33595,8.34680,8.24679,8.32180,18588
2016.09.03,21:00,8.31814,8.32044,8.30510,8.30760,2015
2016.09.04,21:00,8.30730,8.31429,8.26002,8.30490,10615
2016.09.05,21:00,8.30725,8.30749,8.16478,8.16981,14799
2016.09.06,21:00,8.16925,8.19727,8.15295,8.17980,7810
2016.09.07,21:00,8.17770,8.21393,8.11675,8.18702,18505
2016.09.08,21:00,8.18670,8.27660,8.16696,8.25575,15024
2016.09.10,21:00,8.23340,8.23930,8.23340,8.23930,591
2016.09.11,21:00,8.24105,8.27951,8.20186,8.23682,15108
2016.09.12,21:00,8.23714,8.28785,8.20074,8.27830,13307
2016.09.13,21:00,8.27854,8.28558,8.21446,8.24091,10462
2016.09.14,21:00,8.23920,8.27521,8.21400,8.23164,11487
2016.09.15,21:00,8.23080,8.32310,8.22832,8.31985,10052
2016.09.17,21:00,8.30800,8.31985,8.30585,8.31744,1857
2016.09.18,21:00,8.31720,8.32000,8.26625,8.28796,7827
2016.09.19,21:00,8.28910,8.31062,8.25520,8.30960,9035
2016.09.20,21:00,8.30992,8.32850,8.25299,8.26287,10398
2016.09.21,21:00,8.26305,8.26605,8.08060,8.13381,24167
2016.09.22,21:00,8.13495,8.14509,8.09660,8.11608,7812
2016.09.24,21:00,8.11356,8.11622,8.10987,8.11050,965
2016.09.25,21:00,8.11035,8.14392,8.08949,8.10870,10722
2016.09.26,21:00,8.11091,8.16644,8.06805,8.11591,19179
2016.09.27,21:00,8.11570,8.13974,8.03340,8.03691,13390
2016.09.28,21:00,8.03320,8.06870,8.00029,8.04904,12099
2016.09.29,21:00,8.04920,8.10025,7.97965,7.99603,18804
2016.10.01,21:00,8.00272,8.00672,7.99624,8.00250,2075
2016.10.02,21:00,8.00356,8.00998,7.94544,7.97965,10518
2016.10.03,21:00,7.98044,8.02486,7.97142,8.00910,7823
2016.10.04,21:00,8.00914,8.04069,7.97895,8.01786,11477
2016.10.05,21:00,8.01726,8.06362,8.01484,8.05978,5505
2016.10.06,21:00,8.06035,8.12632,8.02612,8.09559,16517
2016.10.08,21:00,8.10370,8.11370,8.10255,8.10740,1861
2016.10.09,21:00,8.10715,8.13364,8.06229,8.08489,12045
2016.10.10,21:00,8.08460,8.20514,8.07895,8.18190,15509
2016.10.11,21:00,8.18249,8.24535,8.16588,8.21663,12481
2016.10.12,21:00,8.21564,8.26019,8.14892,8.15075,15766
2016.10.13,21:00,8.15070,8.24090,8.14387,8.22907,11570
2016.10.15,21:00,8.22195,8.22235,8.22054,8.22225,333
2016.10.16,21:00,8.22220,8.25521,8.17076,8.18085,12756
2016.10.17,21:00,8.17875,8.18412,8.12240,8.15269,9739
2016.10.18,21:00,8.15274,8.17392,8.13269,8.13474,6447
2016.10.19,21:00,8.13519,8.21710,8.12951,8.18380,12658
2016.10.20,21:00,8.18335,8.27992,8.18120,8.25015,13065
2016.10.22,21:00,8.24873,8.25380,8.24873,8.24888,1000
2016.10.23,21:00,8.25385,8.27642,8.22601,8.25545,9923
2016.10.24,21:00,8.25615,8.29105,8.24494,8.28265,6573
2016.10.25,21:00,8.28257,8.28684,8.24930,8.27652,6904
2016.10.26,21:00,8.27492,8.28950,8.21435,8.26728,14267
2016.10.27,21:00,8.26657,8.29984,8.23875,8.24989,10551
2016.10.29,21:00,8.25910,8.26800,8.25719,8.26368,1705
2016.10.30,22:00,8.26371,8.28144,8.24592,8.26205,6939
2016.10.31,22:00,8.26215,8.27169,8.18260,8.21679,13283
2016.11.01,22:00,8.21599,8.22331,8.16690,8.19354,9038
2016.11.02,22:00,8.19338,8.19649,8.16352,8.18690,5947
2016.11.03,22:00,8.18755,8.22790,8.13688,8.16065,15515
2016.11.05,22:00,8.19387,8.20719,8.17891,8.18526,4796
2016.11.06,22:00,8.18371,8.26732,8.14308,8.23460,19760
2016.11.07,22:00,8.23465,8.24864,8.20725,8.22892,7706
2016.11.08,22:00,8.22938,8.35130,8.15665,8.34336,27533
2016.11.09,22:00,8.34849,8.41793,8.26735,8.36124,28842
2016.11.10,22:00,8.36196,8.44030,8.34741,8.42265,12510
2016.11.12,22:00,8.42921,8.43046,8.42648,8.42731,607
2016.11.13,22:00,8.42686,8.52577,8.41630,8.47428,17153
2016.11.14,22:00,8.47420,8.47827,8.37996,8.43364,15607
2016.11.15,22:00,8.43540,8.51249,8.39996,8.47720,18327
2016.11.16,22:00,8.47780,8.54850,8.45010,8.54175,13286
2016.11.17,22:00,8.54270,8.61023,8.53825,8.59859,8808
2016.11.19,22:00,8.59629,8.60106,8.59224,8.59883,1511
2016.11.20,22:00,8.59923,8.60768,8.52410,8.54308,11102
2016.11.21,22:00,8.54385,8.55645,8.49346,8.51922,10136
2016.11.22,22:00,8.51838,8.62635,8.50416,8.61162,15115
2016.11.23,22:00,8.61280,8.64175,8.57002,8.59965,13032
2016.11.24,22:00,8.59795,8.61020,8.54040,8.57952,12118
2016.11.26,22:00,8.56108,8.56488,8.55016,8.56488,2565
2016.11.27,22:00,8.56549,8.59285,8.50860,8.53820,14122
2016.11.28,22:00,8.53775,8.59230,8.51895,8.53332,14228
2016.11.29,22:00,8.53444,8.55068,8.45368,8.52530,18487
2016.11.30,22:00,8.52500,8.52732,8.41310,8.42102,12447
2016.12.01,22:00,8.42054,8.46325,8.39889,8.40987,11806
2016.12.03,22:00,8.43050,8.44706,8.40480,8.40480,5883
2016.12.04,22:00,8.40400,8.53470,8.34714,8.37168,34281
2016.12.05,22:00,8.37215,8.40879,8.33944,8.40541,10545
2016.12.06,22:00,8.40666,8.42340,8.34681,8.36340,10993
2016.12.07,22:00,8.36340,8.46420,8.31790,8.43298,22303
2016.12.08,22:00,8.43329,8.53069,8.42317,8.49918,14916
2016.12.10,22:00,8.50297,8.50904,8.49982,8.50500,1642
2016.12.11,22:00,8.50520,8.50571,8.42305,8.43801,9814
2016.12.12,22:00,8.43600,8.45473,8.39706,8.43003,10938
2016.12.13,22:00,8.43003,8.60692,8.41024,8.57504,24836
2016.12.14,22:00,8.57395,8.70180,8.54765,8.66776,21450
2016.12.15,22:00,8.66857,8.71490,8.64325,8.68118,13070
2016.12.17,22:00,8.69566,8.69804,8.68420,8.68973,2176
2016.12.18,22:00,8.68973,8.69872,8.63155,8.68699,13161
2016.12.19,22:00,8.68699,8.72630,8.67287,8.70462,8924
2016.12.20,22:00,8.70510,8.71160,8.63017,8.68155,13932
2016.12.21,22:00,8.68277,8.72444,8.66123,8.71288,9632
2016.12.22,22:00,8.71219,8.72582,8.68618,8.69924,6634
2016.12.25,22:00,8.69088,8.70095,8.68624,8.69430,2601
2016.12.26,22:00,8.69265,8.72413,8.69187,8.70715,5003
2016.12.27,22:00,8.70317,8.75864,8.68965,8.72401,11715
2016.12.28,22:00,8.72289,8.72631,8.64078,8.64368,9186
2016.12.29,22:00,8.64509,8.65118,8.52598,8.64494,25026
2017.01.01,22:00,8.63953,8.66175,8.61871,8.65530,7032
2017.01.02,22:00,8.65729,8.68850,8.62855,8.65553,11815
2017.01.03,22:00,8.65809,8.67067,8.58649,8.59110,10138
2017.01.04,22:00,8.59404,8.60302,8.47359,8.47838,14321
2017.01.05,22:00,8.47927,8.54656,8.45970,8.53808,11492
2017.01.07,22:00,8.54401,8.54648,8.53987,8.54336,1258
2017.01.08,22:00,8.54336,8.58370,8.52450,8.53968,11473
2017.01.09,22:00,8.53969,8.61147,8.50610,8.60587,14457
2017.01.10,22:00,8.60405,8.67170,8.52411,8.55087,24201
2017.01.11,22:00,8.55185,8.55876,8.47685,8.52720,13918
2017.01.12,22:00,8.52740,8.53595,8.47768,8.50117,9032
2017.01.13,22:00,8.50031,8.50031,8.50031,8.50031,1
2017.01.14,22:00,8.53740,8.54365,8.52840,8.53289,2600
2017.01.15,22:00,8.53289,8.55294,8.50184,8.53164,10096
2017.01.16,22:00,8.53350,8.53721,8.42810,8.44665,13138
2017.01.17,22:00,8.44665,8.50264,8.43590,8.49549,8465
2017.01.18,22:00,8.49549,8.51080,8.44319,8.44917,8891
2017.01.19,22:00,8.44780,8.46730,8.39230,8.41441,11662
2017.01.21,22:00,8.39410,8.40094,8.39171,8.39685,1572
2017.01.22,22:00,8.39685,8.40652,8.34240,8.34639,7779
2017.01.23,22:00,8.34606,8.36940,8.31480,8.35260,10267
2017.01.24,22:00,8.35275,8.37156,8.30031,8.31182,10158
2017.01.25,22:00,8.31276,8.36527,8.29750,8.33957,10874
2017.01.26,22:00,8.34023,8.36839,8.30375,8.34278,12674
2017.01.28,22:00,8.31509,8.31821,8.30530,8.31222,2296
2017.01.29,22:00,8.31222,8.36050,8.30050,8.31481,11742
2017.01.30,22:00,8.31605,8.32295,8.22585,8.24628,12444
2017.01.31,22:00,8.24654,8.26885,8.21907,8.23438,8741
2017.02.01,22:00,8.23460,8.25375,8.17625,8.25247,13714
2017.02.02,22:00,8.25250,8.27163,8.18924,8.20842,12071
2017.02.04,22:00,8.19917,8.20692,8.19505,8.20356,1936
2017.02.05,22:00,8.20356,8.27330,8.19842,8.25151,10182
2017.02.06,22:00,8.25352,8.33745,8.25211,8.32100,10321
2017.02.07,22:00,8.32295,8.34863,8.28839,8.31589,11343
2017.02.08,22:00,8.31635,8.34510,8.29470,8.33824,7892
2017.02.09,22:00,8.33985,8.39584,8.32443,8.36389,11879
2017.02.11,22:00,8.38374,8.38542,8.38256,8.38333,532
2017.02.12,22:00,8.38256,8.40525,8.35915,8.39105,8372
2017.02.13,22:00,8.39065,8.42090,8.35505,8.39901,12335
2017.02.14,22:00,8.39664,8.41620,8.33259,8.33901,10960
2017.02.15,22:00,8.33766,8.34756,8.27971,8.28686,8491
2017.02.16,22:00,8.28844,8.35305,8.28213,8.34449,8580
2017.02.18,22:00,8.35035,8.35465,8.34747,8.35085,1387
2017.02.19,22:00,8.35085,8.35753,8.32402,8.33893,5511
2017.02.20,22:00,8.33717,8.38845,8.33474,8.36028,8432
2017.02.21,22:00,8.35945,8.39772,8.33670,8.36665,11485
2017.02.22,22:00,8.36715,8.37842,8.31672,8.33783,9409
2017.02.23,22:00,8.34135,8.38193,8.32001,8.37855,8665
2017.02.25,22:00,8.35819,8.36782,8.35782,8.36243,1577
2017.02.26,22:00,8.36244,8.38583,8.33607,8.37040,9157
2017.02.27,22:00,8.37085,8.39675,8.35384,8.39312,6356
2017.02.28,22:00,8.39367,8.42507,8.37374,8.41149,8485
2017.03.01,22:00,8.41160,8.49344,8.40445,8.48326,10633
2017.03.02,22:00,8.48380,8.48758,8.41954,8.42280,7509
2017.03.04,22:00,8.42665,8.42788,8.41414,8.42287,2371
2017.03.05,22:00,8.42287,8.49607,8.41536,8.49424,9006
2017.03.06,22:00,8.49455,8.50095,8.43599,8.45336,8874
2017.03.07,22:00,8.45390,8.55289,8.44820,8.54847,11482
2017.03.08,22:00,8.54870,8.59420,8.52685,8.58320,10021
2017.03.09,22:00,8.58271,8.62890,8.55960,8.59914,12218
2017.03.11,22:00,8.59254,8.59407,8.58367,8.58934,1761
2017.03.12,22:00,8.58883,8.60469,8.54109,8.56535,10373
2017.03.13,22:00,8.56556,8.63158,8.55936,8.61717,9284
2017.03.14,22:00,8.61717,8.61977,8.49363,8.49996,13508
2017.03.15,22:00,8.49996,8.55575,8.47244,8.50015,16644
2017.03.16,22:00,8.50040,8.51122,8.44600,8.47709,10714
2017.03.18,22:00,8.47556,8.47742,8.46218,8.46701,2194
2017.03.19,22:00,8.46599,8.49499,8.43430,8.47850,10888
2017.03.20,22:00,8.47894,8.49470,8.42536,8.46827,12802
2017.03.21,22:00,8.46827,8.52964,8.44375,8.46674,17026
2017.03.22,22:00,8.46624,8.49888,8.46132,8.48795,5342
2017.03.23,22:00,8.49188,8.51135,8.46815,8.49405,8424
2017.03.25,22:00,8.45897,8.46452,8.45450,8.45975,1927
2017.03.26,21:00,8.45975,8.49154,8.42486,8.49058,10254
2017.03.27,21:00,8.49072,8.53955,8.48155,8.52530,8143
2017.03.28,21:00,8.52505,8.55593,8.49522,8.49976,9614
2017.03.29,21:00,8.50024,8.56990,8.49754,8.56373,8124
2017.03.30,21:00,8.56215,8.60668,8.55608,8.59967,6369
2017.04.01,21:00,8.58601,8.59547,8.58534,8.59093,1535
2017.04.02,21:00,8.59085,8.60825,8.55486,8.57856,9450
2017.04.03,21:00,8.57872,8.63530,8.57518,8.58977,10920
2017.04.04,21:00,8.59099,8.61903,8.57114,8.61032,7646
2017.04.05,21:00,8.60975,8.64364,8.58716,8.62439,9833
2017.04.06,21:00,8.62655,8.66980,8.58759,8.65840,13258
2017.04.08,21:00,8.66341,8.66473,8.65523,8.65980,1540
2017.04.09,21:00,8.65980,8.67997,8.61187,8.62775,10416
2017.04.10,21:00,8.62775,8.64377,8.58149,8.59680,9362
2017.04.11,21:00,8.59680,8.60580,8.53900,8.54951,8632
2017.04.12,21:00,8.54951,8.58747,8.53541,8.58690,6674
2017.04.13,21:00,8.58573,8.58770,8.57122,8.58065,2789
2017.04.15,21:00,8.57823,8.58460,8.57635,8.58111,1363
2017.04.16,21:00,8.58111,8.59336,8.52610,8.55826,11168
2017.04.17,21:00,8.55824,8.56938,8.50395,8.51015,8278
2017.04.18,21:00,8.51015,8.58402,8.50628,8.58048,8516
2017.04.19,21:00,8.58037,8.62770,8.55245,8.62548,10540
2017.04.20,21:00,8.62594,8.69590,8.60694,8.66999,13388
2017.04.22,21:00,8.48906,8.50075,8.47629,8.49325,4474
2017.04.23,21:00,8.49349,8.61245,8.48068,8.54933,20771
2017.04.24,21:00,8.54956,8.58533,8.54154,8.56550,7165
2017.04.25,21:00,8.56138,8.61795,8.54377,8.58486,12489
2017.04.26,21:00,8.58485,8.60753,8.54043,8.56564,11500
2017.04.27,21:00,8.56564,8.59097,8.51355,8.58651,13398
2017.04.29,21:00,8.55390,8.55697,8.54875,8.55284,1539
2017.04.30,21:00,8.55284,8.60195,8.55284,8.59414,5693
2017.05.01,21:00,8.59414,8.61734,8.58235,8.59132,6717
2017.05.02,21:00,8.59178,8.65821,8.58445,8.65235,8696
2017.05.03,21:00,8.65235,8.69448,8.61855,8.67680,12742
2017.05.04,21:00,8.67697,8.71759,8.58445,8.59357,18289
2017.05.06,21:00,8.57145,8.57432,8.56456,8.56805,1613
2017.05.07,21:00,8.56805,8.65670,8.56404,8.64769,10569
2017.05.08,21:00,8.64770,8.70130,8.62700,8.68674,10957
2017.05.09,21:00,8.68674,8.70797,8.60045,8.62298,15129
2017.05.10,21:00,8.62298,8.64099,8.57385,8.59890,11021
2017.05.11,21:00,8.59890,8.61600,8.55560,8.56181,8372
2017.05.13,21:00,8.57815,8.57840,8.56038,8.56425,2215
2017.05.14,21:00,8.56425,8.58346,8.49520,8.55322,16550
2017.05.15,21:00,8.55604,8.57795,8.44870,8.46310,16557
2017.05.16,21:00,8.46310,8.47847,8.37745,8.40525,14420
2017.05.17,21:00,8.40467,8.49978,8.39007,8.48603,13807
2017.05.18,21:00,8.48603,8.48898,8.34831,8.37720,17252
2017.05.20,21:00,8.37720,8.37908,8.37532,8.37720,753
2017.05.21,21:00,8.37720,8.39978,8.32520,8.33895,11092
2017.05.22,21:00,8.33895,8.38272,8.32000,8.37524,8916
2017.05.23,21:00,8.37524,8.40933,8.32846,8.33085,11736
2017.05.24,21:00,8.33084,8.40391,8.30211,8.39763,13682
2017.05.25,21:00,8.39763,8.42980,8.36519,8.37696,10856
2017.05.27,21:00,8.40124,8.40130,8.39866,8.39980,385
2017.05.28,21:00,8.39980,8.42145,8.38104,8.41235,6828
2017.05.29,21:00,8.41174,8.47180,8.40954,8.43275,10352
2017.05.30,21:00,8.43275,8.46230,8.40830,8.43545,10531
2017.05.31,21:00,8.43590,8.47631,8.41006,8.45288,11553
2017.06.01,21:00,8.45288,8.48100,8.40349,8.41342,11557
2017.06.04,21:00,8.42292,8.46608,8.40254,8.45088,9913
2017.06.05,21:00,8.45084,8.48756,8.42947,8.45759,10944
2017.06.06,21:00,8.45759,8.50037,8.44243,8.49616,7732
2017.06.07,21:00,8.49554,8.50419,8.46390,8.49430,7935
2017.06.08,21:00,8.49465,8.54204,8.48076,8.49898,11824
2017.06.11,21:00,8.49316,8.50322,8.45795,8.47605,7344
2017.06.12,21:00,8.47735,8.48042,8.40900,8.42963,9513
2017.06.13,21:00,8.42963,8.44562,8.34629,8.42313,19217
2017.06.14,21:00,8.42313,8.51455,8.41660,8.50700,11204
2017.06.15,21:00,8.50702,8.51636,8.43890,8.44739,9530
2017.06.17,21:00,8.43692,8.43692,8.43460,8.43615,388
2017.06.18,21:00,8.43820,8.50496,8.43064,8.50254,8431
2017.06.19,21:00,8.50254,8.56628,8.46241,8.54410,16619
2017.06.20,21:00,8.54410,8.56706,8.52618,8.53003,6770
2017.06.21,21:00,8.52966,8.53483,8.46959,8.49024,9107
2017.06.22,21:00,8.49027,8.49872,8.43333,8.44780,8832
2017.06.24,21:00,8.44536,8.44536,8.44426,8.44426,111
2017.06.25,21:00,8.44246,8.48872,8.43303,8.48110,7275
2017.06.26,21:00,8.48062,8.49393,8.39789,8.42145,13292
2017.06.27,21:00,8.42144,8.48058,8.39532,8.42601,16596
2017.06.28,21:00,8.42604,8.44117,8.36598,8.38522,10957
2017.06.29,21:00,8.38522,8.39852,8.33958,8.34468,7735
2017.07.01,21:00,8.33719,8.34160,8.33555,8.33805,1125
2017.07.02,21:00,8.33805,8.37763,8.33390,8.36755,5797
2017.07.03,21:00,8.36706,8.39004,8.33944,8.35524,8939
2017.07.04,21:00,8.35524,8.42292,8.33050,8.39040,14969
2017.07.05,21:00,8.38939,8.41465,8.33883,8.35113,11339
2017.07.06,21:00,8.35255,8.39880,8.34052,8.36638,10274
2017.07.09,21:00,8.36388,8.37259,8.31352,8.32794,8221
2017.07.10,21:00,8.32815,8.36469,8.27760,8.27784,12388
2017.07.11,21:00,8.27784,8.30250,8.24932,8.28403,10018
2017.07.12,21:00,8.28440,8.29717,8.24975,8.25858,6903
2017.07.13,21:00,8.25858,8.26282,8.17925,8.18443,9300
2017.07.15,21:00,8.18338,8.18338,8.18338,8.18338,1
2017.07.16,21:00,8.18621,8.20637,8.12790,8.15874,12948
2017.07.17,21:00,8.15874,8.16815,8.04276,8.08836,18041
2017.07.18,21:00,8.08788,8.09728,8.04791,8.05294,6381
2017.07.19,21:00,8.05297,8.10380,8.01280,8.04557,17461
2017.07.20,21:00,8.04548,8.05250,8.00217,8.03667,9186
2017.07.23,21:00,8.02565,8.05209,8.00508,8.00721,7559
2017.07.24,21:00,8.00721,8.02149,7.94530,7.97290,11808
2017.07.25,21:00,7.97329,8.00589,7.88324,7.89330,16532
2017.07.26,21:00,7.89305,7.96976,7.86132,7.95585,15409
2017.07.27,21:00,7.95364,7.97415,7.90032,7.90962,10365
2017.07.30,21:00,7.91587,7.96343,7.85700,7.86304,16004
2017.07.31,21:00,7.86304,7.93602,7.85984,7.92782,8759
2017.08.01,21:00,7.92799,7.93404,7.85642,7.89801,12527
2017.08.02,21:00,7.89889,7.92196,7.87674,7.90531,8403
2017.08.03,21:00,7.90657,7.97830,7.88172,7.94585,15389
2017.08.05,21:00,7.95275,7.95450,7.95260,7.95260,366
2017.08.06,21:00,7.95163,7.96344,7.92044,7.92278,5716
2017.08.07,21:00,7.92278,7.96279,7.88127,7.95734,12849
2017.08.08,21:00,7.95734,7.98925,7.94503,7.95622,8733
2017.08.09,21:00,7.95622,7.97662,7.93433,7.94915,7752
2017.08.10,21:00,7.94910,8.00816,7.90918,7.93043,17930
2017.08.13,21:00,7.92374,7.95408,7.91362,7.95111,5356
2017.08.14,21:00,7.95103,8.00386,7.94285,7.96390,10916
2017.08.15,21:00,7.96538,7.97134,7.91240,7.92582,7833
2017.08.16,21:00,7.92582,7.99150,7.90142,7.96813,13786
2017.08.17,21:00,7.96813,7.98308,7.90090,7.90702,10326
2017.08.18,21:00,7.90702,7.90702,7.90702,7.90702,1
2017.08.19,21:00,7.91458,7.91562,7.91428,7.91535,192
2017.08.20,21:00,7.91077,7.93531,7.88118,7.89781,9531
2017.08.21,21:00,7.89613,7.92395,7.88682,7.90966,6074
2017.08.22,21:00,7.90966,7.92125,7.86136,7.86815,7828
2017.08.23,21:00,7.86815,7.87480,7.83430,7.84303,5589
2017.08.24,21:00,7.84224,7.85930,7.73685,7.75524,15791
2017.08.26,21:00,7.73682,7.74024,7.73605,7.73772,749
2017.08.27,21:00,7.73506,7.77511,7.72846,7.75245,7592
2017.08.28,21:00,7.75245,7.80397,7.70353,7.74953,19797
2017.08.29,21:00,7.74953,7.81850,7.74060,7.80922,9612
2017.08.30,21:00,7.80922,7.84790,7.75607,7.76093,13538
2017.08.31,21:00,7.76089,7.82521,7.71720,7.79875,17817
2017.09.02,21:00,7.79710,7.79841,7.79310,7.79779,994
2017.09.03,21:00,7.79625,7.81630,7.77711,7.81015,6449
2017.09.04,21:00,7.81015,7.82282,7.74931,7.78047,11735
2017.09.05,21:00,7.78047,7.81058,7.76179,7.80245,7561
2017.09.06,21:00,7.80245,7.80460,7.71420,7.73400,11236
2017.09.07,21:00,7.73340,7.75404,7.70150,7.74100,9749
2017.09.10,21:00,7.74385,7.85609,7.73698,7.84065,14143
2017.09.11,21:00,7.84065,7.87899,7.82502,7.83532,10262
2017.09.12,21:00,7.83532,7.90953,7.82172,7.87900,13195
2017.09.13,21:00,7.87895,7.95298,7.87006,7.87203,15893
2017.09.14,21:00,7.87185,7.88742,7.79676,7.84934,15882
2017.09.17,21:00,7.85722,7.86410,7.79213,7.83357,12030
2017.09.18,21:00,7.83357,7.83601,7.78741,7.79980,6344
2017.09.19,21:00,7.80008,7.89680,7.77198,7.86773,18200
2017.09.20,21:00,7.86773,7.88479,7.79632,7.80317,11239
2017.09.21,21:00,7.80235,7.80824,7.76655,7.80086,8190
2017.09.24,21:00,7.82582,7.83761,7.79671,7.81850,7449
2017.09.25,21:00,7.81720,7.92097,7.81236,7.89383,14060
2017.09.26,21:00,7.89383,7.97706,7.88988,7.95423,11397
2017.09.27,21:00,7.95423,7.98845,7.93050,7.93854,10022
2017.09.28,21:00,7.93854,7.98375,7.93629,7.96143,7204
2017.09.30,21:00,7.97450,7.97874,7.97310,7.97525,1054
2017.10.01,21:00,7.97445,8.01375,7.95785,7.99876,8750
2017.10.02,21:00,7.99876,8.02580,7.96823,7.98114,9753
2017.10.03,21:00,7.98114,7.98782,7.93402,7.95845,8492
2017.10.04,21:00,7.95827,8.01868,7.94355,8.00511,10343
2017.10.05,21:00,8.00493,8.04017,7.98410,8.00287,11009
2017.10.07,21:00,7.98645,7.99366,7.98630,7.99170,948
2017.10.08,21:00,7.99170,8.00568,7.96845,7.98300,6577
2017.10.09,21:00,7.98300,7.98707,7.93302,7.95195,7706
2017.10.10,21:00,7.95195,7.95772,7.90652,7.92128,7174
2017.10.11,21:00,7.92128,7.92262,7.88425,7.90086,5633
2017.10.12,21:00,7.90251,7.91390,7.85037,7.88844,11300
2017.10.14,21:00,7.89762,7.90272,7.89510,7.89960,1327
2017.10.15,21:00,7.89960,7.92126,7.87410,7.89840,9313
2017.10.16,21:00,7.89776,7.96255,7.89246,7.94485,9310
2017.10.17,21:00,7.94485,7.97400,7.92895,7.96021,7475
2017.10.18,21:00,7.96021,7.97880,7.92516,7.93526,8234
2017.10.19,21:00,7.93545,7.99827,7.92396,7.98312,10096
2017.10.21,21:00,7.99330,7.99432,7.98718,7.99057,1156
2017.10.22,21:00,7.99057,8.01600,7.97631,8.00162,6834
2017.10.23,21:00,8.00146,8.01732,7.97900,8.00604,7207
2017.10.24,21:00,8.00604,8.03504,7.99268,8.01498,7579
2017.10.25,21:00,8.01573,8.18169,8.00149,8.17074,20540
2017.10.26,21:00,8.17074,8.23063,8.13992,8.14547,15616
2017.10.27,21:00,8.14650,8.14650,8.14650,8.14650,1
2017.10.28,21:00,8.15859,8.16334,8.14738,8.15071,2405
2017.10.29,22:00,8.15071,8.18653,8.13936,8.15155,9351
2017.10.30,22:00,8.15155,8.20168,8.14700,8.16854,9238
2017.10.31,22:00,8.16854,8.18362,8.12627,8.15044,9661
2017.11.01,22:00,8.15044,8.16205,8.11830,8.13481,7188
2017.11.02,22:00,8.13486,8.18667,8.11650,8.17830,9691
2017.11.04,22:00,8.15995,8.16560,8.15748,8.16305,1315
2017.11.05,22:00,8.16305,8.18409,8.13230,8.13485,7539
2017.11.06,22:00,8.13485,8.20096,8.12387,8.17170,11734
2017.11.07,22:00,8.17158,8.18425,8.15629,8.16526,4961
2017.11.08,22:00,8.16623,8.17090,8.11665,8.13245,7473
2017.11.09,22:00,8.13233,8.14797,8.10877,8.13357,7717
2017.11.11,22:00,8.13118,8.13444,8.12522,8.13363,1600
2017.11.12,22:00,8.13460,8.18378,8.12646,8.16600,8325
2017.11.13,22:00,8.16519,8.23170,8.14976,8.18017,14891
2017.11.14,22:00,8.18002,8.27959,8.17043,8.24566,15269
2017.11.15,22:00,8.24566,8.25815,8.19030,8.20998,10003
2017.11.16,22:00,8.20879,8.26897,8.17798,8.23991,15087
2017.11.18,22:00,8.24818,8.25217,8.24478,8.24884,1413
2017.11.19,22:00,8.24884,8.30138,8.23887,8.29241,8146
2017.11.20,22:00,8.29241,8.34205,8.20342,8.21317,19803
2017.11.21,22:00,8.21228,8.24442,8.14868,8.15385,13306
2017.11.22,22:00,8.15385,8.15985,8.12182,8.13715,5937
2017.11.23,22:00,8.13565,8.15821,8.11321,8.12925,8361
2017.11.25,22:00,8.13347,8.14400,8.13200,8.14062,1686
2017.11.26,22:00,8.14062,8.16763,8.12484,8.15208,7413
2017.11.27,22:00,8.15190,8.24844,8.14040,8.24375,12424
2017.11.28,22:00,8.24501,8.25732,8.20611,8.25624,9120
2017.11.29,22:00,8.25559,8.34511,8.23722,8.31903,15235
2017.11.30,22:00,8.31880,8.33098,8.26094,8.28242,10371
2017.12.02,22:00,8.30095,8.30095,8.28731,8.29477,2111
2017.12.03,22:00,8.29384,8.33844,8.27917,8.33010,8229
2017.12.04,22:00,8.33203,8.36276,8.25355,8.26301,14941
2017.12.05,22:00,8.26301,8.30082,8.24419,8.27225,10403
2017.12.06,22:00,8.27225,8.32221,8.26395,8.31610,7268
2017.12.07,22:00,8.31610,8.34177,8.28842,8.29982,9043
2017.12.09,22:00,8.29955,8.30317,8.29524,8.29989,1553
2017.12.10,22:00,8.29989,8.39087,8.27797,8.38252,14318
2017.12.11,22:00,8.38330,8.38662,8.30376,8.34639,12882
2017.12.12,22:00,8.34614,8.38394,8.30425,8.32485,13810
2017.12.13,22:00,8.32568,8.36205,8.21059,8.29847,27572
2017.12.14,22:00,8.29846,8.40499,8.27135,8.38368,18207
2017.12.16,22:00,8.38972,8.39204,8.38268,8.38810,1711
2017.12.17,22:00,8.38810,8.39739,8.31382,8.35934,13839
2017.12.18,22:00,8.35966,8.38964,8.34343,8.35046,8323
2017.12.19,22:00,8.35022,8.41217,8.31748,8.40983,12978
2017.12.20,22:00,8.41058,8.41985,8.35553,8.35553,7360
2017.12.21,22:00,8.35483,8.39030,8.31291,8.31987,11983
2017.12.25,22:00,8.31677,8.34436,8.29972,8.31046,8298
2017.12.26,22:00,8.31059,8.32554,8.26622,8.27125,7931
2017.12.27,22:00,8.27124,8.28185,8.22340,8.25113,9680
2017.12.28,22:00,8.25308,8.25990,8.17308,8.20534,12591
2018.01.01,22:00,8.19133,8.20128,8.09445,8.12740,14974
2018.01.02,22:00,8.12815,8.14688,8.09214,8.10542,8676
2018.01.03,22:00,8.10542,8.11800,8.05669,8.06813,8534
2018.01.04,22:00,8.06908,8.09437,8.03098,8.05010,10781
2018.01.06,22:00,8.05016,8.05697,8.04742,8.05195,1732
2018.01.07,22:00,8.05195,8.09338,8.03476,8.07768,9152
2018.01.08,22:00,8.07719,8.13110,8.06692,8.09925,10631
2018.01.09,22:00,8.09925,8.11485,8.03515,8.07428,13444
2018.01.10,22:00,8.07315,8.08524,8.00700,8.01411,9745
2018.01.11,22:00,8.01411,8.01711,7.91012,7.92160,12148
2018.01.13,22:00,7.91950,7.92496,7.91726,7.92141,1350
2018.01.14,22:00,7.92141,7.93164,7.85992,7.88239,10443
2018.01.15,22:00,7.88234,7.90229,7.86514,7.87391,6588
2018.01.16,22:00,7.87530,7.89935,7.81328,7.88203,16542
2018.01.17,22:00,7.88203,7.89476,7.81814,7.84740,11862
2018.01.18,22:00,7.84778,7.87638,7.82304,7.85960,9487
2018.01.20,22:00,7.84498,7.84989,7.84160,7.84548,1609
2018.01.21,22:00,7.84548,7.88290,7.83979,7.85574,7597
2018.01.22,22:00,7.85574,7.88353,7.81995,7.82350,9493
2018.01.23,22:00,7.82339,7.82958,7.74502,7.74781,9355
2018.01.24,22:00,7.74740,7.76510,7.64040,7.74188,24389
2018.01.25,22:00,7.74188,7.75846,7.66488,7.69094,13623
2018.01.27,22:00,7.69332,7.69900,7.69018,7.69513,1584
2018.01.28,22:00,7.69513,7.73411,7.68151,7.71132,8902
2018.01.29,22:00,7.71154,7.76017,7.68666,7.72182,13675
2018.01.30,22:00,7.72182,7.73098,7.66217,7.71259,12840
2018.01.31,22:00,7.71259,7.72774,7.63494,7.64225,11527
2018.02.01,22:00,7.64225,7.74996,7.63810,7.73582,13016
2018.02.03,22:00,7.74660,7.75541,7.74426,7.74820,2071
2018.02.04,22:00,7.74820,7.83888,7.70028,7.83731,18810
2018.02.05,22:00,7.83701,7.88941,7.77914,7.81640,19994
2018.02.06,22:00,7.81650,7.92454,7.79510,7.90818,16721
2018.02.07,22:00,7.90818,7.95065,7.86315,7.92758,15561
2018.02.08,22:00,7.92758,8.05785,7.90163,7.96182,27821
2018.02.10,22:00,7.98075,7.98784,7.97910,7.98406,1418
2018.02.11,22:00,7.98406,7.98992,7.91097,7.91423,8808
2018.02.12,22:00,7.91504,7.91901,7.86476,7.87873,7220
2018.02.13,22:00,7.88233,7.95320,7.78458,7.79804,25296
2018.02.14,22:00,7.79730,7.81815,7.75537,7.76633,9460
2018.02.15,22:00,7.76633,7.79507,7.71723,7.78086,14116
2018.02.17,22:00,7.78370,7.79612,7.78370,7.79165,1690
2018.02.18,22:00,7.79165,7.80266,7.75442,7.77951,8435
2018.02.19,22:00,7.77951,7.85401,7.77720,7.84093,9221
2018.02.20,22:00,7.84093,7.87193,7.81009,7.86957,9505
2018.02.21,22:00,7.86969,7.90583,7.84485,7.85286,10514
2018.02.22,22:00,7.85218,7.89497,7.83720,7.84956,11293
2018.02.24,22:00,7.85050,7.86104,7.84475,7.85781,2528
2018.02.25,22:00,7.85781,7.86064,7.79129,7.82348,10438
2018.02.26,22:00,7.82348,7.87870,7.80648,7.86814,9979
2018.02.27,22:00,7.86709,7.91264,7.85814,7.90180,7430
2018.02.28,22:00,7.90158,7.94456,7.83679,7.84560,15957
2018.03.01,22:00,7.84560,7.88750,7.76344,7.78798,19051
2018.03.03,22:00,7.76290,7.78466,7.76196,7.78075,2756
2018.03.04,22:00,7.78075,7.85112,7.75805,7.81925,14765
2018.03.05,22:00,7.81925,7.82920,7.74462,7.77980,12972
2018.03.06,22:00,7.77891,7.83117,7.76140,7.80951,10895
2018.03.07,22:00,7.80951,7.86189,7.79855,7.84124,9496
2018.03.08,22:00,7.84037,7.84880,7.76575,7.77786,10360
2018.03.10,22:00,7.78300,7.78678,7.77870,7.78230,1547
2018.03.11,22:00,7.78289,7.79186,7.73945,7.74547,6741
2018.03.12,22:00,7.74547,7.76985,7.71750,7.73875,9799
2018.03.13,22:00,7.73780,7.75710,7.71315,7.73032,8043
2018.03.14,22:00,7.73032,7.74321,7.66396,7.71317,14136
2018.03.15,22:00,7.71320,7.73948,7.69697,7.71561,8262
2018.03.17,22:00,7.71773,7.72194,7.71178,7.71525,1785
2018.03.18,22:00,7.71540,7.75300,7.71272,7.72230,7367
2018.03.19,22:00,7.72257,7.74975,7.69547,7.74667,8447
2018.03.20,22:00,7.74667,7.75749,7.69026,7.69700,8480
2018.03.21,22:00,7.69707,7.76161,7.67219,7.74781,12811
2018.03.22,22:00,7.74738,7.79259,7.72755,7.75702,12045
2018.03.24,22:00,7.75285,7.75848,7.74860,7.75276,1968
2018.03.25,21:00,7.75276,7.76012,7.67480,7.68220,10009
2018.03.26,21:00,7.68220,7.72912,7.65020,7.71815,12190
2018.03.27,21:00,7.71853,7.88080,7.70568,7.86324,20554
2018.03.28,21:00,7.86324,7.87887,7.83505,7.84173,6614
2018.03.29,21:00,7.84169,7.84596,7.82954,7.83802,2918
2018.04.01,21:00,7.84421,7.89909,7.82920,7.88689,9711
2018.04.02,21:00,7.88884,7.89675,7.82003,7.83793,10254
2018.04.03,21:00,7.83793,7.85986,7.80881,7.82417,8835
2018.04.04,21:00,7.82417,7.85091,7.79164,7.83194,11078
2018.04.05,21:00,7.83095,7.86771,7.80455,7.82864,12402
2018.04.07,21:00,7.83153,7.83233,7.82245,7.82688,1512
2018.04.08,21:00,7.82688,7.84374,7.76879,7.78560,10863
2018.04.09,21:00,7.78491,7.83108,7.76932,7.79572,11272
2018.04.10,21:00,7.79572,7.80551,7.74708,7.76572,8687
2018.04.11,21:00,7.76572,7.81238,7.75115,7.77168,11651
2018.04.12,21:00,7.77168,7.78835,7.74948,7.77615,7328
2018.04.14,21:00,7.77227,7.77481,7.76722,7.77110,1402
2018.04.15,21:00,7.77110,7.79434,7.74777,7.77525,8900
2018.04.16,21:00,7.77575,7.78862,7.75602,7.76154,5100
2018.04.17,21:00,7.76108,7.78492,7.74024,7.76241,8804
2018.04.18,21:00,7.76135,7.80529,7.73348,7.79222,11276
2018.04.19,21:00,7.79222,7.84693,7.78612,7.82440,8945
2018.04.21,21:00,7.83573,7.83782,7.82794,7.83216,1620
2018.04.22,21:00,7.83216,7.89903,7.82302,7.88699,9720
2018.04.23,21:00,7.88724,7.91656,7.87226,7.90232,7353
2018.04.24,21:00,7.90232,7.98728,7.89570,7.97311,11238
2018.04.25,21:00,7.97311,8.00512,7.93352,7.99426,12206
2018.04.26,21:00,7.99459,8.02941,7.95480,7.96152,11616
2018.04.28,21:00,7.96026,7.96560,7.95804,7.96206,1333
2018.04.29,21:00,7.96206,8.03004,7.95382,8.01465,9986
2018.04.30,21:00,8.01465,8.10338,8.00806,8.09047,11483
2018.05.01,21:00,8.09047,8.12744,8.05396,8.12207,11537
2018.05.02,21:00,8.12207,8.12669,8.03675,8.04779,10561
2018.05.03,21:00,8.04733,8.10262,8.04114,8.05453,11577
2018.05.05,21:00,8.06137,8.06434,8.04378,8.06107,4083
2018.05.06,21:00,8.06107,8.08784,8.03102,8.07079,10393
2018.05.07,21:00,8.07079,8.16450,8.05261,8.14049,15409
2018.05.08,21:00,8.14049,8.16222,8.05061,8.07555,15829
2018.05.09,21:00,8.07555,8.08409,7.98035,8.00309,13503
2018.05.10,21:00,8.00365,8.01895,7.97151,8.00440,9414
2018.05.12,21:00,7.99995,8.00024,7.98813,7.99255,1683
2018.05.13,21:00,7.99255,8.03714,7.96406,8.03332,10540
2018.05.14,21:00,8.03438,8.13832,8.00353,8.12355,18042
2018.05.15,21:00,8.12348,8.13317,8.07506,8.07818,7093
2018.05.16,21:00,8.07818,8.13095,8.05641,8.11952,10775
2018.05.17,21:00,8.11979,8.14800,8.10279,8.11764,8828
2018.05.19,21:00,8.11605,8.12235,8.11389,8.11833,1465
2018.05.20,21:00,8.11833,8.13810,8.04501,8.05009,11795
2018.05.21,21:00,8.05009,8.07643,8.02463,8.06065,9305
2018.05.22,21:00,8.06065,8.14795,8.04928,8.09501,16299
2018.05.23,21:00,8.09501,8.10576,8.07011,8.09986,6646
2018.05.24,21:00,8.09986,8.18052,8.07720,8.17628,13023
2018.05.26,21:00,8.14831,8.15436,8.14622,8.15040,1420
2018.05.27,21:00,8.15040,8.20123,8.12180,8.19607,11320
2018.05.28,21:00,8.19607,8.33299,8.18653,8.28384,20516
2018.05.29,21:00,8.28457,8.30876,8.17050,8.18080,17276
2018.05.30,21:00,8.18080,8.19816,8.14550,8.18003,10456
2018.05.31,21:00,8.18003,8.21054,8.13705,8.18521,14181
2018.06.02,21:00,8.19173,8.19239,8.18366,8.18680,1254
2018.06.03,21:00,8.18680,8.18992,8.09135,8.11853,12888
2018.06.04,21:00,8.11853,8.15342,8.09177,8.11140,11618
2018.06.05,21:00,8.11076,8.11978,8.06260,8.08067,8428
2018.06.06,21:00,8.08067,8.08379,8.02304,8.05641,9725
2018.06.07,21:00,8.05641,8.11156,8.04308,8.05749,13589
2018.06.09,21:00,8.05527,8.05901,8.05085,8.05475,1581
2018.06.10,21:00,8.05475,8.07940,8.02164,8.04325,10403
2018.06.11,21:00,8.04325,8.07268,7.99179,8.05208,15296
2018.06.12,21:00,8.05208,8.06044,8.00353,8.01010,7185
2018.06.13,21:00,8.01010,8.13943,7.97634,8.13589,20040
2018.06.14,21:00,8.13589,8.15506,8.12181,8.14868,5372
2018.06.16,21:00,8.14805,8.16217,8.14805,8.15725,1905
2018.06.17,21:00,8.15725,8.18140,8.12099,8.12719,9077
2018.06.18,21:00,8.12719,8.22911,8.11308,8.18910,17016
2018.06.19,21:00,8.18910,8.20867,8.14790,8.18026,11271
2018.06.20,21:00,8.18026,8.19992,8.11560,8.12762,11601
2018.06.21,21:00,8.12762,8.13044,8.06474,8.09489,9868
2018.06.23,21:00,8.09520,8.09524,8.08456,8.08902,1519
2018.06.24,21:00,8.08902,8.14690,8.08272,8.10164,11575
2018.06.25,21:00,8.10164,8.14052,8.08970,8.12950,7379
2018.06.26,21:00,8.12950,8.20098,8.12231,8.19215,9470
2018.06.27,21:00,8.19215,8.21400,8.15769,8.18784,10832
2018.06.28,21:00,8.18784,8.19832,8.12055,8.14657,11428
2018.06.30,21:00,8.17998,8.18255,8.14265,8.15375,5358
2018.07.01,21:00,8.15354,8.20295,8.14279,8.17334,10053
2018.07.02,21:00,8.17334,8.18214,8.10981,8.13195,10328
2018.07.03,21:00,8.13195,8.14195,8.09709,8.11201,6979
2018.07.04,21:00,8.11061,8.12390,8.03632,8.06178,12634
2018.07.05,21:00,8.06178,8.07418,8.01953,8.03265,8018
2018.07.07,21:00,8.02993,8.03872,8.02917,8.03468,1436
2018.07.08,21:00,8.03468,8.04050,7.98693,8.02452,9699
2018.07.09,21:00,8.02452,8.05543,7.99276,8.01648,11731
2018.07.10,21:00,8.01629,8.11992,8.01279,8.11032,12024
2018.07.11,21:00,8.11032,8.12083,8.08447,8.11258,7047
2018.07.12,21:00,8.11258,8.17050,8.10360,8.11534,13105
2018.07.14,21:00,8.11129,8.11622,8.10472,8.10779,1951
2018.07.15,21:00,8.10779,8.12595,8.08159,8.10041,8135
2018.07.16,21:00,8.10143,8.15366,8.07565,8.15281,10465
2018.07.17,21:00,8.15281,8.20007,8.14179,8.17015,9923
2018.07.18,21:00,8.17015,8.27524,8.16286,8.23447,16045
2018.07.19,21:00,8.23447,8.24972,8.16909,8.18005,10685
2018.07.21,21:00,8.17305,8.18126,8.17178,8.17784,1418
2018.07.22,21:00,8.17784,8.20386,8.14678,8.19525,9676
2018.07.23,21:00,8.19525,8.22265,8.15208,8.17770,12360
2018.07.24,21:00,8.17750,8.18980,8.12430,8.13538,8889
2018.07.25,21:00,8.13538,8.19478,8.12353,8.19014,8775
2018.07.26,21:00,8.19065,8.21562,8.16623,8.18825,9639
2018.07.28,21:00,8.18294,8.19018,8.18140,8.18610,1441
2018.07.29,21:00,8.18610,8.19880,8.12867,8.13479,8896
2018.07.30,21:00,8.13447,8.16967,8.11753,8.15837,8039
2018.07.31,21:00,8.15837,8.18280,8.15273,8.17911,3941
2018.08.01,21:00,8.17911,8.24515,8.16790,8.24194,9168
2018.08.02,21:00,8.24194,8.26559,8.21362,8.25648,8941
2018.08.04,21:00,8.25163,8.25577,8.24771,8.25191,1585
2018.08.05,21:00,8.25191,8.26770,8.23333,8.25530,6536
2018.08.06,21:00,8.25530,8.25832,8.18290,8.20517,10072
2018.08.07,21:00,8.20517,8.23720,8.18027,8.21719,10185
2018.08.08,21:00,8.21784,8.32052,8.21083,8.31930,11793
2018.08.09,21:00,8.31930,8.38754,8.30710,8.36134,11885
2018.08.11,21:00,8.39565,8.39899,8.38805,8.39279,1903
2018.08.12,21:00,8.39279,8.42540,8.34373,8.36347,13403
2018.08.13,21:00,8.36347,8.42167,8.33806,8.41569,11501
2018.08.14,21:00,8.41569,8.49355,8.41015,8.45397,12853
2018.08.15,21:00,8.45397,8.50348,8.40765,8.47753,16811
2018.08.16,21:00,8.47753,8.50838,8.44236,8.45203,10655
2018.08.18,21:00,8.44749,8.45224,8.44504,8.44887,1303
2018.08.19,21:00,8.45072,8.48415,8.43408,8.44596,9539
2018.08.20,21:00,8.44542,8.44726,8.38814,8.40401,7684
2018.08.21,21:00,8.40401,8.41295,8.32750,8.34041,10731
2018.08.22,21:00,8.34041,8.39743,8.32424,8.38901,9779
2018.08.23,00:00,8.35423,8.36853,8.35423,8.36175,1247
2018.08.24,00:00,8.36202,8.36684,8.30000,8.30938,6382
2018.08.27,00:00,8.29861,8.34315,8.27890,8.29874,7100
2018.08.28,00:00,8.29905,8.32636,8.26547,8.31620,6846
2018.08.29,00:00,8.31699,8.35423,8.30364,8.30570,6799
2018.08.30,00:00,8.30612,8.33718,8.28225,8.32243,7143
2018.08.31,00:00,8.32235,8.37143,8.29173,8.36193,6013
2018.09.03,00:00,8.36926,8.37101,8.32139,8.33264,6234
2018.09.04,00:00,8.33212,8.39897,8.32989,8.38607,5004
2018.09.05,00:00,8.37128,8.37914,8.36730,8.37603,875
2018.09.06,00:00,8.37623,8.41466,8.35799,8.39874,7055
2018.09.07,00:00,8.40100,8.44082,8.37867,8.42694,6375
2018.09.09,00:00,8.43644,8.43644,8.41343,8.41396,508
2018.09.10,00:00,8.41471,8.42734,8.33815,8.36408,6689
2018.09.11,00:00,8.36421,8.37671,8.29101,8.30085,6723
2018.09.12,00:00,8.30141,8.32299,8.20164,8.23439,5726
2018.09.13,00:00,8.23441,8.24064,8.16941,8.19313,6699
2018.09.14,00:00,8.19278,8.24467,8.18569,8.23163,6101
2018.09.16,00:00,8.24499,8.24519,8.22715,8.22952,517
2018.09.17,00:00,8.22924,8.23006,8.13873,8.15927,6819
2018.09.18,00:00,8.15936,8.15977,8.11993,8.12972,7277
2018.09.19,00:00,8.12937,8.16550,8.10463,8.12599,7181
2018.09.20,00:00,8.12567,8.20596,8.09761,8.12419,7122
2018.09.21,00:00,8.12311,8.13616,8.09704,8.12655,6423
2018.09.23,00:00,8.12403,8.13566,8.11748,8.12371,353
2018.09.24,00:00,8.11586,8.13730,8.09257,8.11460,6549
2018.09.25,00:00,8.11442,8.12678,8.08074,8.10829,6272
2018.09.26,00:00,8.10698,8.11388,8.05890,8.08124,7071
2018.09.27,00:00,8.08180,8.13477,8.06970,8.13259,7019
2018.09.28,00:00,8.13244,8.16760,8.10446,8.12316,6504
2018.09.30,00:00,8.11425,8.12465,8.11223,8.12025,519
2018.10.01,00:00,8.12049,8.14529,8.09955,8.12757,6869
2018.10.02,00:00,8.12763,8.18855,8.12567,8.14717,6758
2018.10.03,00:00,8.14763,8.20913,8.12311,8.20640,7320
2018.10.04,00:00,8.20591,8.23483,8.19028,8.22150,6975
2018.10.05,00:00,8.22163,8.26585,8.21222,8.23597,6481
2018.10.07,00:00,8.23588,8.23757,8.23206,8.23626,550
2018.10.08,00:00,8.23731,8.27456,8.23347,8.25091,6543
2018.10.09,00:00,8.25092,8.28341,8.22567,8.23515,7090
2018.10.10,00:00,8.23618,8.23691,8.16592,8.19658,6981
2018.10.11,00:00,8.19724,8.21815,8.16523,8.19105,7573
2018.10.12,00:00,8.19156,8.19316,8.14248,8.15060,6712
2018.10.14,00:00,8.15850,8.16369,8.15535,8.16249,76
2018.10.15,00:00,8.16257,8.16267,8.11600,8.12867,6895
2018.10.16,00:00,8.12879,8.13835,8.09272,8.12281,6910
2018.10.17,00:00,8.12344,8.19247,8.11546,8.18835,7174
2018.10.18,00:00,8.18749,8.25600,8.18043,8.25232,7481
2018.10.19,00:00,8.25356,8.25589,8.18433,8.19102,7199
2018.10.22,00:00,8.19247,8.24370,8.17223,8.23191,7061
2018.10.23,00:00,8.23197,8.28867,8.22497,8.26697,7295
2018.10.24,00:00,8.26752,8.32600,8.24662,8.32580,7350
2018.10.25,00:00,8.32655,8.33697,8.27892,8.31853,7341
2018.10.26,00:00,8.31424,8.36922,8.30301,8.32783,7597
2018.10.29,00:00,8.33989,8.37176,8.30254,8.36970,6860
2018.10.30,00:00,8.36865,8.39768,8.34569,8.38897,6787
2018.10.31,00:00,8.38961,8.42694,8.37366,8.41257,6636
2018.11.01,00:00,8.41246,8.41290,8.31427,8.32752,7094
2018.11.02,00:00,8.32761,8.35400,8.27979,8.34290,6912
2018.11.05,00:00,8.34245,8.36208,8.31832,8.33253,6710
2018.11.06,00:00,8.33238,8.36259,8.32236,8.33723,6673
2018.11.07,00:00,8.33721,8.35278,8.26403,8.31553,7655
2018.11.08,00:00,8.31541,8.36841,8.29306,8.35713,7408
2018.11.09,00:00,8.35777,8.42493,8.34654,8.40155,7440
2018.11.10,00:00,8.40207,8.41403,8.40164,8.40763,71
2018.11.12,00:00,8.41907,8.49952,8.40282,8.49355,6888
2018.11.13,00:00,8.49353,8.50000,8.44804,8.47133,7483
2018.11.14,00:00,8.47304,8.51628,8.43994,8.48176,7668
2018.11.15,00:00,8.48342,8.50381,8.43665,8.46170,7427
2018.11.16,00:00,8.46343,8.47047,8.40022,8.41517,7504
2018.11.19,00:00,8.40929,8.47070,8.40336,8.45436,7080
2018.11.20,00:00,8.45330,8.57191,8.43041,8.55942,7371
2018.11.21,00:00,8.55095,8.56483,8.48549,8.50227,6951
2018.11.22,00:00,8.50319,8.53156,8.48492,8.50947,6560
2018.11.23,00:00,8.50996,8.58026,8.50210,8.57112,6479
2018.11.26,00:00,8.56401,8.57597,8.50089,8.56087,7086
2018.11.27,00:00,8.56276,8.61235,8.54889,8.57438,7211
2018.11.28,00:00,8.57501,8.59599,8.50392,8.53305,7033
2018.11.29,00:00,8.53267,8.55862,8.50112,8.50866,7233
2018.11.30,00:00,8.50912,8.58181,8.50150,8.57108,7042
2018.12.03,00:00,8.54010,8.54364,8.48155,8.50304,7224
2018.12.04,00:00,8.50278,8.50620,8.42334,8.48153,7676
2018.12.05,00:00,8.48107,8.51361,8.46763,8.47942,7112
2018.12.06,00:00,8.47799,8.55144,8.47271,8.49322,7678
2018.12.07,00:00,8.49970,8.51926,8.44488,8.46978,7288
2018.12.10,00:00,8.47479,8.54587,8.41894,8.53715,7214
2018.12.11,00:00,8.53744,8.56363,8.48315,8.55323,7236
2018.12.12,00:00,8.55360,8.57063,8.52890,8.54597,7279
2018.12.13,00:00,8.54512,8.56985,8.50571,8.53349,7049
2018.12.14,00:00,8.53173,8.60853,8.52711,8.59210,7062
2018.12.17,00:00,8.59590,8.62405,8.57782,8.61872,6736
2018.12.18,00:00,8.61852,8.72249,8.60810,8.70581,7274
2018.12.19,00:00,8.70710,8.70889,8.62912,8.69574,7651
2018.12.20,00:00,8.69452,8.70273,8.58484,8.65568,7549
2018.12.21,00:00,8.66235,8.76291,8.62029,8.73877,7663
2018.12.24,00:00,8.73135,8.74987,8.69298,8.72579,5605
2018.12.26,00:00,8.72176,8.79813,8.71156,8.74003,6873
2018.12.27,00:00,8.74171,8.77774,8.71173,8.74305,7523
2018.12.28,00:00,8.74479,8.74600,8.65637,8.68523,7553
2018.12.31,00:00,8.69046,8.70262,8.61420,8.61528,6919
2019.01.02,00:00,8.62239,8.70406,8.60690,8.69040,7328
2019.01.03,00:00,8.69051,8.76060,8.65421,8.66276,7816
2019.01.04,00:00,8.66374,8.67000,8.57523,8.58744,7503
2019.01.07,00:00,8.58851,8.59279,8.49782,8.50659,7372
2019.01.08,00:00,8.50618,8.54743,8.49818,8.52404,7330
2019.01.09,00:00,8.52530,8.52724,8.42656,8.44304,7242
2019.01.10,00:00,8.44315,8.46723,8.41914,8.45305,7496
2019.01.11,00:00,8.45322,8.51634,8.41758,8.50940,7254
2019.01.14,00:00,8.50596,8.54008,8.49524,8.52319,7130
2019.01.15,00:00,8.52390,8.54619,8.47973,8.51732,7274
2019.01.16,00:00,8.51613,8.53197,8.49627,8.51393,7240
2019.01.17,00:00,8.51424,8.55547,8.50627,8.52541,7307
2019.01.18,00:00,8.52503,8.54046,8.49325,8.53420,7213
2019.01.21,00:00,8.54019,8.55830,8.52270,8.53714,6584
2019.01.22,00:00,8.53721,8.58376,8.53054,8.57577,7428
2019.01.23,00:00,8.57600,8.57996,8.53383,8.54021,7349
2019.01.24,00:00,8.54007,8.57793,8.52016,8.56029,7353
2019.01.25,00:00,8.56177,8.56507,8.48038,8.48853,7647
2019.01.28,00:00,8.49111,8.51288,8.47699,8.48582,7336
2019.01.29,00:00,8.48574,8.49353,8.45130,8.47352,7450
2019.01.30,00:00,8.47278,8.48500,8.38864,8.39943,7289
2019.01.31,00:00,8.40007,8.41977,8.37490,8.40447,7454
2019.02.01,00:00,8.40497,8.42853,8.38125,8.41132,7214
2019.02.04,00:00,8.41589,8.47620,8.40476,8.43525,7238
2019.02.05,00:00,8.43600,8.46285,8.43293,8.46018,7031
2019.02.06,00:00,8.45919,8.52002,8.45612,8.51672,7467
2019.02.07,00:00,8.51765,8.57335,8.51002,8.57028,7151
2019.02.08,00:00,8.56946,8.61725,8.56144,8.61398,6879
2019.02.11,00:00,8.60800,8.70192,8.60800,8.69036,6951
2019.02.12,00:00,8.69039,8.69354,8.61500,8.62414,6802
2019.02.13,00:00,8.62444,8.63897,8.58313,8.63598,7258
2019.02.14,00:00,8.63599,8.64862,8.60032,8.62254,6987
2019.02.15,00:00,8.62258,8.66164,8.60460,8.61037,6856
2019.02.18,00:00,8.61076,8.61635,8.57614,8.58237,6483
2019.02.19,00:00,8.58284,8.62187,8.53336,8.54097,6906
2019.02.20,00:00,8.54063,8.57440,8.53193,8.56482,6159
2019.02.21,00:00,8.56276,8.61894,8.55605,8.60197,7267
2019.02.22,00:00,8.59741,8.60957,8.56927,8.58213,7018
2019.02.25,00:00,8.58315,8.59060,8.53962,8.56883,6903
2019.02.26,00:00,8.57067,8.60032,8.52730,8.53655,7149
2019.02.27,00:00,8.53664,8.54445,8.49481,8.52706,7288
2019.02.28,00:00,8.52596,8.53951,8.48933,8.53681,7217
2019.03.01,00:00,8.53565,8.56856,8.51085,8.55800,6875
2019.03.04,00:00,8.53215,8.63265,8.53138,8.61872,7240
2019.03.05,00:00,8.61826,8.65925,8.61775,8.63642,7168
2019.03.06,00:00,8.63646,8.67013,8.62967,8.64059,7182
2019.03.07,00:00,8.64033,8.77270,8.63035,8.75307,7260
2019.03.08,00:00,8.75259,8.79364,8.71188,8.71930,7270
2019.03.11,00:00,8.72095,8.72642,8.63379,8.63855,7083
2019.03.12,00:00,8.63857,8.63910,8.59314,8.60908,7275
2019.03.13,00:00,8.60854,8.61644,8.53055,8.53943,7203
2019.03.14,00:00,8.53912,8.58698,8.52565,8.54437,6931
2019.03.15,00:00,8.54438,8.54596,8.50154,8.50521,6670
2019.03.18,00:00,8.50596,8.54083,8.48536,8.52139,6625
2019.03.19,00:00,8.52100,8.53092,8.48568,8.50208,6360
2019.03.20,00:00,8.50272,8.52343,8.43806,8.47625,6853
2019.03.21,00:00,8.47614,8.48371,8.38726,8.42954,7224
2019.03.22,00:00,8.42939,8.56338,8.41360,8.53041,7098
2019.03.25,00:00,8.53787,8.54877,8.48925,8.50833,6951
2019.03.26,00:00,8.50915,8.52776,8.48935,8.51949,7083
2019.03.27,00:00,8.51953,8.62613,8.51199,8.60312,7117
2019.03.28,00:00,8.60269,8.65494,8.59743,8.61320,7069
2019.03.29,00:00,8.61513,8.62889,8.56383,8.60067,6827
2019.04.01,00:00,8.58773,8.59412,8.54318,8.55687,7015
2019.04.02,00:00,8.55970,8.60461,8.55952,8.57603,6768
2019.04.03,00:00,8.57624,8.57919,8.51613,8.54738,6810
2019.04.04,00:00,8.54762,8.57594,8.53572,8.57523,6754
2019.04.05,00:00,8.57540,8.59770,8.56047,8.58636,6583
2019.04.08,00:00,8.58667,8.58927,8.50514,8.52278,6643
2019.04.09,00:00,8.52147,8.53869,8.49740,8.53068,6538
2019.04.10,00:00,8.53176,8.54252,8.46461,8.47061,6762
2019.04.11,00:00,8.47225,8.51862,8.45638,8.51161,6468
2019.04.12,00:00,8.51169,8.51169,8.45568,8.48690,34167
2019.04.15,00:00,8.48030,8.50278,8.47949,8.49013,67137
2019.04.16,00:00,8.48951,8.50597,8.47171,8.49040,88593
2019.04.17,00:00,8.49119,8.50107,8.45807,8.49006,74752
2019.04.18,00:00,8.48825,8.55902,8.48502,8.51150,85140
2019.04.19,00:00,8.51155,8.52194,8.50561,8.50965,4855
2019.04.22,00:00,8.51048,8.52400,8.48915,8.49747,34143
2019.04.23,00:00,8.49681,8.57473,8.48720,8.54220,64512
2019.04.24,00:00,8.54051,8.64746,8.53650,8.63174,93149
2019.04.25,00:00,8.62997,8.70358,8.62962,8.66877,89020
2019.04.26,00:00,8.66661,8.69900,8.64260,8.67480,95752
2019.04.29,00:00,8.67804,8.69587,8.64355,8.65014,67285
2019.04.30,00:00,8.64976,8.67301,8.60874,8.62680,72600
2019.05.01,00:00,8.62609,8.67777,8.60669,8.67256,73225
2019.05.02,00:00,8.67045,8.76872,8.65932,8.75432,90166
2019.05.03,00:00,8.75327,8.78721,8.68827,8.69497,80143
2019.05.06,00:00,8.74300,8.76295,8.71018,8.71746,78860
2019.05.07,00:00,8.71532,8.76709,8.69804,8.73440,86807
2019.05.08,00:00,8.73430,8.78372,8.72500,8.76713,95165
2019.05.09,00:00,8.76745,8.79658,8.73751,8.78173,111837
2019.05.10,00:00,8.77943,8.79709,8.70500,8.70507,98793
2019.05.13,00:00,8.72381,8.76865,8.70371,8.76502,94169
2019.05.14,00:00,8.76390,8.76860,8.71769,8.74320,98097
2019.05.15,00:00,8.74372,8.76234,8.70721,8.71377,82339
2019.05.16,00:00,8.71292,8.75555,8.68137,8.74629,68939
2019.05.17,00:00,8.73773,8.79950,8.73703,8.78785,77820
2019.05.20,00:00,8.78271,8.79328,8.75982,8.79071,86357
2019.05.21,00:00,8.79596,8.80385,8.74575,8.75924,62517
2019.05.22,00:00,8.75853,8.77456,8.72886,8.75329,62994
2019.05.23,00:00,8.75334,8.79746,8.74395,8.75320,98749
2019.05.24,00:00,8.75250,8.76503,8.67920,8.67920,99224
2019.05.27,00:00,8.68464,8.71767,8.67898,8.69956,40606
2019.05.28,00:00,8.70071,8.72313,8.67340,8.72286,98302
2019.05.29,00:00,8.71861,8.77615,8.71138,8.74650,75394
2019.05.30,00:00,8.74640,8.77603,8.73698,8.76600,66881
2019.05.31,00:00,8.76513,8.79399,8.73487,8.74951,110768
2019.06.03,00:00,8.75424,8.76684,8.68839,8.70060,105777
2019.06.04,00:00,8.70003,8.72210,8.66693,8.69395,99521
2019.06.05,00:00,8.69390,8.74629,8.65166,8.73470,108640
2019.06.06,00:00,8.72980,8.74244,8.68673,8.68864,128249
2019.06.07,00:00,8.68365,8.70901,8.60374,8.62100,99941
2019.06.10,00:00,8.61740,8.66659,8.61385,8.65360,77141
2019.06.11,00:00,8.64776,8.68426,8.61495,8.62780,91296
2019.06.12,00:00,8.62680,8.67119,8.61576,8.65800,78902
2019.06.13,00:00,8.65460,8.68189,8.64191,8.67869,83065
2019.06.14,00:00,8.67835,8.71977,8.66151,8.70959,85826
2019.06.17,00:00,8.71055,8.73595,8.70154,8.73027,65627
2019.06.18,00:00,8.72990,8.75824,8.71943,8.73617,91914
2019.06.19,00:00,8.73556,8.75234,8.68759,8.70240,83233
2019.06.20,00:00,8.70220,8.70350,8.53565,8.54879,112140
2019.06.21,00:00,8.54802,8.57688,8.48880,8.49661,100375
2019.06.24,00:00,8.50153,8.50853,8.46755,8.47797,82189
2019.06.25,00:00,8.47710,8.55843,8.47520,8.53185,99894
2019.06.26,00:00,8.53040,8.55007,8.47509,8.49424,98876
2019.06.27,00:00,8.49424,8.52471,8.48763,8.51290,90922
2019.06.28,00:00,8.51200,8.54348,8.50280,8.52200,86386
2019.07.01,00:00,8.51470,8.58919,8.50414,8.57640,101123
2019.07.02,00:00,8.57467,8.58828,8.54275,8.56336,99737
2019.07.03,00:00,8.56483,8.59472,8.53045,8.53253,87421
2019.07.04,00:00,8.53300,8.54680,8.51910,8.52910,46331
2019.07.05,00:00,8.52920,8.63777,8.52520,8.61370,85256
2019.07.08,00:00,8.61526,8.64505,8.59895,8.64000,71062
2019.07.09,00:00,8.63893,8.67523,8.63250,8.65010,69054
2019.07.10,00:00,8.64950,8.66313,8.56939,8.57992,96777
2019.07.11,00:00,8.57880,8.58170,8.53024,8.53777,85203
2019.07.12,00:00,8.53715,8.55777,8.51868,8.52690,74832
2019.07.15,00:00,8.52696,8.54954,8.52178,8.53867,69087
2019.07.16,00:00,8.53880,8.58218,8.53506,8.57155,75475
2019.07.17,00:00,8.57047,8.59243,8.56380,8.58620,55271
2019.07.18,00:00,8.58640,8.60820,8.52612,8.53375,73668
2019.07.19,00:00,8.53331,8.58484,8.52741,8.56880,83617
2019.07.22,00:00,8.57281,8.61409,8.56666,8.60474,63404
2019.07.23,00:00,8.60310,8.69419,8.60202,8.67650,66818
2019.07.24,00:00,8.67530,8.69509,8.62237,8.64080,64648
2019.07.25,00:00,8.63710,8.68473,8.62824,8.67155,87106
2019.07.26,00:00,8.67158,8.73097,8.67158,8.71020,64853
2019.07.29,00:00,8.70736,8.72856,8.66855,8.69180,48531
2019.07.30,00:00,8.69130,8.76623,8.68995,8.74870,68538
2019.07.31,00:00,8.74708,8.88400,8.74285,8.85587,88253
2019.08.01,00:00,8.85607,8.90264,8.84421,8.88516,106726
2019.08.02,00:00,8.88815,8.95580,8.87426,8.90613,121788
2019.08.05,00:00,8.91079,8.95060,8.89143,8.92150,119458
2019.08.06,00:00,8.92005,8.92790,8.88955,8.90362,110786
2019.08.07,00:00,8.90312,8.98460,8.88736,8.94812,141432
2019.08.08,00:00,8.94728,8.95868,8.90522,8.92599,97036
2019.08.09,00:00,8.92162,8.93076,8.84822,8.87400,98660
2019.08.12,00:00,8.86881,8.95079,8.86056,8.91320,98604
2019.08.13,00:00,8.91247,8.94132,8.86465,8.86940,117063
2019.08.14,00:00,8.86713,8.98894,8.86297,8.98029,122544
2019.08.15,00:00,8.97917,9.03643,8.93008,9.01460,147660
2019.08.16,00:00,9.01373,9.04314,8.98495,8.99775,99596
2019.08.19,00:00,8.98459,9.01575,8.95863,8.97758,60249
2019.08.20,00:00,8.97652,9.02142,8.96848,8.97944,67996
2019.08.21,00:00,8.97642,8.99838,8.93332,8.94281,69977
2019.08.22,00:00,8.94223,8.99918,8.93454,8.97432,82151
2019.08.23,00:00,8.97370,9.01349,8.92450,8.92990,108141
2019.08.26,00:00,8.95909,9.00593,8.95704,8.99581,129485
2019.08.27,00:00,9.00385,9.02922,8.98353,9.00508,91376
2019.08.28,00:00,9.00479,9.04718,9.00087,9.03950,69103
2019.08.29,00:00,9.01946,9.10768,9.01946,9.09406,90647
2019.08.30,00:00,9.09145,9.12958,9.07885,9.11660,88361
2019.09.02,00:00,9.11876,9.12868,9.09337,9.09575,28797
2019.09.03,00:00,9.09410,9.16355,9.09322,9.09890,83139
2019.09.04,00:00,9.09696,9.10577,9.02630,9.02913,84022
2019.09.05,00:00,9.02825,9.03531,8.96380,9.00442,99435
2019.09.06,00:00,9.00195,9.02222,8.96049,8.97065,86902
2019.09.09,00:00,8.98297,8.98714,8.91149,8.92338,69078
2019.09.10,00:00,8.92069,8.98632,8.91517,8.94921,79978
2019.09.11,00:00,8.94708,8.98310,8.93660,8.95506,68778
2019.09.12,00:00,8.95401,9.00988,8.91902,8.96960,80356
2019.09.13,00:00,8.94541,8.98790,8.93621,8.97840,79045
2019.09.16,00:00,8.91480,8.98876,8.91350,8.95536,92491
2019.09.17,00:00,8.95682,8.98238,8.91144,8.92245,83046
2019.09.18,00:00,8.91920,8.97904,8.91768,8.94456,87729
2019.09.19,00:00,8.94420,8.98375,8.87853,8.97859,79572
2019.09.20,00:00,8.97658,9.06946,8.96383,9.05053,71995
2019.09.23,00:00,9.06227,9.11540,9.04084,9.04289,76000
2019.09.24,00:00,9.04304,9.05011,8.98606,9.00470,75310
2019.09.25,00:00,9.00411,9.05699,9.00081,9.05560,68571
2019.09.26,00:00,9.05415,9.08954,9.03890,9.07490,68950
2019.09.27,00:00,9.07981,9.10082,9.06191,9.06770,72351
2019.09.30,00:00,9.07455,9.09904,9.06008,9.09034,87370
2019.10.01,00:00,9.08935,9.14766,9.08648,9.11897,88498
2019.10.02,00:00,9.11846,9.16051,9.11034,9.12915,86909
2019.10.03,00:00,9.12968,9.15327,9.10470,9.11325,76094
2019.10.04,00:00,9.11955,9.12674,9.08283,9.08980,67271
2019.10.07,00:00,9.08883,9.14283,9.08630,9.13994,67929
2019.10.08,00:00,9.13732,9.17875,9.12110,9.16070,73417
2019.10.09,00:00,9.15768,9.17786,9.14748,9.17390,64612
2019.10.10,00:00,9.17096,9.18028,9.10653,9.12253,86667
2019.10.11,00:00,9.12459,9.12552,9.04940,9.07336,81823
2019.10.14,00:00,9.07925,9.12376,9.07203,9.10551,53271
2019.10.15,00:00,9.10307,9.16772,9.09838,9.11545,81770
2019.10.16,00:00,9.11590,9.20462,9.11142,9.17523,105901
2019.10.17,00:00,9.17431,9.20979,9.13833,9.18304,101187
2019.10.18,00:00,9.18369,9.19605,9.14970,9.15310,78598
2019.10.21,00:00,9.15224,9.17369,9.08961,9.13517,93915
2019.10.22,00:00,9.13476,9.16267,9.11730,9.14552,82014
2019.10.23,00:00,9.14209,9.19327,9.11457,9.12089,75577
2019.10.24,00:00,9.11970,9.14774,9.08386,9.13515,83884
2019.10.25,00:00,9.13399,9.20105,9.12645,9.18850,62427
2019.10.28,00:00,9.19208,9.22352,9.17752,9.22008,55758
2019.10.29,00:00,9.22002,9.30451,9.21091,9.22379,75814
2019.10.30,00:00,9.22350,9.25933,9.17885,9.17968,82164
2019.10.31,00:00,9.17890,9.22165,9.15645,9.18940,89176
2019.11.01,00:00,9.18498,9.19720,9.08233,9.08254,69737
2019.11.04,00:00,9.08366,9.14145,9.07410,9.14063,70662
2019.11.05,00:00,9.14069,9.19989,9.10241,9.17936,86050
2019.11.06,00:00,9.17928,9.20305,9.12682,9.16970,75105
2019.11.07,00:00,9.16956,9.18573,9.07820,9.10838,89186
2019.11.08,00:00,9.10837,9.16504,9.10001,9.12635,70196
2019.11.11,00:00,9.13174,9.16491,9.12516,9.12605,53645
2019.11.12,00:00,9.12548,9.16823,9.12299,9.16257,67130
2019.11.13,00:00,9.16275,9.22561,9.15685,9.17968,72381
2019.11.14,00:00,9.17793,9.21464,9.15928,9.16164,58670
2019.11.15,00:00,9.15850,9.16759,9.07078,9.07890,56226
2019.11.18,00:00,9.08199,9.13268,9.06228,9.11379,58144
2019.11.19,00:00,9.11390,9.13553,9.09852,9.11960,51297
2019.11.20,00:00,9.11109,9.21188,9.10277,9.13187,72434
2019.11.21,00:00,9.12961,9.15818,9.09732,9.14303,64108
2019.11.22,00:00,9.14269,9.17038,9.11030,9.15240,64927
2019.11.25,00:00,9.16036,9.19866,9.12652,9.17440,60267
2019.11.26,00:00,9.17286,9.18549,9.14903,9.16575,57226
2019.11.27,00:00,9.16675,9.19152,9.15391,9.15642,58744
2019.11.28,00:00,9.15640,9.19275,9.14516,9.16402,40357
2019.11.29,00:00,9.16449,9.22147,9.16229,9.21439,56603
2019.12.02,00:00,9.19494,9.21872,9.14628,9.16037,70907
2019.12.03,00:00,9.15943,9.19281,9.13376,9.17763,70611
2019.12.04,00:00,9.17955,9.21502,9.14839,9.16689,70712
2019.12.05,00:00,9.16661,9.17687,9.12768,9.12990,55660
2019.12.06,00:00,9.12939,9.15658,9.11506,9.11946,60534
2019.12.09,00:00,9.12227,9.15148,9.12097,9.14160,49749
2019.12.10,00:00,9.14036,9.19986,9.13456,9.17254,62910
2019.12.11,00:00,9.16612,9.18371,9.10325,9.11099,67554
2019.12.12,00:00,9.11028,9.11114,9.06932,9.07184,89413
2019.12.13,00:00,9.07004,9.08002,8.99367,9.02520,103630
2019.12.16,00:00,9.02083,9.03281,8.97842,9.00711,63112
2019.12.17,00:00,9.00686,9.05608,8.99813,9.01547,70908
2019.12.18,00:00,9.01421,9.04398,8.99908,9.00447,71456
2019.12.19,00:00,8.99908,9.01037,8.94441,8.96528,75171
2019.12.20,00:00,8.96428,8.98310,8.94644,8.96730,77353
2019.12.23,00:00,8.96632,8.98437,8.93660,8.95277,118239
2019.12.24,00:00,8.95447,8.96700,8.90753,8.91360,78817
2019.12.26,00:00,8.90174,8.90710,8.86701,8.87976,20075
2019.12.27,00:00,8.87664,8.89292,8.80590,8.81104,127595
2019.12.30,00:00,8.81371,8.82584,8.77330,8.81332,105863
2019.12.31,00:00,8.80769,8.81791,8.76127,8.77255,116035
2020.01.01,00:00,8.77166,8.77166,8.77166,8.77166,1
2020.01.02,00:00,8.77405,8.81271,8.75343,8.79169,94468
2020.01.03,00:00,8.79377,8.85462,8.78974,8.82356,98262
2020.01.06,00:00,8.82496,8.85429,8.78401,8.79100,83835
2020.01.07,00:00,8.79102,8.87516,8.77332,8.84077,83508
2020.01.08,00:00,8.82894,8.87963,8.82894,8.86117,109173
2020.01.09,00:00,8.86097,8.90234,8.85265,8.88085,66905
2020.01.10,00:00,8.88163,8.91165,8.87056,8.87840,70479
2020.01.13,00:00,8.88171,8.91643,8.86205,8.89346,67406
2020.01.14,00:00,8.89565,8.90444,8.86394,8.87051,71117
2020.01.15,00:00,8.86920,8.89558,8.84950,8.86094,70813
2020.01.16,00:00,8.85834,8.89244,8.84500,8.88428,82939
2020.01.17,00:00,8.88325,8.91902,8.88037,8.90402,80541
2020.01.20,00:00,8.90125,8.93789,8.89092,8.92273,41336
2020.01.21,00:00,8.92108,8.99500,8.91813,8.99261,75350
2020.01.22,00:00,8.99119,8.99980,8.96120,8.97707,66841
2020.01.23,00:00,8.97332,9.02461,8.96217,8.99118,85618
2020.01.24,00:00,8.99032,9.05537,8.97334,9.04000,73938
2020.01.27,00:00,9.04433,9.15158,9.04104,9.14299,87020
2020.01.28,00:00,9.14215,9.18294,9.10899,9.10978,74068
2020.01.29,00:00,9.10948,9.18132,9.10771,9.15720,67789
2020.01.30,00:00,9.15685,9.23179,9.14415,9.17835,84501
2020.01.31,00:00,9.17541,9.24451,9.16430,9.19340,88298
2020.02.03,00:00,9.19319,9.28898,9.18351,9.27762,84866
2020.02.04,00:00,9.27575,9.28528,9.19970,9.20879,77523
2020.02.05,00:00,9.20684,9.24901,9.17410,9.20590,81531
2020.02.06,00:00,9.20587,9.25450,9.18044,9.21715,76103
2020.02.07,00:00,9.21276,9.30322,9.21276,9.29430,90529
2020.02.10,00:00,9.29257,9.30456,9.22931,9.28576,76689
2020.02.11,00:00,9.28547,9.29229,9.23107,9.24758,75749
2020.02.12,00:00,9.24703,9.24853,9.19661,9.22290,64794
2020.02.13,00:00,9.22254,9.27625,9.22121,9.24659,73760
2020.02.14,00:00,9.24199,9.27034,9.22385,9.24170,66928
2020.02.17,00:00,9.23060,9.26748,9.22961,9.25017,54165
2020.02.18,00:00,9.24955,9.33777,9.24506,9.32583,77112
2020.02.19,00:00,9.32541,9.33373,9.26386,9.26902,65900
2020.02.20,00:00,9.26482,9.33533,9.25991,9.31429,90868
2020.02.21,00:00,9.31268,9.36465,9.26510,9.27485,88249
2020.02.24,00:00,9.33310,9.38937,9.31300,9.35592,104846
2020.02.25,00:00,9.35393,9.40271,9.32564,9.35848,111316
2020.02.26,00:00,9.35803,9.40601,9.35216,9.39459,114190
2020.02.27,00:00,9.39066,9.41181,9.36633,9.38873,129134
2020.02.28,00:00,9.38725,9.49440,9.37601,9.38930,175274
2020.03.02,00:00,9.43275,9.43948,9.28538,9.28596,164722
2020.03.03,00:00,9.28384,9.33133,9.17801,9.27331,147555
2020.03.04,00:00,9.26800,9.29269,9.23075,9.25547,116289
2020.03.05,00:00,9.24920,9.30750,9.23898,9.27753,121794
2020.03.06,00:00,9.27673,9.33145,9.21975,9.25370,178106
2020.03.09,00:00,9.36131,9.68720,9.35588,9.56310,229000
2020.03.10,00:00,9.57239,9.63319,9.45553,9.58620,247012
2020.03.11,00:00,9.59196,9.70850,9.54265,9.68737,232157
2020.03.12,00:00,9.68959,10.31861,9.68157,10.15501,255156
2020.03.13,00:00,10.15557,10.24763,9.87848,10.04187,205946
2020.03.16,00:00,10.00020,10.39899,9.99036,10.27250,334052
2020.03.17,00:00,10.27072,10.58527,10.15730,10.49264,284600
2020.03.18,00:00,10.49309,11.52889,10.45044,11.28345,277857
2020.03.19,00:00,11.27563,12.12534,11.13423,11.20040,200352
2020.03.20,00:00,11.17780,11.90373,10.79355,11.77137,166601
2020.03.23,00:00,11.88741,11.94294,11.18216,11.57644,234615
2020.03.24,00:00,11.57531,11.60543,10.85480,11.09884,211739
2020.03.25,00:00,11.10958,11.14570,10.67341,10.74170,192957
2020.03.26,00:00,10.74195,10.82201,10.39376,10.40421,156306
2020.03.27,00:00,10.40363,10.72568,10.38713,10.49505,206444
2020.03.30,00:00,10.40953,10.66675,10.34616,10.54024,244227
2020.03.31,00:00,10.53055,10.60610,10.29005,10.39310,234726
2020.04.01,00:00,10.40781,10.52376,10.26286,10.44789,259970
2020.04.02,00:00,10.44562,10.48657,10.21999,10.38212,224116
2020.04.03,00:00,10.38360,10.64182,10.36886,10.59898,247388
2020.04.06,00:00,10.58311,10.59533,10.39960,10.42290,250642
2020.04.07,00:00,10.42075,10.48758,10.12359,10.27530,216493
2020.04.08,00:00,10.27548,10.37485,10.23212,10.24635,230643
2020.04.09,00:00,10.24425,10.33763,10.13012,10.23036,244511
2020.04.10,00:00,10.22449,10.26083,10.19531,10.21779,9882
2020.04.13,00:00,10.20122,10.33890,10.15795,10.31135,219174
2020.04.14,00:00,10.31274,10.34012,10.20085,10.30191,206617
2020.04.15,00:00,10.30264,10.57927,10.28617,10.50242,268835
2020.04.16,00:00,10.50282,10.58290,10.41245,10.44779,233781
2020.04.17,00:00,10.44959,10.52247,10.30700,10.32082,217646
2020.04.20,00:00,10.30623,10.47787,10.26224,10.44577,239871
2020.04.21,00:00,10.44681,10.68862,10.40534,10.64341,244238
2020.04.22,00:00,10.64041,10.79985,10.55751,10.76023,214816
2020.04.23,00:00,10.76017,10.80443,10.53077,10.62999,180306
2020.04.24,00:00,10.63003,10.71844,10.59236,10.61630,221304
2020.04.27,00:00,10.64287,10.64871,10.50300,10.50658,188879
2020.04.28,00:00,10.50313,10.55380,10.34477,10.39950,216747
2020.04.29,00:00,10.40324,10.42808,10.29940,10.31387,190465
2020.04.30,00:00,10.31801,10.35974,10.20320,10.23850,223863
2020.05.01,00:00,10.24135,10.35595,10.22380,10.29700,193286
2020.05.04,00:00,10.34430,10.47287,10.30436,10.31878,199498
2020.05.05,00:00,10.31711,10.34975,10.22248,10.25554,179596
2020.05.06,00:00,10.25789,10.31739,10.23358,10.27082,182962
2020.05.07,00:00,10.27110,10.36455,10.20448,10.23940,173410
2020.05.08,00:00,10.23529,10.25751,10.17430,10.21188,117922
2020.05.11,00:00,10.19948,10.30715,10.15875,10.29070,114517
2020.05.12,00:00,10.29953,10.36285,10.09217,10.16922,114741
2020.05.13,00:00,10.16940,10.19851,10.03359,10.15767,135965
2020.05.14,00:00,10.15818,10.27258,10.14316,10.14655,133263
2020.05.15,00:00,10.14370,10.26967,10.13073,10.23170,137254
2020.05.18,00:00,10.22900,10.24025,10.01461,10.01867,148645
2020.05.19,00:00,10.02035,10.08371,9.91186,9.97526,175779
2020.05.20,00:00,9.97982,10.02030,9.88583,9.89893,140614
2020.05.21,00:00,9.89680,9.98454,9.87800,9.93671,133103
2020.05.22,00:00,9.92975,10.09893,9.92407,9.98890,107092
2020.05.25,00:00,10.00432,10.06298,9.98960,10.04937,73308
2020.05.26,00:00,10.04874,10.05924,9.85898,9.88187,106801
2020.05.27,00:00,9.88270,9.94511,9.80096,9.85425,149431
2020.05.28,00:00,9.85903,9.91035,9.73944,9.77403,121064
2020.05.29,00:00,9.77280,9.79394,9.65625,9.70000,149175
2020.05.31,00:00,9.70462,9.73635,9.69682,9.70295,78
2020.06.01,00:00,9.70294,9.76448,9.60936,9.60955,123339
2020.06.02,00:00,9.60923,9.64550,9.51667,9.54468,134408
2020.06.03,00:00,9.54145,9.57064,9.42312,9.45519,155483
2020.06.04,00:00,9.44840,9.51369,9.31079,9.35303,139543
2020.06.05,00:00,9.35260,9.36878,9.25856,9.29120,148557
2020.06.07,00:00,9.29458,9.29663,9.28698,9.28699,48
2020.06.08,00:00,9.28700,9.31112,9.23838,9.25879,113836
2020.06.09,00:00,9.25128,9.42270,9.21603,9.27941,138973
2020.06.10,00:00,9.26959,9.37778,9.19658,9.28575,173403
2020.06.11,00:00,9.28924,9.63073,9.27070,9.60415,205028
2020.06.12,00:00,9.60298,9.72670,9.50788,9.62830,226697
2020.06.14,00:00,9.65266,9.66367,9.65266,9.65849,34
2020.06.15,00:00,9.66066,9.81144,9.50258,9.53715,241827
2020.06.16,00:00,9.53748,9.64048,9.45045,9.56808,210209
2020.06.17,00:00,9.55521,9.61050,9.49702,9.52202,196303
2020.06.18,00:00,9.50735,9.57491,9.44176,9.52475,204562
2020.06.19,00:00,9.52200,9.67101,9.48799,9.64515,210702
2020.06.21,00:00,9.60017,9.65904,9.60017,9.65904,48
2020.06.22,00:00,9.65760,9.71728,9.57264,9.58815,168579
2020.06.23,00:00,9.57878,9.68529,9.45799,9.52238,211170
2020.06.24,00:00,9.52305,9.68755,9.47759,9.66788,182429
2020.06.25,00:00,9.63731,9.73834,9.63390,9.65067,203838
2020.06.26,00:00,9.64817,9.75316,9.63069,9.68240,135213
2020.06.28,00:00,9.66745,9.66970,9.66657,9.66657,80
2020.06.29,00:00,9.66571,9.73221,9.64367,9.67290,160670
2020.06.30,00:00,9.67305,9.76811,9.61130,9.63172,126361
2020.07.01,00:00,9.60659,9.63217,9.50594,9.51384,177511
2020.07.02,00:00,9.51504,9.56850,9.43593,9.53056,157779
2020.07.03,00:00,9.53250,9.54367,9.45608,9.45907,129485
2020.07.05,00:00,9.48316,9.48956,9.48232,9.48956,166
2020.07.06,00:00,9.48778,9.52695,9.35762,9.39475,131497
2020.07.07,00:00,9.39759,9.49829,9.34988,9.48879,166097
2020.07.08,00:00,9.47430,9.51554,9.37208,9.37640,164937
2020.07.09,00:00,9.37167,9.47605,9.33950,9.46701,170355
2020.07.10,00:00,9.46682,9.54603,9.39099,9.43128,176191
2020.07.13,00:00,9.43226,9.46425,9.36021,9.45470,130870
2020.07.14,00:00,9.45670,9.48294,9.36997,9.37311,167051
2020.07.15,00:00,9.36795,9.38688,9.26497,9.27065,153463
2020.07.16,00:00,9.27207,9.34929,9.24910,9.30825,144978
2020.07.17,00:00,9.29428,9.31435,9.26746,9.28480,113158
2020.07.20,00:00,9.28560,9.31499,9.21766,9.22740,115246
2020.07.21,00:00,9.21316,9.23186,9.08025,9.11281,127833
2020.07.22,00:00,9.11157,9.18278,9.06991,9.06991,155060
2020.07.23,00:00,9.14328,9.23698,9.07012,9.21316,124992
2020.07.24,00:00,9.20866,9.25798,9.13049,9.15156,162314
2020.07.27,00:00,9.15429,9.17705,9.05435,9.09302,163410
2020.07.28,00:00,9.09354,9.15188,9.04951,9.10680,157705
2020.07.29,00:00,9.10432,9.13549,9.02011,9.02440,162349
2020.07.30,00:00,9.02706,9.17006,9.01930,9.01930,165738
2020.07.31,00:00,9.03416,9.13089,9.02042,9.07409,170097
2020.08.03,00:00,9.07454,9.17646,9.04779,9.12845,142055
2020.08.04,00:00,9.12329,9.16822,9.08265,9.08272,130768
2020.08.05,00:00,9.08493,9.10598,8.91695,8.94715,155662
2020.08.06,00:00,8.94197,9.01770,8.90206,8.96658,176280
2020.08.07,00:00,8.96489,9.07811,8.94662,9.02530,179984
2020.08.10,00:00,8.99256,9.06521,8.98956,9.03351,138596
2020.08.11,00:00,9.03215,9.05414,8.93011,9.00105,152007
2020.08.12,00:00,8.99723,9.05016,8.90777,8.93919,137331
2020.08.13,00:00,8.93346,8.94146,8.85238,8.87896,128170
2020.08.14,00:00,8.87740,8.94975,8.86490,8.87680,128336
2020.08.17,00:00,8.88100,8.90708,8.83055,8.84545,113902
2020.08.18,00:00,8.84403,8.85899,8.79217,8.84367,120541
2020.08.19,00:00,8.84134,8.91349,8.81712,8.91315,122573
2020.08.20,00:00,8.90215,9.01543,8.87615,8.91861,130955
2020.08.21,00:00,8.91814,9.06266,8.87951,9.00337,114782
2020.08.23,00:00,9.02717,9.02717,9.02001,9.02135,3369
2020.08.24,00:00,9.02135,9.03450,8.95743,8.99816,429418
2020.08.25,00:00,8.99816,9.01343,8.92467,8.94915,292912
2020.08.26,00:00,8.94873,8.98508,8.86595,8.87370,103964
2020.08.27,00:00,8.87078,8.97440,8.83608,8.91058,133381
2020.08.28,00:00,8.90519,8.92303,8.77480,8.78920,144517
2020.08.31,00:00,8.78898,8.81443,8.66910,8.73150,117593
2020.09.01,00:00,8.71247,8.77612,8.64875,8.75605,111856
2020.09.02,00:00,8.75192,8.87023,8.74408,8.83405,128752
2020.09.03,00:00,8.82772,8.97130,8.82454,8.91078,128679
2020.09.04,00:00,8.90886,9.00381,8.86020,8.90000,163560
2020.09.07,00:00,8.89684,8.94898,8.89005,8.92437,100717
2020.09.08,00:00,8.92258,9.13795,8.91036,9.12807,153643
2020.09.09,00:00,9.11864,9.18076,8.99651,9.01496,130935
2020.09.10,00:00,9.01020,9.09628,8.92582,9.06879,167299
2020.09.11,00:00,9.06834,9.07327,9.00058,9.02400,131742
2020.09.14,00:00,9.03820,9.04443,8.98303,9.03116,117999
2020.09.15,00:00,9.02813,9.05273,8.98750,9.02799,95358
2020.09.16,00:00,9.02522,9.05740,8.96889,9.01351,105661
2020.09.17,00:00,9.01065,9.13183,9.00505,9.04150,119893
2020.09.18,00:00,9.03598,9.09974,9.01489,9.08534,105720
2020.09.21,00:00,9.08028,9.33425,9.06262,9.28105,126629
2020.09.22,00:00,9.27661,9.37890,9.24790,9.34172,134620
2020.09.23,00:00,9.34151,9.50512,9.32594,9.48408,147251
2020.09.24,00:00,9.48510,9.59548,9.44149,9.48170,142258
2020.09.25,00:00,9.48048,9.61545,9.46629,9.56161,115215
2020.09.28,00:00,9.57729,9.58680,9.45462,9.46924,132551
2020.09.29,00:00,9.46503,9.50624,9.38703,9.41350,88533
2020.09.30,00:00,9.40473,9.49533,9.32148,9.32837,129980
2020.10.01,00:00,9.32198,9.34920,9.24949,9.29800,110060
2020.10.02,00:00,9.30768,9.40684,9.25360,9.29626,123234
2020.10.05,00:00,9.29648,9.32805,9.19532,9.20048,85945
2020.10.06,00:00,9.19095,9.37245,9.15873,9.35280,135031
2020.10.07,00:00,9.35460,9.37780,9.27053,9.28962,118376
2020.10.08,00:00,9.29017,9.30773,9.24720,9.24800,82161
2020.10.09,00:00,9.24377,9.25875,9.12194,9.12440,86430
2020.10.12,00:00,9.14040,9.16379,9.11950,9.13447,97523
2020.10.13,00:00,9.13344,9.24751,9.11259,9.22270,87816
2020.10.14,00:00,9.22340,9.27236,9.18056,9.23796,100634
2020.10.15,00:00,9.23812,9.41023,9.22774,9.34081,103394
2020.10.16,00:00,9.33591,9.40628,9.27785,9.35860,95274
2020.10.19,00:00,9.33684,9.38192,9.26776,9.30123,72472
2020.10.20,00:00,9.29232,9.35148,9.24741,9.27261,82336
2020.10.21,00:00,9.27240,9.30771,9.17727,9.20887,100717
2020.10.22,00:00,9.20476,9.26127,9.19732,9.24771,94355
2020.10.23,00:00,9.24796,9.29496,9.19750,9.21942,110931
2020.10.26,00:00,9.20687,9.32140,9.20687,9.24297,122213
2020.10.27,00:00,9.23799,9.24695,9.12426,9.17640,107614
2020.10.28,00:00,9.17330,9.38374,9.16133,9.36884,114295
2020.10.29,00:00,9.36287,9.59459,9.31021,9.54153,133848
2020.10.30,00:00,9.52357,9.59851,9.45823,9.52080,148022
2020.11.02,00:00,9.50075,9.60715,9.50070,9.55522,157635
2020.11.03,00:00,9.55237,9.57608,9.34647,9.36370,121289
2020.11.04,00:00,9.36681,9.58990,9.28681,9.31290,188351
2020.11.05,00:00,9.30904,9.36603,9.12325,9.15581,149438
2020.11.06,00:00,9.14887,9.24313,9.12138,9.14160,162699
2020.11.09,00:00,9.12682,9.16740,8.96499,9.03966,170865
2020.11.10,00:00,9.04117,9.05622,8.97948,9.00667,164000
2020.11.11,00:00,9.00617,9.10066,8.96547,9.07380,129172
2020.11.12,00:00,9.06500,9.18640,9.02923,9.16792,133093
2020.11.13,00:00,9.16724,9.19140,9.11951,9.15680,141336
2020.11.16,00:00,9.12432,9.15603,9.00621,9.04725,131520
2020.11.17,00:00,9.04605,9.10124,9.02543,9.05826,109580
2020.11.18,00:00,9.05711,9.09388,8.97749,9.01297,126531
2020.11.19,00:00,9.01396,9.09349,8.97788,8.99320,128035
2020.11.20,00:00,8.99080,9.06179,8.96599,9.00482,124805
2020.11.23,00:00,8.99778,9.08481,8.95314,9.02634,147530
2020.11.24,00:00,9.01118,9.03134,8.89082,8.89262,140542
2020.11.25,00:00,8.89112,8.92917,8.82262,8.82612,146688
2020.11.26,00:00,8.82305,8.90261,8.81319,8.86869,124939
2020.11.27,00:00,8.86632,8.88231,8.80598,8.81796,150456
2020.11.30,00:00,8.80800,8.90269,8.78188,8.89405,151882
2020.12.01,00:00,8.85876,8.90284,8.79915,8.80285,154611
2020.12.02,00:00,8.79190,8.89535,8.78922,8.79590,142711
2020.12.03,00:00,8.79604,8.84630,8.73688,8.74720,116464
2020.12.04,00:00,8.74916,8.80964,8.70168,8.79200,123057
2020.12.07,00:00,8.78440,8.91920,8.69611,8.73951,131234
2020.12.08,00:00,8.73456,8.79053,8.72074,8.76230,124642
2020.12.09,00:00,8.76246,8.85421,8.68835,8.82307,120853
2020.12.10,00:00,8.81730,8.84825,8.74546,8.77094,120775
2020.12.11,00:00,8.77059,8.86959,8.74201,8.80400,141852
2020.12.14,00:00,8.76410,8.81403,8.68935,8.73660,143083
2020.12.15,00:00,8.72295,8.75430,8.69960,8.70900,115936
2020.12.16,00:00,8.70584,8.73240,8.63930,8.66120,131213
2020.12.17,00:00,8.65836,8.67084,8.55084,8.55758,112486
2020.12.18,00:00,8.55586,8.62330,8.55138,8.56800,101642
2020.12.21,00:00,8.59990,8.86682,8.57817,8.62212,147129
2020.12.22,00:00,8.62041,8.75080,8.61093,8.73424,129444
2020.12.23,00:00,8.73049,8.75790,8.62940,8.63845,173430
2020.12.24,00:00,8.63736,8.64641,8.59920,8.63936,120208
2020.12.28,00:00,8.61589,8.69740,8.59645,8.62668,103988
2020.12.29,00:00,8.62222,8.64379,8.57816,8.61132,128891
2020.12.30,00:00,8.61242,8.62360,8.53287,8.53920,92310
2020.12.31,00:00,8.53550,8.59270,8.50847,8.56710,82202
2021.01.04,00:00,8.54710,8.58761,8.47427,8.54813,164814
2021.01.05,00:00,8.54597,8.55840,8.45738,8.45898,163642
2021.01.06,00:00,8.45830,8.49464,8.38896,8.40240,175705
2021.01.07,00:00,8.40420,8.47230,8.39258,8.42120,141150
2021.01.08,00:00,8.42147,8.47937,8.36095,8.40538,151815
2021.01.11,00:00,8.41029,8.58690,8.39654,8.52757,154314
2021.01.12,00:00,8.52496,8.55331,8.44206,8.44730,157522
2021.01.13,00:00,8.44580,8.51510,8.41669,8.45730,155952
2021.01.14,00:00,8.45654,8.52404,8.43499,8.45508,144632
2021.01.15,00:00,8.44901,8.57473,8.44135,8.55890,161876
2021.01.18,00:00,8.54750,8.64384,8.54662,8.58930,128542
2021.01.19,00:00,8.58629,8.59648,8.51350,8.53810,145271
2021.01.20,00:00,8.53633,8.54121,8.47828,8.48954,150304
2021.01.21,00:00,8.49070,8.49325,8.39444,8.40429,129906
2021.01.22,00:00,8.40253,8.50640,8.39691,8.48990,132201
2021.01.25,00:00,8.48840,8.59814,8.44947,8.53017,154112
2021.01.26,00:00,8.52375,8.62400,8.50540,8.54350,136859
2021.01.27,00:00,8.54297,8.69925,8.52320,8.64690,182042
2021.01.28,00:00,8.64365,8.72843,8.57061,8.59590,185021
2021.01.29,00:00,8.59162,8.65590,8.48555,8.53559,166433
2021.02.01,00:00,8.56761,8.62067,8.54768,8.59360,127077
2021.02.02,00:00,8.58364,8.65085,8.54714,8.59851,162346
2021.02.03,00:00,8.59849,8.63432,8.57840,8.58140,121215
2021.02.04,00:00,8.58210,8.65211,8.57420,8.63630,128934
2021.02.05,00:00,8.63160,8.64730,8.51765,8.52160,120561
2021.02.08,00:00,8.53280,8.54948,8.49216,8.49700,95599
2021.02.09,00:00,8.49339,8.50155,8.44038,8.44191,93521
2021.02.10,00:00,8.43797,8.46695,8.40528,8.46240,124566
2021.02.11,00:00,8.44925,8.48908,8.43785,8.46920,94243
2021.02.12,00:00,8.46739,8.51568,8.44756,8.45682,80767
