2016.01.10,22:00,1.44224,1.44444,1.43201,1.4345,1713
2016.01.11,22:00,1.43289,1.44094,1.43238,1.43816,1186
2016.01.12,22:00,1.4382,1.43872,1.43086,1.4367,1423
2016.01.13,22:00,1.4368,1.44096,1.43628,1.4368,937
2016.01.14,22:00,1.43675,1.44269,1.43625,1.44002,962
2016.01.16,22:00,1.44092,1.44092,1.44092,1.44092,1
2016.01.17,22:00,1.44091,1.44096,1.43811,1.43961,441
2016.01.18,22:00,1.43956,1.44013,1.43336,1.4371,1109
2016.01.19,22:00,1.43707,1.44122,1.4354,1.43768,1104
2016.01.20,22:00,1.43767,1.43968,1.43212,1.43225,971
2016.01.21,22:00,1.43223,1.43434,1.42534,1.42921,1499
2016.01.23,22:00,1.4295,1.42958,1.42893,1.42901,82
2016.01.24,22:00,1.429,1.4317,1.42625,1.4302,971
2016.01.25,22:00,1.43028,1.43288,1.42419,1.42662,1373
2016.01.26,22:00,1.42677,1.43262,1.42448,1.43248,1058
2016.01.27,22:00,1.43251,1.43277,1.42338,1.42795,1423
2016.01.28,22:00,1.42808,1.43104,1.42037,1.42455,1782
2016.01.30,22:00,1.425,1.425,1.42332,1.42332,169
2016.01.31,22:00,1.42337,1.42782,1.4218,1.4226,1128
2016.02.01,22:00,1.42269,1.42941,1.42178,1.42855,941
2016.02.02,22:00,1.42868,1.43359,1.41142,1.4137,2937
2016.02.03,22:00,1.41376,1.4169,1.39493,1.39745,2764
2016.02.04,22:00,1.39746,1.40961,1.39348,1.40665,2308
2016.02.07,22:00,1.40635,1.41052,1.4027,1.4047,1400
2016.02.08,22:00,1.40483,1.40848,1.39508,1.3967,1868
2016.02.09,22:00,1.39679,1.39782,1.39067,1.39165,917
2016.02.10,22:00,1.39145,1.39355,1.38614,1.38965,1303
2016.02.11,22:00,1.38955,1.39967,1.38845,1.39803,1397
2016.02.14,22:00,1.39476,1.40302,1.39476,1.4004,1089
2016.02.15,22:00,1.4002,1.40676,1.39672,1.40552,1477
2016.02.16,22:00,1.40559,1.41133,1.40257,1.40332,1526
2016.02.17,22:00,1.40334,1.4058,1.40104,1.40275,894
2016.02.18,22:00,1.40272,1.40937,1.40234,1.40518,1161
2016.02.20,22:00,1.4043,1.40479,1.4042,1.40479,70
2016.02.21,22:00,1.4043,1.40758,1.39833,1.3996,1381
2016.02.22,22:00,1.39967,1.40917,1.39861,1.40748,1332
2016.02.23,22:00,1.40743,1.41099,1.40245,1.40551,1517
2016.02.24,22:00,1.40513,1.40597,1.40019,1.40186,830
2016.02.25,22:00,1.4019,1.40988,1.39883,1.40781,1620
2016.02.27,22:00,1.40928,1.40955,1.40916,1.40946,61
2016.02.28,22:00,1.40949,1.41189,1.40383,1.40665,1329
2016.02.29,22:00,1.40652,1.4071,1.39927,1.40067,982
2016.03.01,22:00,1.40085,1.40452,1.39681,1.39687,1145
2016.03.02,22:00,1.39697,1.39893,1.38811,1.38899,1367
2016.03.03,22:00,1.3889,1.38956,1.37334,1.37482,1837
2016.03.05,22:00,1.37494,1.37598,1.3746,1.37593,178
2016.03.06,22:00,1.37575,1.38395,1.37422,1.37834,1688
2016.03.07,22:00,1.37838,1.38706,1.3783,1.38485,1106
2016.03.08,22:00,1.38505,1.38835,1.3781,1.38261,1807
2016.03.09,22:00,1.38263,1.38842,1.37846,1.38042,1772
2016.03.10,22:00,1.38044,1.38233,1.36987,1.37318,1767
2016.03.12,22:00,1.37359,1.37359,1.37287,1.37288,74
2016.03.13,22:00,1.37281,1.37784,1.37221,1.37664,744
2016.03.14,22:00,1.37669,1.38264,1.37516,1.38085,1081
2016.03.15,22:00,1.38088,1.38524,1.36413,1.3649,2625
2016.03.16,22:00,1.36497,1.36732,1.34873,1.35033,2255
2016.03.17,22:00,1.3505,1.35924,1.34804,1.35865,1426
2016.03.19,22:00,1.35817,1.35817,1.35723,1.35723,95
2016.03.20,22:00,1.35731,1.36211,1.35688,1.36002,776
2016.03.21,22:00,1.35992,1.36433,1.35691,1.36078,1399
2016.03.22,22:00,1.36066,1.3687,1.35808,1.36725,1466
2016.03.23,22:00,1.36724,1.37197,1.36681,1.37002,755
2016.03.24,22:00,1.36984,1.37376,1.36978,1.37108,673
2016.03.26,22:00,1.37127,1.37127,1.37126,1.37126,2
2016.03.27,21:00,1.37125,1.37382,1.36809,1.36983,1005
2016.03.28,21:00,1.36982,1.37093,1.35267,1.3543,2101
2016.03.29,21:00,1.35374,1.35848,1.34625,1.3503,2103
2016.03.30,21:00,1.35015,1.35258,1.34147,1.34828,2036
2016.03.31,21:00,1.34837,1.35533,1.345,1.34998,1906
2016.04.03,21:00,1.3496,1.35379,1.3472,1.35204,1075
2016.04.04,21:00,1.35201,1.35929,1.35133,1.35508,1286
2016.04.05,21:00,1.35667,1.35741,1.3453,1.34746,1502
2016.04.06,21:00,1.34736,1.35365,1.34574,1.35274,1045
2016.04.07,21:00,1.35245,1.35474,1.34619,1.34845,1311
2016.04.10,21:00,1.34881,1.34996,1.34223,1.34354,1020
2016.04.11,21:00,1.3441,1.34932,1.34304,1.3435,1197
2016.04.12,21:00,1.34438,1.35337,1.3428,1.35051,1502
2016.04.13,21:00,1.3507,1.36682,1.34904,1.36333,2294
2016.04.14,21:00,1.36319,1.36588,1.3561,1.35823,1461
2016.04.16,21:00,1.3569,1.35736,1.3569,1.35728,55
2016.04.17,21:00,1.35715,1.36224,1.35059,1.35133,1749
2016.04.18,21:00,1.35131,1.35225,1.33516,1.33641,1929
2016.04.19,21:00,1.33677,1.34477,1.33618,1.34435,961
2016.04.20,21:00,1.34438,1.35091,1.34241,1.34937,1202
2016.04.21,21:00,1.34935,1.3554,1.34678,1.35503,1157
2016.04.23,21:00,1.35426,1.35584,1.3536,1.3557,305
2016.04.24,21:00,1.3558,1.35628,1.35069,1.35204,743
2016.04.25,21:00,1.35189,1.35577,1.34913,1.35152,1292
2016.04.26,21:00,1.35164,1.35624,1.34777,1.34955,1486
2016.04.27,21:00,1.34952,1.35019,1.34162,1.34503,1266
2016.04.28,21:00,1.34495,1.34725,1.34041,1.34484,1358
2016.04.30,21:00,1.34569,1.34645,1.34452,1.3455,368
2016.05.01,21:00,1.34524,1.34589,1.34044,1.34056,623
2016.05.02,21:00,1.34049,1.35281,1.33906,1.35248,1552
2016.05.03,21:00,1.35255,1.35942,1.35069,1.35829,1173
2016.05.04,21:00,1.3583,1.36087,1.35316,1.35874,1499
2016.05.05,21:00,1.35886,1.36238,1.35355,1.36142,1511
2016.05.07,21:00,1.36219,1.36252,1.3603,1.36218,444
2016.05.08,21:00,1.36213,1.37245,1.35933,1.37192,1646
2016.05.09,21:00,1.37155,1.37302,1.36729,1.36875,867
2016.05.10,21:00,1.3686,1.37111,1.36486,1.36596,987
2016.05.11,21:00,1.36634,1.37336,1.36545,1.3729,927
2016.05.12,21:00,1.37305,1.37601,1.36984,1.3718,1110
2016.05.14,21:00,1.37403,1.37418,1.37376,1.37418,70
2016.05.15,21:00,1.37414,1.37419,1.36681,1.3694,1003
2016.05.16,21:00,1.36949,1.37149,1.36556,1.36941,1179
2016.05.17,21:00,1.36952,1.38281,1.36855,1.38207,1598
2016.05.18,21:00,1.3821,1.38289,1.37768,1.38122,955
2016.05.19,21:00,1.37977,1.38286,1.37797,1.382,756
2016.05.21,21:00,1.38116,1.38128,1.38116,1.38128,13
2016.05.22,21:00,1.38087,1.3815,1.37715,1.37794,578
2016.05.23,21:00,1.37793,1.38422,1.37754,1.3815,980
2016.05.24,21:00,1.38156,1.3829,1.3777,1.37817,702
2016.05.25,21:00,1.37819,1.37869,1.37203,1.3736,874
2016.05.26,21:00,1.37362,1.38045,1.37209,1.37981,1054
2016.05.28,21:00,1.3804,1.3805,1.38035,1.3804,31
2016.05.29,21:00,1.38037,1.38369,1.37957,1.38165,697
2016.05.30,21:00,1.38166,1.3817,1.37573,1.37769,798
2016.05.31,21:00,1.37772,1.37994,1.37539,1.37691,830
2016.06.01,21:00,1.37688,1.37779,1.37393,1.37581,666
2016.06.02,21:00,1.3758,1.3774,1.35704,1.35735,2228
2016.06.05,21:00,1.3577,1.3626,1.3539,1.35578,1549
2016.06.06,21:00,1.35575,1.35886,1.35125,1.35134,1082
2016.06.07,21:00,1.35133,1.35377,1.34533,1.3471,1266
2016.06.08,21:00,1.34717,1.35464,1.34491,1.35282,1382
2016.06.09,21:00,1.35278,1.36137,1.35226,1.36057,1044
2016.06.11,21:00,1.36034,1.36067,1.36034,1.36035,66
2016.06.12,21:00,1.36034,1.3623,1.35306,1.35512,1327
2016.06.13,21:00,1.35516,1.35715,1.35176,1.35504,1067
2016.06.14,21:00,1.35501,1.35827,1.34857,1.35254,1694
2016.06.15,21:00,1.35251,1.35463,1.34644,1.34876,1264
2016.06.16,21:00,1.34877,1.35186,1.34604,1.34824,1112
2016.06.18,21:00,1.34667,1.34671,1.34621,1.34638,72
2016.06.19,21:00,1.34637,1.34961,1.34205,1.34298,1174
2016.06.20,21:00,1.3431,1.3453,1.33942,1.34328,1159
2016.06.21,21:00,1.34287,1.3438,1.33676,1.33832,954
2016.06.22,21:00,1.33858,1.34072,1.33132,1.33737,1760
2016.06.23,21:00,1.3377,1.37242,1.33651,1.35186,5767
2016.06.25,21:00,1.35378,1.35592,1.35351,1.35544,317
2016.06.26,21:00,1.35554,1.36476,1.35305,1.36286,1611
2016.06.27,21:00,1.36296,1.36337,1.3521,1.3536,1319
2016.06.28,21:00,1.35397,1.35544,1.34568,1.34801,1357
2016.06.29,21:00,1.34818,1.35474,1.34404,1.34718,2041
2016.06.30,21:00,1.34725,1.3483,1.34098,1.34626,1366
2016.07.02,21:00,1.346,1.34632,1.34574,1.34599,116
2016.07.03,21:00,1.34612,1.34683,1.34259,1.34544,781
2016.07.04,21:00,1.34547,1.35208,1.34532,1.35155,745
2016.07.05,21:00,1.35144,1.35707,1.34952,1.35033,1400
2016.07.06,21:00,1.3503,1.35152,1.34622,1.34989,1020
2016.07.07,21:00,1.34972,1.35418,1.34345,1.34598,1773
2016.07.09,21:00,1.34583,1.34583,1.34548,1.34548,36
2016.07.10,21:00,1.34565,1.3517,1.34428,1.35142,908
2016.07.11,21:00,1.3514,1.35283,1.34532,1.346,963
2016.07.12,21:00,1.346,1.34975,1.34527,1.34674,823
2016.07.13,21:00,1.34672,1.34807,1.3409,1.34244,1007
2016.07.14,21:00,1.34234,1.34886,1.34214,1.34611,968
2016.07.16,21:00,1.34629,1.34731,1.34582,1.34615,285
2016.07.17,21:00,1.34614,1.34979,1.346,1.34748,625
2016.07.18,21:00,1.34745,1.35505,1.34735,1.35357,929
2016.07.19,21:00,1.35354,1.36024,1.35271,1.35646,1215
2016.07.20,21:00,1.3565,1.35956,1.35294,1.35542,1217
2016.07.21,21:00,1.35545,1.35948,1.35381,1.3583,850
2016.07.23,21:00,1.35882,1.35915,1.35882,1.35898,51
2016.07.24,21:00,1.3589,1.36319,1.35827,1.36199,676
2016.07.25,21:00,1.36222,1.36388,1.3556,1.35851,1286
2016.07.26,21:00,1.35848,1.36128,1.35258,1.35356,1249
2016.07.27,21:00,1.35304,1.35467,1.34824,1.35413,1178
2016.07.28,21:00,1.35416,1.35423,1.33921,1.34134,1723
2016.07.30,21:00,1.34001,1.34196,1.33906,1.34196,386
2016.07.31,21:00,1.34056,1.34309,1.33738,1.34211,988
2016.08.01,21:00,1.3421,1.34439,1.33573,1.33994,1517
2016.08.02,21:00,1.33947,1.34389,1.33857,1.34191,821
2016.08.03,21:00,1.34151,1.3439,1.33957,1.34226,792
2016.08.04,21:00,1.3419,1.34835,1.3397,1.34601,1320
2016.08.06,21:00,1.34645,1.34655,1.34645,1.34654,12
2016.08.07,21:00,1.34654,1.34931,1.34593,1.34664,667
2016.08.08,21:00,1.34666,1.34916,1.34368,1.34384,815
2016.08.09,21:00,1.34402,1.34477,1.33718,1.34172,1289
2016.08.10,21:00,1.34166,1.34461,1.33957,1.34326,849
2016.08.11,21:00,1.34328,1.34716,1.34172,1.34581,836
2016.08.13,21:00,1.346,1.346,1.346,1.346,1
2016.08.14,21:00,1.34522,1.34757,1.34161,1.3432,991
2016.08.15,21:00,1.34323,1.34389,1.33477,1.33992,1494
2016.08.16,21:00,1.34001,1.34601,1.3392,1.34286,1078
2016.08.17,21:00,1.3429,1.34305,1.33868,1.33929,514
2016.08.18,21:00,1.3393,1.34811,1.33893,1.34567,1200
2016.08.20,21:00,1.34755,1.34765,1.34755,1.3476,16
2016.08.21,21:00,1.3475,1.3539,1.34587,1.35067,1290
2016.08.22,21:00,1.35012,1.35211,1.34722,1.35156,835
2016.08.23,21:00,1.35166,1.35622,1.35128,1.35448,707
2016.08.24,21:00,1.35462,1.35605,1.35181,1.35362,749
2016.08.25,21:00,1.35317,1.35966,1.34732,1.35955,1831
2016.08.27,21:00,1.35885,1.35926,1.35848,1.35882,154
2016.08.28,21:00,1.35881,1.36272,1.35855,1.3605,666
2016.08.29,21:00,1.35976,1.36495,1.35845,1.36472,805
2016.08.30,21:00,1.36471,1.36608,1.36156,1.36258,692
2016.08.31,21:00,1.36247,1.36544,1.35854,1.35946,1080
2016.09.01,21:00,1.35949,1.36145,1.35129,1.36004,1978
2016.09.03,21:00,1.35952,1.35952,1.35924,1.35924,29
2016.09.04,21:00,1.35952,1.36074,1.35611,1.35667,642
2016.09.05,21:00,1.35668,1.35862,1.34595,1.34651,1518
2016.09.06,21:00,1.34681,1.34815,1.34355,1.34652,892
2016.09.07,21:00,1.34652,1.35183,1.34406,1.35162,1045
2016.09.08,21:00,1.3517,1.36068,1.35011,1.35873,1412
2016.09.10,21:00,1.35998,1.36052,1.35992,1.36029,90
2016.09.11,21:00,1.36055,1.36322,1.35517,1.35627,1183
2016.09.12,21:00,1.35626,1.36861,1.35516,1.3665,1667
2016.09.13,21:00,1.36644,1.36821,1.36185,1.36356,985
2016.09.14,21:00,1.36349,1.36984,1.36211,1.36341,1539
2016.09.15,21:00,1.36321,1.36946,1.36095,1.36798,1226
2016.09.17,21:00,1.36841,1.36841,1.36815,1.36815,27
2016.09.18,21:00,1.36816,1.36926,1.36027,1.36174,1157
2016.09.19,21:00,1.36173,1.36376,1.36086,1.36188,566
2016.09.20,21:00,1.36169,1.36593,1.35227,1.35336,1900
2016.09.21,21:00,1.35334,1.35735,1.35107,1.35613,978
2016.09.22,21:00,1.35614,1.36,1.35516,1.35984,599
2016.09.24,21:00,1.35931,1.35956,1.3589,1.35907,109
2016.09.25,21:00,1.35905,1.36262,1.35789,1.36052,800
2016.09.26,21:00,1.36055,1.36222,1.35818,1.35969,723
2016.09.27,21:00,1.35967,1.36248,1.35911,1.35916,624
2016.09.28,21:00,1.35913,1.36466,1.35869,1.36434,674
2016.09.29,21:00,1.36441,1.36667,1.36223,1.36377,825
2016.10.01,21:00,1.36316,1.36321,1.36301,1.36316,41
2016.10.02,21:00,1.36326,1.3664,1.3628,1.36505,542
2016.10.03,21:00,1.36512,1.37146,1.36457,1.37108,783
2016.10.04,21:00,1.37107,1.37207,1.36915,1.36992,470
2016.10.05,21:00,1.37002,1.37433,1.36821,1.3725,977
2016.10.06,21:00,1.37245,1.37604,1.37044,1.37332,1034
2016.10.08,21:00,1.37295,1.37434,1.37295,1.37415,159
2016.10.09,21:00,1.37395,1.37544,1.37154,1.3747,706
2016.10.10,21:00,1.37516,1.3799,1.3745,1.37946,651
2016.10.11,21:00,1.37953,1.38592,1.37728,1.38355,1327
2016.10.12,21:00,1.38352,1.38694,1.38062,1.38129,1042
2016.10.13,21:00,1.3811,1.39167,1.37752,1.39065,1876
2016.10.15,21:00,1.3905,1.39086,1.3903,1.39066,97
2016.10.16,21:00,1.39056,1.39298,1.3883,1.3893,811
2016.10.17,21:00,1.38932,1.38959,1.38437,1.38598,711
2016.10.18,21:00,1.38615,1.38794,1.38397,1.38679,731
2016.10.19,21:00,1.3868,1.39281,1.3855,1.3922,923
2016.10.20,21:00,1.39221,1.39595,1.39106,1.39443,757
2016.10.22,21:00,1.39455,1.39455,1.3945,1.3945,6
2016.10.23,21:00,1.3945,1.39487,1.39101,1.39321,644
2016.10.24,21:00,1.39322,1.39494,1.38887,1.38975,868
2016.10.25,21:00,1.38971,1.39126,1.38762,1.39094,606
2016.10.26,21:00,1.39098,1.39641,1.39053,1.39458,817
2016.10.27,21:00,1.39468,1.39623,1.39105,1.39135,704
2016.10.29,21:00,1.39214,1.39278,1.39183,1.39235,170
2016.10.30,22:00,1.39228,1.3943,1.39055,1.3916,683
2016.10.31,22:00,1.39159,1.39176,1.38799,1.38863,459
2016.11.01,22:00,1.38865,1.39121,1.38193,1.38452,1444
2016.11.02,22:00,1.3845,1.3866,1.38261,1.38369,718
2016.11.03,22:00,1.38373,1.38637,1.3829,1.38334,656
2016.11.05,22:00,1.38426,1.38596,1.38409,1.38569,232
2016.11.06,22:00,1.38566,1.39125,1.38534,1.38949,800
2016.11.07,22:00,1.38934,1.39227,1.38575,1.38655,1026
2016.11.08,22:00,1.3865,1.39964,1.38504,1.39903,1668
2016.11.09,22:00,1.39899,1.4121,1.39724,1.41144,1728
2016.11.10,22:00,1.41145,1.41593,1.40719,1.4131,1584
2016.11.12,22:00,1.41265,1.41335,1.41265,1.413,106
2016.11.13,22:00,1.41306,1.41799,1.4127,1.41488,877
2016.11.14,22:00,1.41504,1.4159,1.40959,1.41353,1112
2016.11.15,22:00,1.41349,1.41965,1.41194,1.41508,1384
2016.11.16,22:00,1.41521,1.4212,1.41284,1.42082,1112
2016.11.17,22:00,1.42097,1.42888,1.42022,1.42592,1238
2016.11.19,22:00,1.42624,1.42625,1.42555,1.4259,107
2016.11.20,22:00,1.42606,1.42844,1.42162,1.42398,1157
2016.11.21,22:00,1.42361,1.42786,1.42015,1.42368,1536
2016.11.22,22:00,1.42416,1.43489,1.42285,1.43187,1638
2016.11.23,22:00,1.43188,1.43655,1.42903,1.43231,1462
2016.11.24,22:00,1.4323,1.43455,1.42595,1.4278,1271
2016.11.26,22:00,1.42801,1.42805,1.42781,1.42785,33
2016.11.27,22:00,1.42832,1.42884,1.42078,1.4241,1191
2016.11.28,22:00,1.42389,1.43124,1.42278,1.42503,1579
2016.11.29,22:00,1.42504,1.43546,1.42265,1.43338,1729
2016.11.30,22:00,1.4334,1.43526,1.42562,1.42607,1196
2016.12.01,22:00,1.426,1.42704,1.41858,1.42118,1211
2016.12.03,22:00,1.42045,1.42181,1.42043,1.42159,163
2016.12.04,22:00,1.42164,1.42663,1.41712,1.41901,1640
2016.12.05,22:00,1.41885,1.42146,1.41772,1.4208,554
2016.12.06,22:00,1.42081,1.42355,1.41662,1.41697,1003
2016.12.07,22:00,1.41676,1.42522,1.41503,1.42295,1420
2016.12.08,22:00,1.42314,1.43275,1.42266,1.43035,1298
2016.12.10,22:00,1.43117,1.43144,1.43117,1.43144,28
2016.12.11,22:00,1.4314,1.43342,1.42329,1.42346,1233
2016.12.12,22:00,1.4234,1.42727,1.42259,1.42421,856
2016.12.13,22:00,1.42409,1.43882,1.42169,1.43698,2138
2016.12.14,22:00,1.437,1.44806,1.43571,1.44275,1896
2016.12.15,22:00,1.44223,1.44897,1.44063,1.44542,1350
2016.12.17,22:00,1.44528,1.44541,1.44485,1.44495,80
2016.12.18,22:00,1.44495,1.44964,1.44207,1.44908,1102
2016.12.19,22:00,1.44915,1.45071,1.44333,1.44596,1158
2016.12.20,22:00,1.446,1.44742,1.44107,1.44521,1192
2016.12.21,22:00,1.44525,1.45178,1.44347,1.45094,1094
2016.12.22,22:00,1.45091,1.4514,1.44268,1.44649,1303
2016.12.25,22:00,1.4463,1.44802,1.44523,1.44696,493
2016.12.26,22:00,1.44734,1.45189,1.44674,1.44966,799
2016.12.27,22:00,1.45032,1.45374,1.44791,1.4505,1149
2016.12.28,22:00,1.45045,1.45167,1.44727,1.44834,670
2016.12.29,22:00,1.44836,1.44896,1.44305,1.44681,1028
2017.01.01,22:00,1.44844,1.4511,1.44787,1.4505,441
2017.01.02,22:00,1.4504,1.45464,1.44615,1.45044,1695
2017.01.03,22:00,1.45045,1.45078,1.43869,1.4396,1334
2017.01.04,22:00,1.43977,1.44086,1.42773,1.42842,1492
2017.01.05,22:00,1.4284,1.44004,1.42704,1.43968,1473
2017.01.07,22:00,1.43884,1.43921,1.43849,1.43885,144
2017.01.08,22:00,1.43884,1.44378,1.43403,1.43625,1692
2017.01.09,22:00,1.4363,1.43834,1.43175,1.43625,1314
2017.01.10,22:00,1.4362,1.44095,1.4241,1.42707,2458
2017.01.11,22:00,1.42711,1.4292,1.42168,1.42721,1495
2017.01.12,22:00,1.42735,1.434,1.42536,1.42856,1608
2017.01.14,22:00,1.42854,1.42934,1.42839,1.42904,141
2017.01.15,22:00,1.42903,1.43094,1.4267,1.4303,722
2017.01.16,22:00,1.43029,1.43048,1.41519,1.41543,1573
2017.01.17,22:00,1.41548,1.43005,1.41526,1.42964,1543
2017.01.18,22:00,1.42965,1.43095,1.42407,1.42576,988
2017.01.19,22:00,1.42585,1.43119,1.42356,1.42657,1455
2017.01.21,22:00,1.42431,1.42502,1.42384,1.42427,233
2017.01.22,22:00,1.42427,1.42499,1.41739,1.41791,885
2017.01.23,22:00,1.41821,1.42178,1.41479,1.42128,1092
2017.01.24,22:00,1.42135,1.42171,1.4124,1.41317,1045
2017.01.25,22:00,1.41308,1.42812,1.41126,1.42646,2035
2017.01.26,22:00,1.42661,1.43274,1.42435,1.43169,1171
2017.01.28,22:00,1.4306,1.4306,1.42932,1.42942,139
2017.01.29,22:00,1.42947,1.42974,1.41937,1.42105,1233
2017.01.30,22:00,1.42108,1.42131,1.40692,1.41001,1772
2017.01.31,22:00,1.41014,1.41684,1.40905,1.41283,1290
2017.02.01,22:00,1.41301,1.41344,1.40791,1.41126,932
2017.02.02,22:00,1.41144,1.41564,1.4055,1.40979,1864
2017.02.04,22:00,1.40935,1.40935,1.40935,1.40935,1
2017.02.05,22:00,1.40882,1.41281,1.40537,1.40884,1487
2017.02.06,22:00,1.40927,1.41989,1.40852,1.41793,1409
2017.02.07,22:00,1.41794,1.41971,1.41373,1.41654,1057
2017.02.08,22:00,1.41643,1.42063,1.4136,1.42063,987
2017.02.09,22:00,1.42049,1.42294,1.41789,1.42199,861
2017.02.11,22:00,1.42182,1.422,1.42013,1.42111,304
2017.02.12,22:00,1.42111,1.42585,1.42002,1.42402,876
2017.02.13,22:00,1.42405,1.42453,1.41562,1.42111,1489
2017.02.14,22:00,1.42151,1.42663,1.41836,1.41894,1398
2017.02.15,22:00,1.41874,1.4204,1.4163,1.41665,612
2017.02.16,22:00,1.41663,1.41991,1.41503,1.4183,810
2017.02.18,22:00,1.4183,1.41902,1.41809,1.41855,162
2017.02.19,22:00,1.41855,1.4193,1.41704,1.41802,400
2017.02.20,22:00,1.41786,1.42316,1.41776,1.42065,802
2017.02.21,22:00,1.42063,1.42085,1.41095,1.4125,1168
2017.02.22,22:00,1.41271,1.41615,1.40511,1.40655,1593
2017.02.23,22:00,1.40638,1.40923,1.40224,1.40475,1236
2017.02.25,22:00,1.40453,1.40481,1.40382,1.40425,171
2017.02.26,22:00,1.40425,1.40694,1.40006,1.40433,1369
2017.02.27,22:00,1.40431,1.4065,1.39751,1.40334,1702
2017.02.28,22:00,1.40293,1.41145,1.40275,1.409,1134
2017.03.01,22:00,1.40895,1.41425,1.40836,1.41281,793
2017.03.02,22:00,1.41284,1.41688,1.40934,1.41055,1280
2017.03.04,22:00,1.41091,1.41128,1.4098,1.4102,226
2017.03.05,22:00,1.4102,1.41302,1.40836,1.41212,741
2017.03.06,22:00,1.41233,1.4133,1.40888,1.41114,766
2017.03.07,22:00,1.41136,1.41846,1.40905,1.418,1219
2017.03.08,22:00,1.41806,1.42195,1.41686,1.42054,771
2017.03.09,22:00,1.42055,1.42194,1.41103,1.4122,1348
2017.03.11,22:00,1.41186,1.41226,1.41158,1.41195,128
2017.03.12,22:00,1.41195,1.41508,1.40924,1.41471,893
2017.03.13,22:00,1.41469,1.41621,1.4134,1.41579,453
2017.03.14,22:00,1.41585,1.41628,1.40095,1.40257,1739
2017.03.15,22:00,1.40256,1.40639,1.40062,1.40119,1018
2017.03.16,22:00,1.40118,1.40388,1.40015,1.40215,650
2017.03.18,22:00,1.40146,1.40202,1.40126,1.40173,126
2017.03.19,22:00,1.40172,1.40232,1.39556,1.3969,871
2017.03.20,22:00,1.39688,1.40037,1.39565,1.39949,684
2017.03.21,22:00,1.39948,1.40282,1.39714,1.39855,1044
2017.03.22,22:00,1.39858,1.40107,1.3983,1.39969,444
2017.03.23,22:00,1.39968,1.40197,1.39573,1.3988,1161
2017.03.25,22:00,1.39695,1.39832,1.3969,1.39775,205
2017.03.26,21:00,1.39783,1.39832,1.39086,1.39343,1053
2017.03.27,21:00,1.39339,1.3981,1.39165,1.39809,821
2017.03.28,21:00,1.39766,1.39872,1.39326,1.394,727
2017.03.29,21:00,1.39405,1.39826,1.39305,1.3982,628
2017.03.30,21:00,1.39813,1.39985,1.39584,1.39753,743
2017.03.31,21:00,1.39751,1.39751,1.39751,1.39751,1
2017.04.01,21:00,1.39755,1.39888,1.39755,1.39845,177
2017.04.02,21:00,1.39845,1.3988,1.39509,1.39709,607
2017.04.03,21:00,1.39688,1.40093,1.39595,1.39845,840
2017.04.04,21:00,1.39837,1.40243,1.3975,1.40125,699
2017.04.05,21:00,1.40131,1.40318,1.39939,1.40225,665
2017.04.06,21:00,1.40207,1.40619,1.39853,1.40483,1257
2017.04.08,21:00,1.40505,1.40548,1.40444,1.40505,209
2017.04.09,21:00,1.40505,1.40818,1.40416,1.40529,781
2017.04.10,21:00,1.40521,1.40778,1.40239,1.40351,909
2017.04.11,21:00,1.40354,1.40447,1.39509,1.39513,1036
2017.04.12,21:00,1.39514,1.39919,1.39308,1.39837,900
2017.04.13,21:00,1.39838,1.39889,1.39682,1.39856,397
2017.04.15,21:00,1.39793,1.39824,1.39728,1.3977,170
2017.04.16,21:00,1.3977,1.3986,1.39336,1.39805,1014
2017.04.17,21:00,1.39812,1.40014,1.39563,1.39582,673
2017.04.18,21:00,1.39575,1.3991,1.395,1.3986,536
2017.04.19,21:00,1.3986,1.39908,1.39561,1.39772,607
2017.04.20,21:00,1.39772,1.39894,1.39598,1.39701,522
2017.04.22,21:00,1.39488,1.39488,1.39294,1.39311,212
2017.04.23,21:00,1.39309,1.39534,1.39193,1.3927,644
2017.04.24,21:00,1.39265,1.39484,1.39069,1.39395,701
2017.04.25,21:00,1.39394,1.399,1.39209,1.3962,1157
2017.04.26,21:00,1.3961,1.39872,1.3944,1.39725,750
2017.04.27,21:00,1.39726,1.39806,1.3946,1.39701,668
2017.04.29,21:00,1.39715,1.39738,1.39672,1.39695,113
2017.04.30,21:00,1.39694,1.39813,1.39546,1.39683,524
2017.05.01,21:00,1.3967,1.39712,1.3925,1.39386,641
2017.05.02,21:00,1.39376,1.39748,1.39194,1.39737,748
2017.05.03,21:00,1.39736,1.40194,1.39638,1.40057,792
2017.05.04,21:00,1.40055,1.40637,1.40013,1.40495,809
2017.05.06,21:00,1.4049,1.4052,1.40433,1.40465,150
2017.05.07,21:00,1.40465,1.40681,1.40272,1.4059,694
2017.05.08,21:00,1.40591,1.41244,1.40545,1.41164,826
2017.05.09,21:00,1.4117,1.41199,1.40941,1.41055,402
2017.05.10,21:00,1.41054,1.41289,1.4072,1.40741,826
2017.05.11,21:00,1.40739,1.40951,1.4035,1.4042,884
2017.05.13,21:00,1.40435,1.40462,1.40398,1.40423,117
2017.05.14,21:00,1.40422,1.40467,1.39736,1.39817,858
2017.05.15,21:00,1.39816,1.39885,1.3941,1.39511,646
2017.05.16,21:00,1.39509,1.39591,1.38978,1.39054,772
2017.05.17,21:00,1.39054,1.3949,1.38907,1.39277,944
2017.05.18,21:00,1.39258,1.39353,1.38363,1.386,1323
2017.05.20,21:00,1.38623,1.38659,1.38558,1.38605,185
2017.05.21,21:00,1.38605,1.38865,1.38514,1.38614,694
2017.05.22,21:00,1.38614,1.39084,1.38538,1.39046,661
2017.05.23,21:00,1.39051,1.39185,1.38433,1.38464,918
2017.05.24,21:00,1.38458,1.38713,1.38227,1.38657,774
2017.05.25,21:00,1.3866,1.38701,1.3808,1.38176,759
2017.05.27,21:00,1.38164,1.3822,1.38121,1.38159,194
2017.05.28,21:00,1.38159,1.38648,1.38144,1.38631,537
2017.05.29,21:00,1.38639,1.38842,1.38393,1.3844,700
2017.05.30,21:00,1.3844,1.38641,1.38209,1.3832,745
2017.05.31,21:00,1.3832,1.38698,1.38276,1.38655,510
2017.06.01,21:00,1.38657,1.38685,1.38026,1.3812,782
2017.06.03,21:00,1.38072,1.38214,1.38065,1.38167,204
2017.06.04,21:00,1.38167,1.38305,1.37873,1.38159,857
2017.06.05,21:00,1.38163,1.38203,1.37851,1.3795,492
2017.06.06,21:00,1.37951,1.38282,1.37867,1.3824,542
2017.06.07,21:00,1.3824,1.38386,1.38033,1.38189,656
2017.06.08,21:00,1.38189,1.38533,1.38051,1.38458,696
2017.06.10,21:00,1.38452,1.38508,1.38434,1.38478,123
2017.06.11,21:00,1.38478,1.38522,1.38279,1.38425,434
2017.06.12,21:00,1.38425,1.3848,1.3805,1.38098,534
2017.06.13,21:00,1.38098,1.38246,1.37068,1.37555,1814
2017.06.14,21:00,1.37554,1.3843,1.37432,1.38385,1166
2017.06.15,21:00,1.38386,1.38693,1.38217,1.38301,868
2017.06.17,21:00,1.38296,1.38341,1.38252,1.38295,178
2017.06.18,21:00,1.38295,1.38739,1.3809,1.38681,913
2017.06.19,21:00,1.38684,1.39074,1.38516,1.38925,876
2017.06.20,21:00,1.38924,1.39149,1.38836,1.38923,626
2017.06.21,21:00,1.38925,1.39118,1.38793,1.39019,557
2017.06.22,21:00,1.39017,1.39097,1.38566,1.38733,779
2017.06.24,21:00,1.3865,1.38704,1.38613,1.38661,172
2017.06.25,21:00,1.38671,1.38898,1.38603,1.388,462
2017.06.26,21:00,1.388,1.38911,1.38469,1.38717,802
2017.06.27,21:00,1.38717,1.38769,1.38107,1.38221,829
2017.06.28,21:00,1.38219,1.38247,1.37868,1.37919,459
2017.06.29,21:00,1.37915,1.37963,1.37573,1.3765,516
2017.07.01,21:00,1.37676,1.37694,1.37664,1.37677,60
2017.07.02,21:00,1.37677,1.38305,1.37577,1.38251,883
2017.07.03,21:00,1.38257,1.38328,1.38082,1.38295,455
2017.07.04,21:00,1.38282,1.38409,1.37988,1.38087,648
2017.07.05,21:00,1.38088,1.38398,1.37983,1.38221,698
2017.07.06,21:00,1.38224,1.38362,1.37898,1.38205,910
2017.07.08,21:00,1.38228,1.38256,1.38196,1.38216,109
2017.07.09,21:00,1.38216,1.38635,1.38135,1.38484,733
2017.07.10,21:00,1.38485,1.38559,1.38155,1.382,524
2017.07.11,21:00,1.382,1.38216,1.37697,1.37758,597
2017.07.12,21:00,1.37765,1.37882,1.37404,1.37415,607
2017.07.13,21:00,1.37412,1.37685,1.36941,1.3716,1237
2017.07.15,21:00,1.37136,1.37168,1.37038,1.37087,212
2017.07.16,21:00,1.37087,1.3723,1.36692,1.36921,911
2017.07.17,21:00,1.36921,1.37078,1.36565,1.36647,753
2017.07.18,21:00,1.3665,1.36992,1.3654,1.36836,719
2017.07.19,21:00,1.36831,1.37093,1.36485,1.36617,1003
2017.07.20,21:00,1.36617,1.36763,1.36153,1.3623,834
2017.07.22,21:00,1.36333,1.36412,1.363,1.3637,188
2017.07.23,21:00,1.3637,1.36406,1.35982,1.36201,680
2017.07.24,21:00,1.36211,1.36336,1.35927,1.36225,805
2017.07.25,21:00,1.36226,1.36424,1.35554,1.35731,1246
2017.07.26,21:00,1.35731,1.36086,1.35429,1.35936,1110
2017.07.27,21:00,1.3593,1.36151,1.3561,1.35676,829
2017.07.29,21:00,1.35728,1.35808,1.35725,1.3579,105
2017.07.30,21:00,1.3579,1.35874,1.35458,1.3553,573
2017.07.31,21:00,1.35528,1.35868,1.35447,1.35806,565
2017.08.01,21:00,1.35792,1.3612,1.35702,1.35903,726
2017.08.02,21:00,1.35903,1.36186,1.35774,1.35878,800
2017.08.03,21:00,1.3587,1.36207,1.35546,1.36091,1102
2017.08.05,21:00,1.36048,1.36092,1.36006,1.3605,171
2017.08.06,21:00,1.3605,1.36389,1.35932,1.36282,683
2017.08.07,21:00,1.36282,1.36427,1.35958,1.36319,902
2017.08.08,21:00,1.3632,1.36485,1.36204,1.36372,511
2017.08.09,21:00,1.36365,1.36542,1.36183,1.36346,700
2017.08.10,21:00,1.36368,1.36458,1.3589,1.36095,864
2017.08.12,21:00,1.3597,1.36092,1.35968,1.3605,169
2017.08.13,21:00,1.3605,1.3634,1.35875,1.36282,699
2017.08.14,21:00,1.36267,1.36891,1.36206,1.3669,948
2017.08.15,21:00,1.3669,1.36895,1.36181,1.36251,990
2017.08.16,21:00,1.36254,1.36729,1.3618,1.36661,692
2017.08.17,21:00,1.3666,1.3674,1.36224,1.36299,672
2017.08.19,21:00,1.364,1.3643,1.36378,1.364,105
2017.08.20,21:00,1.364,1.36418,1.36005,1.36074,501
2017.08.21,21:00,1.36074,1.36295,1.35975,1.36235,480
2017.08.22,21:00,1.36235,1.36366,1.35992,1.36102,616
2017.08.23,21:00,1.36075,1.36268,1.3598,1.3619,462
2017.08.24,21:00,1.3619,1.36218,1.3551,1.3562,847
2017.08.26,21:00,1.35627,1.3566,1.3557,1.35608,162
2017.08.27,21:00,1.35608,1.35695,1.35292,1.35358,557
2017.08.28,21:00,1.3536,1.35644,1.35065,1.35511,1008
2017.08.29,21:00,1.35505,1.35899,1.35373,1.35837,721
2017.08.30,21:00,1.3581,1.36108,1.35559,1.35582,871
2017.08.31,21:00,1.35573,1.35846,1.35056,1.35643,1511
2017.09.02,21:00,1.35824,1.35841,1.35816,1.35833,42
2017.09.03,21:00,1.35833,1.35854,1.35579,1.35705,423
2017.09.04,21:00,1.35705,1.35766,1.35157,1.35298,812
2017.09.05,21:00,1.35296,1.35412,1.34823,1.34997,880
2017.09.06,21:00,1.34997,1.35102,1.33964,1.3399,1270
2017.09.07,21:00,1.33991,1.34269,1.33465,1.34184,1416
2017.09.08,21:00,1.34184,1.34184,1.34184,1.34184,1
2017.09.09,21:00,1.34125,1.34168,1.34082,1.34125,173
2017.09.10,21:00,1.34125,1.3471,1.3409,1.34695,671
2017.09.11,21:00,1.3468,1.34814,1.34369,1.34755,816
2017.09.12,21:00,1.34755,1.35142,1.34397,1.35061,1185
2017.09.13,21:00,1.35085,1.35385,1.34636,1.34698,1112
2017.09.14,21:00,1.34698,1.34801,1.34248,1.3453,939
2017.09.16,21:00,1.3451,1.34576,1.3447,1.34516,207
2017.09.17,21:00,1.34516,1.34973,1.34245,1.34795,1178
2017.09.18,21:00,1.3475,1.34946,1.34559,1.34732,757
2017.09.19,21:00,1.34732,1.35188,1.34026,1.34871,2186
2017.09.20,21:00,1.34868,1.35342,1.34865,1.34975,848
2017.09.21,21:00,1.34975,1.35078,1.34356,1.34582,1052
2017.09.23,21:00,1.34686,1.34808,1.34686,1.348,131
2017.09.24,21:00,1.348,1.3518,1.34625,1.35125,786
2017.09.25,21:00,1.35125,1.35747,1.35006,1.35449,1159
2017.09.26,21:00,1.3545,1.36072,1.3543,1.3596,775
2017.09.27,21:00,1.3597,1.36468,1.35743,1.35785,1266
2017.09.28,21:00,1.35785,1.35936,1.35562,1.35763,727
2017.09.30,21:00,1.35765,1.35775,1.35755,1.35765,41
2017.10.01,21:00,1.35765,1.36301,1.35716,1.36155,781
2017.10.02,21:00,1.36155,1.36625,1.36072,1.36195,1067
2017.10.03,21:00,1.36195,1.36254,1.35856,1.3614,742
2017.10.04,21:00,1.3614,1.36487,1.36039,1.36429,608
2017.10.05,21:00,1.36429,1.36914,1.36357,1.36617,927
2017.10.07,21:00,1.36536,1.366,1.36496,1.36553,192
2017.10.08,21:00,1.36554,1.36648,1.36253,1.3636,597
2017.10.09,21:00,1.3636,1.3639,1.35496,1.35606,1035
2017.10.10,21:00,1.35607,1.3581,1.3535,1.35435,749
2017.10.11,21:00,1.35435,1.35519,1.35106,1.35245,637
2017.10.12,21:00,1.35245,1.3566,1.34911,1.34911,1165
2017.10.14,21:00,1.35002,1.35068,1.34982,1.35025,150
2017.10.15,21:00,1.35017,1.35314,1.34916,1.35177,637
2017.10.16,21:00,1.35177,1.3579,1.35102,1.3561,944
2017.10.17,21:00,1.3561,1.35886,1.35396,1.35685,906
2017.10.18,21:00,1.35685,1.35947,1.35546,1.35657,775
2017.10.19,21:00,1.35659,1.36165,1.35625,1.36125,615
2017.10.21,21:00,1.36188,1.36221,1.36178,1.36206,69
2017.10.22,21:00,1.36206,1.36359,1.36098,1.36165,482
2017.10.23,21:00,1.36165,1.36307,1.35906,1.36259,709
2017.10.24,21:00,1.36265,1.36394,1.36003,1.36046,564
2017.10.25,21:00,1.3605,1.3677,1.35894,1.36738,1065
2017.10.26,21:00,1.36732,1.37146,1.36445,1.3653,1201
2017.10.28,21:00,1.36594,1.36628,1.3654,1.36572,155
2017.10.29,22:00,1.36564,1.36677,1.36032,1.3606,787
2017.10.30,22:00,1.3606,1.36374,1.35989,1.36243,588
2017.10.31,22:00,1.3624,1.36431,1.35932,1.36101,860
2017.11.01,22:00,1.36101,1.3616,1.35702,1.3592,736
2017.11.02,22:00,1.3592,1.3652,1.35864,1.36501,732
2017.11.04,22:00,1.36457,1.36478,1.36446,1.36464,58
2017.11.05,22:00,1.36464,1.36596,1.36128,1.36149,622
2017.11.06,22:00,1.36149,1.36529,1.36111,1.36405,581
2017.11.07,22:00,1.36405,1.36516,1.3613,1.36186,554
2017.11.08,22:00,1.36185,1.36295,1.35853,1.35904,604
2017.11.09,22:00,1.35904,1.36126,1.35827,1.36047,456
2017.11.11,22:00,1.36083,1.36119,1.35966,1.36009,233
2017.11.12,22:00,1.36009,1.3624,1.3596,1.36184,386
2017.11.13,22:00,1.36181,1.36294,1.3586,1.35905,593
2017.11.14,22:00,1.359,1.36009,1.35322,1.35671,1146
2017.11.15,22:00,1.3567,1.3578,1.35506,1.35638,517
2017.11.16,22:00,1.35647,1.35786,1.35335,1.35579,835
2017.11.18,22:00,1.35565,1.35565,1.35424,1.35442,160
2017.11.19,22:00,1.35442,1.35797,1.35408,1.35688,533
2017.11.20,22:00,1.35686,1.35793,1.35335,1.35445,676
2017.11.21,22:00,1.35441,1.35506,1.34665,1.34708,950
2017.11.22,22:00,1.34708,1.34868,1.3451,1.34535,544
2017.11.23,22:00,1.34535,1.34768,1.3448,1.34575,537
2017.11.25,22:00,1.34585,1.34622,1.34548,1.34585,149
2017.11.26,22:00,1.34585,1.34811,1.34353,1.34637,865
2017.11.27,22:00,1.3457,1.34757,1.34407,1.34606,665
2017.11.28,22:00,1.34608,1.34776,1.34417,1.34705,622
2017.11.29,22:00,1.34705,1.3508,1.34625,1.34773,843
2017.11.30,22:00,1.34763,1.34959,1.342,1.34644,1400
2017.12.02,22:00,1.34784,1.34799,1.34742,1.34747,78
2017.12.03,22:00,1.34747,1.35002,1.34733,1.34752,534
2017.12.04,22:00,1.34759,1.34866,1.34542,1.34702,592
2017.12.05,22:00,1.3471,1.34973,1.34661,1.349,435
2017.12.06,22:00,1.349,1.35168,1.34807,1.35157,466
2017.12.07,22:00,1.35157,1.35396,1.35104,1.35275,467
2017.12.09,22:00,1.35268,1.35306,1.35232,1.3526,141
2017.12.10,22:00,1.3526,1.35321,1.35033,1.35147,464
2017.12.11,22:00,1.35147,1.35393,1.35064,1.35217,589
2017.12.12,22:00,1.35218,1.35325,1.34607,1.3463,849
2017.12.13,22:00,1.34639,1.34951,1.3444,1.3456,944
2017.12.14,22:00,1.34561,1.34898,1.34519,1.34869,451
2017.12.16,22:00,1.34779,1.349,1.34776,1.34889,139
2017.12.17,22:00,1.34889,1.34972,1.3465,1.34738,494
2017.12.18,22:00,1.34737,1.34846,1.3463,1.34664,360
2017.12.19,22:00,1.34645,1.34742,1.34334,1.34457,629
2017.12.20,22:00,1.3446,1.34609,1.34326,1.34381,488
2017.12.21,22:00,1.34364,1.34542,1.34326,1.34368,429
2017.12.25,22:00,1.3443,1.34466,1.34306,1.34375,266
2017.12.26,22:00,1.34375,1.34402,1.33868,1.33966,660
2017.12.27,22:00,1.33966,1.34085,1.33724,1.338,557
2017.12.28,22:00,1.33798,1.33839,1.33568,1.33726,471
2018.01.01,22:00,1.33739,1.33791,1.32774,1.32931,1227
2018.01.02,22:00,1.32931,1.33094,1.32818,1.32989,495
2018.01.03,22:00,1.33,1.33152,1.32699,1.32796,703
2018.01.04,22:00,1.32796,1.32832,1.32554,1.32635,396
2018.01.06,22:00,1.32701,1.32719,1.32654,1.32672,102
2018.01.07,22:00,1.32672,1.33304,1.32588,1.33248,857
2018.01.08,22:00,1.33244,1.33675,1.33079,1.3355,887
2018.01.09,22:00,1.33563,1.33696,1.33081,1.33424,1092
2018.01.10,22:00,1.33421,1.33537,1.32909,1.32937,773
2018.01.11,22:00,1.32939,1.33029,1.32328,1.32344,808
2018.01.13,22:00,1.32393,1.32408,1.32358,1.32375,83
2018.01.14,22:00,1.32375,1.32574,1.32001,1.32153,925
2018.01.15,22:00,1.32153,1.32493,1.31971,1.32098,990
2018.01.16,22:00,1.32098,1.32568,1.31838,1.32455,1104
2018.01.17,22:00,1.32455,1.32744,1.32028,1.32091,1069
2018.01.18,22:00,1.3209,1.32145,1.31744,1.32063,776
2018.01.20,22:00,1.31992,1.31993,1.31983,1.31983,12
2018.01.21,22:00,1.31983,1.32234,1.31855,1.31891,667
2018.01.22,22:00,1.31892,1.32084,1.31703,1.31732,603
2018.01.23,22:00,1.31732,1.31766,1.30706,1.30733,1122
2018.01.24,22:00,1.30733,1.31271,1.30089,1.31012,2086
2018.01.25,22:00,1.31012,1.31269,1.30444,1.30745,1384
2018.01.27,22:00,1.30695,1.30729,1.30641,1.3068,162
2018.01.28,22:00,1.3068,1.31272,1.306,1.31041,984
2018.01.29,22:00,1.31047,1.31499,1.30856,1.3121,1124
2018.01.30,22:00,1.3121,1.31374,1.30717,1.31207,1312
2018.01.31,22:00,1.31207,1.3142,1.30782,1.30817,887
2018.02.01,22:00,1.30817,1.31995,1.30789,1.3197,1260
2018.02.03,22:00,1.31822,1.31984,1.31803,1.31969,216
2018.02.04,22:00,1.31969,1.32201,1.31613,1.32181,965
2018.02.05,22:00,1.32174,1.32378,1.31885,1.319,713
2018.02.06,22:00,1.319,1.32542,1.31681,1.32526,1097
2018.02.07,22:00,1.32531,1.33217,1.32347,1.3312,1152
2018.02.08,22:00,1.33108,1.33396,1.32769,1.32775,922
2018.02.10,22:00,1.32926,1.32942,1.32842,1.32874,149
2018.02.11,22:00,1.32925,1.32968,1.32292,1.32312,740
2018.02.12,22:00,1.32314,1.32518,1.32071,1.32285,866
2018.02.13,22:00,1.32281,1.32533,1.31397,1.31422,1414
2018.02.14,22:00,1.31416,1.31544,1.30847,1.30917,896
2018.02.15,22:00,1.30915,1.31324,1.30576,1.311,1312
2018.02.17,22:00,1.31155,1.31203,1.31118,1.31175,151
2018.02.18,22:00,1.31175,1.31492,1.31029,1.3135,752
2018.02.19,22:00,1.3135,1.32009,1.31292,1.31869,916
2018.02.20,22:00,1.31845,1.32396,1.31666,1.3237,936
2018.02.21,22:00,1.3237,1.32571,1.31752,1.31919,1188
2018.02.22,22:00,1.31923,1.32456,1.31769,1.3194,1358
2018.02.24,22:00,1.3197,1.32034,1.31931,1.32,177
2018.02.25,22:00,1.32,1.32131,1.31472,1.31596,915
2018.02.26,22:00,1.31591,1.32454,1.31455,1.32438,1152
2018.02.27,22:00,1.32437,1.32641,1.32228,1.32493,771
2018.02.28,22:00,1.32485,1.32854,1.32247,1.32295,1025
2018.03.01,22:00,1.32295,1.32322,1.31852,1.31966,612
2018.03.03,22:00,1.31885,1.3191,1.31848,1.31885,125
2018.03.04,22:00,1.31885,1.32142,1.318,1.31835,635
2018.03.05,22:00,1.31835,1.32015,1.31493,1.3161,820
2018.03.06,22:00,1.3161,1.31881,1.31386,1.31408,789
2018.03.07,22:00,1.31409,1.31862,1.31379,1.3175,626
2018.03.08,22:00,1.3175,1.31967,1.31451,1.31671,954
2018.03.10,22:00,1.3167,1.31698,1.31546,1.3157,205
2018.03.11,22:00,1.31567,1.31651,1.31199,1.31277,615
2018.03.12,22:00,1.31277,1.31449,1.30961,1.31176,876
2018.03.13,22:00,1.31183,1.31195,1.30827,1.30934,488
2018.03.14,22:00,1.30934,1.31462,1.30865,1.31371,758
2018.03.15,22:00,1.31371,1.3184,1.31186,1.31766,914
2018.03.17,22:00,1.3179,1.31835,1.31782,1.3183,67
2018.03.18,22:00,1.3183,1.31936,1.31503,1.31695,732
2018.03.19,22:00,1.31695,1.31942,1.31438,1.319,804
2018.03.20,22:00,1.319,1.31939,1.3119,1.31279,878
2018.03.21,22:00,1.31277,1.31782,1.31128,1.3167,916
2018.03.22,22:00,1.3167,1.31738,1.31263,1.3155,831
2018.03.24,22:00,1.31407,1.31445,1.31356,1.31398,170
2018.03.25,21:00,1.31399,1.31546,1.30841,1.30895,907
2018.03.26,21:00,1.30895,1.31049,1.30538,1.31011,907
2018.03.27,21:00,1.31011,1.31295,1.30733,1.31219,917
2018.03.28,21:00,1.31218,1.3137,1.30985,1.31105,658
2018.03.29,21:00,1.31097,1.31188,1.31043,1.3111,278
2018.04.01,21:00,1.31088,1.31305,1.30929,1.31242,599
2018.04.02,21:00,1.3124,1.31307,1.30895,1.31159,744
2018.04.03,21:00,1.31164,1.31557,1.30975,1.31215,1114
2018.04.04,21:00,1.3121,1.31705,1.31156,1.3162,689
2018.04.05,21:00,1.3162,1.31972,1.31512,1.31564,865
2018.04.07,21:00,1.31582,1.31598,1.31557,1.31574,75
2018.04.08,21:00,1.31574,1.31682,1.31109,1.31164,737
2018.04.09,21:00,1.31164,1.31194,1.30897,1.30925,356
2018.04.10,21:00,1.30925,1.30993,1.30766,1.30871,401
2018.04.11,21:00,1.30871,1.31324,1.30769,1.31258,724
2018.04.12,21:00,1.31259,1.31319,1.30823,1.31207,941
2018.04.14,21:00,1.31217,1.31242,1.3117,1.31205,133
2018.04.15,21:00,1.31205,1.31342,1.3101,1.31023,483
2018.04.16,21:00,1.3102,1.31193,1.30832,1.31147,596
2018.04.17,21:00,1.31141,1.3121,1.30933,1.30995,409
2018.04.18,21:00,1.30994,1.31209,1.30881,1.31165,486
2018.04.19,21:00,1.31166,1.31746,1.31044,1.31668,903
2018.04.21,21:00,1.31646,1.31666,1.31582,1.31601,124
2018.04.22,21:00,1.316,1.32623,1.31575,1.32539,1158
2018.04.23,21:00,1.32535,1.32764,1.32174,1.32215,861
2018.04.24,21:00,1.32215,1.32968,1.3217,1.32886,926
2018.04.25,21:00,1.32885,1.32906,1.32438,1.32745,797
2018.04.26,21:00,1.32741,1.32876,1.32344,1.32366,690
2018.04.28,21:00,1.3245,1.3249,1.32374,1.32445,228
2018.04.29,21:00,1.32445,1.32625,1.32271,1.32591,563
2018.04.30,21:00,1.32591,1.33437,1.32556,1.33343,1011
2018.05.01,21:00,1.33345,1.33711,1.33157,1.33647,807
2018.05.02,21:00,1.33647,1.33679,1.32987,1.33074,812
2018.05.03,21:00,1.33072,1.33601,1.32925,1.33404,1021
2018.05.05,21:00,1.33384,1.33408,1.3332,1.33346,139
2018.05.06,21:00,1.33346,1.3374,1.33168,1.33548,943
2018.05.07,21:00,1.33548,1.34164,1.33376,1.34002,1123
2018.05.08,21:00,1.34002,1.34617,1.3393,1.34571,806
2018.05.09,21:00,1.34571,1.34901,1.33635,1.3384,1802
2018.05.10,21:00,1.3384,1.33906,1.33289,1.33638,1033
2018.05.12,21:00,1.3351,1.33522,1.33508,1.3352,19
2018.05.13,21:00,1.3352,1.33601,1.33083,1.3359,967
2018.05.14,21:00,1.3359,1.34574,1.33495,1.34461,1288
2018.05.15,21:00,1.3446,1.34567,1.33888,1.33984,883
2018.05.16,21:00,1.33982,1.34364,1.33736,1.34217,1022
2018.05.17,21:00,1.34217,1.34591,1.34111,1.34368,810
2018.05.19,21:00,1.34252,1.34268,1.34165,1.34204,159
2018.05.20,21:00,1.34204,1.34721,1.33968,1.34017,1320
2018.05.21,21:00,1.34016,1.34144,1.33584,1.33916,1021
2018.05.22,21:00,1.33916,1.34642,1.33845,1.34334,1177
2018.05.23,21:00,1.34323,1.34496,1.33837,1.33898,894
2018.05.24,21:00,1.33909,1.34252,1.33769,1.34231,645
2018.05.26,21:00,1.34231,1.34273,1.3416,1.3423,226
2018.05.27,21:00,1.3423,1.34316,1.33796,1.34269,1002
2018.05.28,21:00,1.34278,1.34842,1.34224,1.34579,936
2018.05.29,21:00,1.34579,1.34712,1.33852,1.33928,1070
2018.05.30,21:00,1.33929,1.34069,1.33612,1.33759,745
2018.05.31,21:00,1.33759,1.3401,1.33648,1.33873,611
2018.06.02,21:00,1.3385,1.33892,1.33808,1.3385,169
2018.06.03,21:00,1.3385,1.33939,1.33337,1.33663,1018
2018.06.04,21:00,1.33659,1.3369,1.33366,1.33466,456
2018.06.05,21:00,1.33469,1.33482,1.33153,1.33255,445
2018.06.06,21:00,1.33255,1.33425,1.33075,1.33389,567
2018.06.07,21:00,1.33392,1.33718,1.33311,1.33526,681
2018.06.09,21:00,1.33558,1.33593,1.33554,1.33591,46
2018.06.10,21:00,1.33591,1.33591,1.33347,1.3349,388
2018.06.11,21:00,1.3349,1.33774,1.33316,1.33678,729
2018.06.12,21:00,1.33672,1.3395,1.33441,1.33541,888
2018.06.13,21:00,1.33541,1.345,1.33318,1.34488,1418
2018.06.14,21:00,1.34485,1.35187,1.34302,1.35108,1148
2018.06.16,21:00,1.3515,1.35174,1.3508,1.35125,164
2018.06.17,21:00,1.35125,1.35346,1.34964,1.3514,750
2018.06.18,21:00,1.35145,1.36,1.3503,1.35699,1387
2018.06.19,21:00,1.35699,1.35894,1.35511,1.35868,598
2018.06.20,21:00,1.35868,1.36421,1.35674,1.35837,1464
2018.06.21,21:00,1.35837,1.35963,1.35365,1.35829,1189
2018.06.23,21:00,1.35857,1.35897,1.35806,1.35846,172
2018.06.24,21:00,1.35846,1.36543,1.35776,1.36207,1174
2018.06.25,21:00,1.36207,1.36396,1.35926,1.3631,838
2018.06.26,21:00,1.3631,1.36844,1.36159,1.36759,922
2018.06.27,21:00,1.36759,1.37055,1.36554,1.36773,989
2018.06.28,21:00,1.36773,1.36878,1.36208,1.36268,836
2018.06.30,21:00,1.3629,1.36322,1.36258,1.3629,129
2018.07.01,21:00,1.3629,1.37168,1.3624,1.36922,1225
2018.07.02,21:00,1.36922,1.37456,1.36454,1.36479,1562
2018.07.03,21:00,1.36482,1.36578,1.36074,1.36507,984
2018.07.04,21:00,1.36508,1.3676,1.36288,1.36488,925
2018.07.05,21:00,1.36487,1.36633,1.35698,1.35809,1193
2018.07.07,21:00,1.358,1.35842,1.35756,1.358,173
2018.07.08,21:00,1.358,1.3586,1.35279,1.35666,1029
2018.07.09,21:00,1.3567,1.35871,1.35305,1.35709,1094
2018.07.10,21:00,1.35711,1.36435,1.35702,1.36424,754
2018.07.11,21:00,1.36426,1.36524,1.36062,1.3632,819
2018.07.12,21:00,1.3632,1.36895,1.36184,1.36557,1186
2018.07.14,21:00,1.36675,1.36675,1.36556,1.36577,141
2018.07.15,21:00,1.36578,1.36633,1.36087,1.3621,725
2018.07.16,21:00,1.36209,1.3656,1.35873,1.36477,1107
2018.07.17,21:00,1.36475,1.36996,1.36411,1.36502,1144
2018.07.18,21:00,1.36502,1.37456,1.36429,1.37075,1482
2018.07.19,21:00,1.37085,1.37377,1.36185,1.36251,1551
2018.07.21,21:00,1.36244,1.36258,1.3622,1.36234,67
2018.07.22,21:00,1.36234,1.36616,1.35929,1.3653,1079
2018.07.23,21:00,1.3653,1.3678,1.36227,1.3633,907
2018.07.24,21:00,1.3633,1.36521,1.35816,1.3584,921
2018.07.25,21:00,1.3584,1.36441,1.35723,1.36366,911
2018.07.26,21:00,1.36366,1.36499,1.36043,1.36169,716
2018.07.28,21:00,1.36175,1.36206,1.36158,1.3619,82
2018.07.29,21:00,1.3619,1.36345,1.36025,1.36095,546
2018.07.30,21:00,1.36095,1.36345,1.36024,1.3615,588
2018.07.31,21:00,1.36151,1.36291,1.3609,1.36177,377
2018.08.01,21:00,1.36177,1.36932,1.36151,1.3687,870
2018.08.02,21:00,1.3687,1.37125,1.36435,1.3656,1071
2018.08.04,21:00,1.3667,1.36691,1.36596,1.36627,148
2018.08.05,21:00,1.36627,1.36945,1.36529,1.36809,651
2018.08.06,21:00,1.36809,1.3693,1.36323,1.36445,851
2018.08.07,21:00,1.36445,1.36584,1.36228,1.36288,556
2018.08.08,21:00,1.36288,1.368,1.36171,1.3677,777
2018.08.09,21:00,1.3677,1.37384,1.36612,1.37345,970
2018.08.11,21:00,1.3733,1.37355,1.37322,1.37339,58
2018.08.12,21:00,1.37339,1.37742,1.37255,1.37573,741
2018.08.13,21:00,1.37573,1.37899,1.37206,1.3779,1170
2018.08.14,21:00,1.37791,1.38191,1.37754,1.38017,649
2018.08.15,21:00,1.38017,1.38093,1.37349,1.37515,987
2018.08.16,21:00,1.37515,1.37651,1.37078,1.37178,810
2018.08.18,21:00,1.37172,1.37208,1.3713,1.3717,155
2018.08.19,21:00,1.3717,1.37292,1.36915,1.36932,517
2018.08.20,21:00,1.36932,1.36944,1.3645,1.36579,636
2018.08.21,21:00,1.36582,1.36775,1.36488,1.36638,519
2018.08.22,21:00,1.36638,1.37459,1.36607,1.3732,1023
2018.08.23,0:00,1.36919,1.37033,1.36856,1.36991,547
2018.08.24,0:00,1.36988,1.37022,1.36075,1.36086,4268
2018.08.27,0:00,1.36039,1.36305,1.35789,1.35801,4309
2018.08.28,0:00,1.35791,1.36065,1.35663,1.35997,4661
2018.08.29,0:00,1.35996,1.36384,1.35893,1.36025,4893
2018.08.30,0:00,1.36022,1.36454,1.36018,1.36345,4832
2018.08.31,0:00,1.36351,1.36885,1.3623,1.36798,4483
2018.09.03,0:00,1.3685,1.36909,1.36526,1.3677,3289
2018.09.04,0:00,1.36779,1.37412,1.36779,1.37268,3417
2018.09.05,0:00,1.37167,1.37177,1.37055,1.37117,485
2018.09.06,0:00,1.37115,1.37437,1.36992,1.37102,5246
2018.09.07,0:00,1.37098,1.37539,1.37035,1.37452,4752
2018.09.09,0:00,1.37468,1.37468,1.37425,1.37449,136
2018.09.10,0:00,1.3745,1.37732,1.37386,1.37501,4211
2018.09.11,0:00,1.37498,1.37676,1.37063,1.37224,4375
2018.09.12,0:00,1.37232,1.3736,1.36759,1.36848,3764
2018.09.13,0:00,1.36851,1.36889,1.36365,1.36645,4315
2018.09.14,0:00,1.36639,1.3703,1.36349,1.37003,4151
2018.09.16,0:00,1.36994,1.37068,1.36963,1.37068,100
2018.09.17,0:00,1.37064,1.37135,1.3665,1.37088,4396
2018.09.18,0:00,1.37088,1.37114,1.36494,1.36586,5167
2018.09.19,0:00,1.36581,1.36775,1.36405,1.36499,4595
2018.09.20,0:00,1.36498,1.36541,1.36005,1.36088,4343
2018.09.21,0:00,1.36086,1.36174,1.35712,1.35991,4016
2018.09.23,0:00,1.36071,1.36094,1.3606,1.36076,61
2018.09.24,0:00,1.36082,1.36342,1.35971,1.36209,3780
2018.09.25,0:00,1.36203,1.36261,1.36084,1.36201,3745
2018.09.26,0:00,1.362,1.36231,1.35798,1.36176,3827
2018.09.27,0:00,1.3618,1.36451,1.36025,1.36414,4412
2018.09.28,0:00,1.36416,1.36468,1.36197,1.36345,3879
2018.09.30,0:00,1.36335,1.36375,1.36281,1.3633,171
2018.10.01,0:00,1.36354,1.36829,1.36254,1.36777,4178
2018.10.02,0:00,1.3678,1.37263,1.36767,1.36884,4518
2018.10.03,0:00,1.36886,1.37759,1.36821,1.37693,5049
2018.10.04,0:00,1.37692,1.37872,1.37411,1.37629,4972
2018.10.05,0:00,1.37637,1.37924,1.37568,1.3784,4351
2018.10.07,0:00,1.3788,1.37961,1.37877,1.37897,149
2018.10.08,0:00,1.37918,1.3824,1.37785,1.37987,4768
2018.10.09,0:00,1.37986,1.3831,1.37715,1.37756,4659
2018.10.10,0:00,1.37781,1.37968,1.37544,1.37912,5067
2018.10.11,0:00,1.37907,1.37978,1.37178,1.37208,5364
2018.10.12,0:00,1.3721,1.37442,1.36925,1.37421,4669
2018.10.14,0:00,1.37382,1.37412,1.37382,1.37392,22
2018.10.15,0:00,1.37391,1.37531,1.3711,1.37267,4615
2018.10.16,0:00,1.37266,1.374,1.36892,1.37067,4737
2018.10.17,0:00,1.37087,1.37414,1.36876,1.37414,4993
2018.10.18,0:00,1.37413,1.37797,1.37314,1.37764,5116
2018.10.19,0:00,1.3774,1.37779,1.37228,1.37347,5106
2018.10.22,0:00,1.37312,1.37672,1.37198,1.37566,4598
2018.10.23,0:00,1.37585,1.37755,1.37348,1.37428,4984
2018.10.24,0:00,1.37473,1.37744,1.37311,1.37711,5095
2018.10.25,0:00,1.37651,1.37765,1.37458,1.37678,4888
2018.10.26,0:00,1.37694,1.38066,1.37549,1.37576,5087
2018.10.29,0:00,1.37616,1.37958,1.37569,1.37955,4751
2018.10.30,0:00,1.3795,1.38105,1.37817,1.38083,4364
2018.10.31,0:00,1.38077,1.38306,1.38036,1.38148,4579
2018.11.01,0:00,1.38154,1.38209,1.37162,1.37229,4819
2018.11.02,0:00,1.37227,1.37328,1.36618,1.37117,5141
2018.11.05,0:00,1.36966,1.373,1.36873,1.37052,4632
2018.11.06,0:00,1.37051,1.37154,1.36891,1.36972,4245
2018.11.07,0:00,1.36973,1.37198,1.36439,1.36716,5445
2018.11.08,0:00,1.36723,1.37163,1.36554,1.37123,4939
2018.11.09,0:00,1.37118,1.37558,1.37064,1.3739,4908
2018.11.10,0:00,1.37389,1.37476,1.37386,1.37476,25
2018.11.12,0:00,1.37539,1.38109,1.37404,1.3804,4744
2018.11.13,0:00,1.3806,1.38122,1.37494,1.37501,5369
2018.11.14,0:00,1.37591,1.37805,1.37227,1.37496,5243
2018.11.15,0:00,1.37497,1.37507,1.36989,1.37149,5477
2018.11.16,0:00,1.37078,1.37282,1.36763,1.36943,4953
2018.11.19,0:00,1.36888,1.37027,1.36696,1.36794,4513
2018.11.20,0:00,1.36833,1.37134,1.36637,1.37121,4794
2018.11.21,0:00,1.37073,1.37258,1.3678,1.36855,4512
2018.11.22,0:00,1.36858,1.37012,1.36811,1.36884,3744
2018.11.23,0:00,1.36898,1.37166,1.36812,1.37119,3904
2018.11.26,0:00,1.371,1.37162,1.36842,1.37131,4529
2018.11.27,0:00,1.37058,1.37561,1.36995,1.37353,5110
2018.11.28,0:00,1.37352,1.37461,1.36743,1.36852,5087
2018.11.29,0:00,1.36869,1.36955,1.36528,1.3663,5570
2018.11.30,0:00,1.36624,1.36906,1.36514,1.36784,4931
2018.12.03,0:00,1.36562,1.3662,1.36181,1.36283,4933
2018.12.04,0:00,1.36327,1.3637,1.35863,1.36087,5425
2018.12.05,0:00,1.36102,1.36464,1.36086,1.36288,4184
2018.12.06,0:00,1.36289,1.3681,1.36271,1.36506,5642
2018.12.07,0:00,1.36525,1.36696,1.36411,1.36594,5184
2018.12.10,0:00,1.3664,1.37082,1.36494,1.37032,5327
2018.12.11,0:00,1.36982,1.37119,1.36772,1.3697,5482
2018.12.12,0:00,1.36969,1.37088,1.36699,1.36791,5198
2018.12.13,0:00,1.36809,1.36844,1.36566,1.36753,5062
2018.12.14,0:00,1.36728,1.37329,1.36691,1.37292,4727
2018.12.17,0:00,1.37212,1.37316,1.36863,1.36867,4455
2018.12.18,0:00,1.36858,1.36892,1.3657,1.3662,4920
2018.12.19,0:00,1.3662,1.36897,1.36379,1.36808,5223
2018.12.20,0:00,1.36833,1.3689,1.36282,1.36704,5662
2018.12.21,0:00,1.36599,1.37121,1.3642,1.37063,5419
2018.12.24,0:00,1.36894,1.37065,1.36694,1.36965,4528
2018.12.26,0:00,1.36906,1.3691,1.36625,1.36819,2603
2018.12.27,0:00,1.36792,1.3697,1.36654,1.36669,5716
2018.12.28,0:00,1.36665,1.36704,1.36115,1.36235,5385
2018.12.31,0:00,1.36275,1.3628,1.35742,1.35879,4383
2019.01.01,0:00,1.35877,1.35877,1.35877,1.35877,1
2019.01.02,0:00,1.35931,1.36255,1.35849,1.36237,5397
2019.01.03,0:00,1.36235,1.36387,1.35923,1.35986,5957
2019.01.04,0:00,1.35986,1.36068,1.35448,1.35517,5184
2019.01.07,0:00,1.35557,1.3556,1.35147,1.35176,4660
2019.01.08,0:00,1.3522,1.35537,1.35142,1.35402,4999
2019.01.09,0:00,1.35408,1.35408,1.34865,1.34934,5309
2019.01.10,0:00,1.34927,1.35076,1.34612,1.34849,5368
2019.01.11,0:00,1.34858,1.34998,1.34588,1.34917,5121
2019.01.14,0:00,1.34907,1.3514,1.34755,1.34955,4769
2019.01.15,0:00,1.34949,1.35357,1.34732,1.35203,5129
2019.01.16,0:00,1.35217,1.35255,1.34974,1.35112,4963
2019.01.17,0:00,1.35113,1.35342,1.34994,1.3516,4754
2019.01.18,0:00,1.35183,1.35465,1.35069,1.35453,4302
2019.01.21,0:00,1.35418,1.35683,1.35348,1.35493,3526
2019.01.22,0:00,1.35527,1.35738,1.35461,1.35587,4656
2019.01.23,0:00,1.35572,1.3565,1.35443,1.35477,4726
2019.01.24,0:00,1.35473,1.35752,1.35281,1.35691,5124
2019.01.25,0:00,1.35692,1.35737,1.34852,1.34976,5507
2019.01.28,0:00,1.34919,1.35039,1.34702,1.34873,5005
2019.01.29,0:00,1.34875,1.3505,1.34722,1.34799,5329
2019.01.30,0:00,1.34804,1.3486,1.34197,1.34322,5200
2019.01.31,0:00,1.34321,1.34336,1.34032,1.34174,5370
2019.02.01,0:00,1.34148,1.3469,1.34131,1.34606,5268
2019.02.04,0:00,1.34567,1.34988,1.34513,1.34874,4754
2019.02.05,0:00,1.34877,1.34963,1.34677,1.34758,4758
2019.02.06,0:00,1.34764,1.35188,1.34663,1.35178,5004
2019.02.07,0:00,1.35179,1.35333,1.35038,1.35261,4917
2019.02.08,0:00,1.3524,1.35452,1.35078,1.35243,4829
2019.02.11,0:00,1.35231,1.3573,1.35118,1.35689,4881
2019.02.12,0:00,1.35686,1.35732,1.35185,1.35215,5182
2019.02.13,0:00,1.35213,1.35603,1.34977,1.35565,5237
2019.02.14,0:00,1.35564,1.35598,1.35258,1.35374,5522
2019.02.15,0:00,1.35392,1.35548,1.35188,1.35254,5134
2019.02.18,0:00,1.35273,1.35299,1.35083,1.35265,3915
2019.02.19,0:00,1.35271,1.35374,1.34875,1.34882,4813
2019.02.20,0:00,1.34884,1.34917,1.34565,1.34768,4440
2019.02.21,0:00,1.34764,1.35061,1.34607,1.34996,5489
2019.02.22,0:00,1.34924,1.35124,1.34619,1.34703,5203
2019.02.25,0:00,1.34696,1.34755,1.34456,1.34573,5052
2019.02.26,0:00,1.34575,1.34684,1.34312,1.34325,5155
2019.02.27,0:00,1.34328,1.34581,1.34309,1.34439,5128
2019.02.28,0:00,1.3446,1.34834,1.34368,1.34793,5251
2019.03.01,0:00,1.34799,1.35166,1.34678,1.35119,5159
2019.03.04,0:00,1.34929,1.35187,1.34877,1.35047,4996
2019.03.05,0:00,1.35084,1.35294,1.35015,1.35155,5248
2019.03.06,0:00,1.35159,1.3545,1.35153,1.35342,5055
2019.03.07,0:00,1.35343,1.35713,1.35246,1.35686,4883
2019.03.08,0:00,1.35683,1.35736,1.35403,1.35457,5339
2019.03.11,0:00,1.35518,1.35599,1.35376,1.3539,4557
2019.03.12,0:00,1.35388,1.3539,1.35114,1.352,4957
2019.03.13,0:00,1.35195,1.35299,1.34816,1.34829,4774
2019.03.14,0:00,1.34834,1.35309,1.3482,1.35156,5048
2019.03.15,0:00,1.35157,1.35207,1.34835,1.34881,4591
2019.03.18,0:00,1.34869,1.34943,1.34686,1.34771,4281
2019.03.19,0:00,1.34764,1.34776,1.34639,1.34734,4483
2019.03.20,0:00,1.34726,1.34883,1.34176,1.34297,5011
2019.03.21,0:00,1.34294,1.34714,1.34136,1.34489,5342
2019.03.22,0:00,1.34513,1.34906,1.34412,1.34845,5414
2019.03.25,0:00,1.34832,1.34915,1.34545,1.34597,5222
2019.03.26,0:00,1.34596,1.34836,1.34494,1.34827,5407
2019.03.27,0:00,1.34824,1.35254,1.34768,1.35141,5504
2019.03.28,0:00,1.35142,1.35346,1.35014,1.35242,5659
2019.03.29,0:00,1.35243,1.35271,1.34978,1.35167,5099
2019.04.01,0:00,1.35049,1.35097,1.34903,1.35021,4576
2019.04.02,0:00,1.3504,1.35302,1.35039,1.35101,4816
2019.04.03,0:00,1.35099,1.35173,1.34814,1.34964,4601
2019.04.04,0:00,1.34958,1.35095,1.34844,1.35092,4540
2019.04.05,0:00,1.3506,1.35203,1.34943,1.35104,4411
2019.04.08,0:00,1.35122,1.3525,1.34999,1.35039,4043
2019.04.09,0:00,1.35038,1.35085,1.3482,1.34957,3960
2019.04.10,0:00,1.34949,1.3503,1.34748,1.34787,4281
2019.04.11,0:00,1.34773,1.3522,1.34751,1.35214,3868
2019.04.12,0:00,1.35213,1.35397,1.34898,1.3524,10155
2019.04.15,0:00,1.35269,1.35334,1.35164,1.35283,24004
2019.04.16,0:00,1.35267,1.3548,1.3518,1.35437,31721
2019.04.17,0:00,1.35438,1.3552,1.3518,1.3524,28378
2019.04.18,0:00,1.35236,1.35634,1.3522,1.35561,30481
2019.04.19,0:00,1.3553,1.35582,1.35471,1.35495,1240
2019.04.22,0:00,1.35479,1.35687,1.35477,1.356,19325
2019.04.23,0:00,1.35592,1.35837,1.3553,1.35685,26196
2019.04.24,0:00,1.3568,1.36282,1.35646,1.36165,36118
2019.04.25,0:00,1.36164,1.36569,1.36141,1.36284,36031
2019.04.26,0:00,1.36294,1.36411,1.35981,1.36159,40947
2019.04.29,0:00,1.36102,1.3627,1.36019,1.36141,21624
2019.04.30,0:00,1.36139,1.36321,1.3594,1.35962,25731
2019.05.01,0:00,1.36001,1.36213,1.35718,1.36149,27330
2019.05.02,0:00,1.3601,1.36311,1.3599,1.36215,35500
2019.05.03,0:00,1.36203,1.36439,1.35987,1.35989,30912
2019.05.06,0:00,1.36325,1.36594,1.36248,1.36302,35398
2019.05.07,0:00,1.36279,1.3642,1.3606,1.36259,33569
2019.05.08,0:00,1.36266,1.36306,1.36018,1.3623,34458
2019.05.09,0:00,1.36196,1.36558,1.36184,1.36423,41526
2019.05.10,0:00,1.36403,1.36476,1.36177,1.36196,60021
2019.05.13,0:00,1.36298,1.37059,1.36293,1.3703,37856
2019.05.14,0:00,1.37021,1.37065,1.36769,1.3687,33738
2019.05.15,0:00,1.36866,1.36986,1.3677,1.36828,35833
2019.05.16,0:00,1.36792,1.37274,1.3678,1.3724,31322
2019.05.17,0:00,1.37218,1.37807,1.37183,1.3776,35457
2019.05.20,0:00,1.37672,1.37771,1.37428,1.37632,33406
2019.05.21,0:00,1.37591,1.37928,1.37587,1.37681,26868
2019.05.22,0:00,1.3768,1.38113,1.37639,1.37907,34515
2019.05.23,0:00,1.37904,1.38282,1.37869,1.37908,35818
2019.05.24,0:00,1.37916,1.38031,1.3744,1.37446,29282
2019.05.27,0:00,1.37462,1.37523,1.37293,1.37485,18529
2019.05.28,0:00,1.37493,1.37967,1.37449,1.37938,30354
2019.05.29,0:00,1.37959,1.38351,1.37864,1.38082,26912
2019.05.30,0:00,1.38088,1.38147,1.37802,1.37904,24851
2019.05.31,0:00,1.37883,1.3807,1.3733,1.37372,44422
2019.06.03,0:00,1.37545,1.37584,1.36544,1.36646,41117
2019.06.04,0:00,1.36647,1.36979,1.36568,1.36621,37979
2019.06.05,0:00,1.3661,1.36713,1.36245,1.36668,46721
2019.06.06,0:00,1.36522,1.3669,1.36238,1.3638,43829
2019.06.07,0:00,1.36365,1.36823,1.36079,1.36079,42779
2019.06.10,0:00,1.36219,1.3676,1.36219,1.36572,31117
2019.06.11,0:00,1.36534,1.36661,1.363,1.36387,31581
2019.06.12,0:00,1.36389,1.3672,1.36296,1.36671,29918
2019.06.13,0:00,1.36641,1.36704,1.36527,1.36657,25709
2019.06.14,0:00,1.36665,1.37203,1.3661,1.37097,27175
2019.06.17,0:00,1.37093,1.3713,1.36936,1.37066,21641
2019.06.18,0:00,1.37012,1.37233,1.36629,1.36654,31683
2019.06.19,0:00,1.36639,1.36811,1.36096,1.36281,28394
2019.06.20,0:00,1.36272,1.36325,1.35505,1.35609,37738
2019.06.21,0:00,1.35601,1.35789,1.35436,1.35501,35356
2019.06.24,0:00,1.35542,1.35563,1.35308,1.3533,25025
2019.06.25,0:00,1.35326,1.35552,1.35189,1.35442,37124
2019.06.26,0:00,1.35444,1.35589,1.35254,1.3546,30961
2019.06.27,0:00,1.3546,1.3555,1.35245,1.35321,21327
2019.06.28,0:00,1.35306,1.35378,1.35223,1.35237,23450
2019.07.01,0:00,1.35136,1.3568,1.35099,1.35476,28613
2019.07.02,0:00,1.35471,1.35721,1.35448,1.35595,26840
2019.07.03,0:00,1.35591,1.35735,1.35451,1.35546,22592
2019.07.04,0:00,1.35532,1.35655,1.35437,1.35557,12783
2019.07.05,0:00,1.35563,1.3623,1.35529,1.35903,24011
2019.07.08,0:00,1.3594,1.36155,1.35802,1.35975,21795
2019.07.09,0:00,1.35962,1.36225,1.35871,1.36062,21533
2019.07.10,0:00,1.36064,1.36239,1.3567,1.35773,27426
2019.07.11,0:00,1.35792,1.35844,1.35426,1.357,25226
2019.07.12,0:00,1.35677,1.36083,1.35651,1.35705,23729
2019.07.15,0:00,1.35793,1.35861,1.35519,1.35605,17440
2019.07.16,0:00,1.35576,1.35856,1.35525,1.35828,19685
2019.07.17,0:00,1.35834,1.36249,1.35785,1.36077,18486
2019.07.18,0:00,1.3608,1.36158,1.35633,1.35649,26740
2019.07.19,0:00,1.35649,1.36114,1.35564,1.3601,25868
2019.07.22,0:00,1.35932,1.36164,1.35883,1.36067,20074
2019.07.23,0:00,1.36011,1.36571,1.35969,1.36528,20575
2019.07.24,0:00,1.36493,1.36637,1.36272,1.36425,22499
2019.07.25,0:00,1.36433,1.36852,1.36391,1.36722,29548
2019.07.26,0:00,1.3672,1.37035,1.36688,1.36896,22949
2019.07.29,0:00,1.36785,1.37182,1.36775,1.37009,13117
2019.07.30,0:00,1.36993,1.3712,1.36874,1.37041,21606
2019.07.31,0:00,1.3701,1.3745,1.36771,1.37389,33560
2019.08.01,0:00,1.37397,1.37781,1.37066,1.37634,39168
2019.08.02,0:00,1.37629,1.37829,1.37415,1.3764,50160
2019.08.05,0:00,1.3762,1.38469,1.3753,1.38458,55533
2019.08.06,0:00,1.3845,1.38678,1.37928,1.38145,59483
2019.08.07,0:00,1.38148,1.38463,1.37967,1.38221,67260
2019.08.08,0:00,1.3823,1.38442,1.38038,1.38138,49661
2019.08.09,0:00,1.38134,1.38588,1.381,1.38387,39707
2019.08.12,0:00,1.38452,1.38862,1.38372,1.38674,38335
2019.08.13,0:00,1.38675,1.38936,1.38045,1.38318,50520
2019.08.14,0:00,1.3831,1.39047,1.3823,1.3896,43867
2019.08.15,0:00,1.38959,1.3905,1.38656,1.38854,52352
2019.08.16,0:00,1.38856,1.38934,1.38388,1.38403,39621
2019.08.19,0:00,1.3845,1.38699,1.38377,1.38637,32082
2019.08.20,0:00,1.38616,1.38746,1.38447,1.38472,23526
2019.08.21,0:00,1.38466,1.38561,1.38231,1.38261,24798
2019.08.22,0:00,1.38344,1.38728,1.38251,1.3848,33140
2019.08.23,0:00,1.38484,1.38859,1.38408,1.38654,55479
2019.08.26,0:00,1.38958,1.39233,1.38645,1.38845,105100
2019.08.27,0:00,1.38683,1.39008,1.38673,1.38924,47465
2019.08.28,0:00,1.38921,1.38932,1.38772,1.38856,52825
2019.08.29,0:00,1.38808,1.38931,1.386,1.38701,57681
2019.08.30,0:00,1.387,1.38965,1.3864,1.38715,45508
2019.09.02,0:00,1.38767,1.39128,1.38767,1.39003,20431
2019.09.03,0:00,1.3905,1.39406,1.38996,1.39012,46661
2019.09.04,0:00,1.39015,1.3903,1.38392,1.38412,29856
2019.09.05,0:00,1.38413,1.3856,1.38199,1.38329,40577
2019.09.06,0:00,1.38336,1.38499,1.37923,1.38094,45168
2019.09.09,0:00,1.3803,1.38214,1.3784,1.37871,42507
2019.09.10,0:00,1.37874,1.38123,1.37865,1.37939,39492
2019.09.11,0:00,1.37954,1.38041,1.37788,1.37884,52437
2019.09.12,0:00,1.379,1.37916,1.37244,1.37406,51421
2019.09.13,0:00,1.37501,1.37565,1.37187,1.37227,44305
2019.09.16,0:00,1.37348,1.37618,1.37269,1.37454,43499
2019.09.17,0:00,1.37438,1.37768,1.3738,1.37387,37846
2019.09.18,0:00,1.37395,1.37652,1.37225,1.37594,34083
2019.09.19,0:00,1.37416,1.37931,1.374,1.37836,40929
2019.09.20,0:00,1.37833,1.37902,1.37389,1.37704,38961
2019.09.23,0:00,1.37648,1.37896,1.37549,1.3775,33022
2019.09.24,0:00,1.3775,1.37845,1.37489,1.37546,42723
2019.09.25,0:00,1.37501,1.3794,1.37501,1.37883,42361
2019.09.26,0:00,1.37822,1.38219,1.37794,1.38201,33884
2019.09.27,0:00,1.38172,1.38292,1.37973,1.38087,33225
2019.09.30,0:00,1.38124,1.38338,1.38056,1.38177,31761
2019.10.01,0:00,1.38175,1.38772,1.38098,1.38464,36894
2019.10.02,0:00,1.38427,1.38667,1.38388,1.38395,34816
2019.10.03,0:00,1.38399,1.38448,1.3784,1.38068,46794
2019.10.04,0:00,1.37895,1.38094,1.37755,1.37807,44118
2019.10.07,0:00,1.3796,1.38243,1.37897,1.38118,44765
2019.10.08,0:00,1.38061,1.38268,1.37845,1.38247,45563
2019.10.09,0:00,1.38234,1.38261,1.37909,1.38086,29975
2019.10.10,0:00,1.38046,1.38247,1.37469,1.37499,42736
2019.10.11,0:00,1.37496,1.37575,1.37008,1.37231,45669
2019.10.14,0:00,1.37297,1.37317,1.36753,1.36926,31629
2019.10.15,0:00,1.36919,1.37172,1.36821,1.36998,39857
2019.10.16,0:00,1.36989,1.37309,1.36935,1.36984,34013
2019.10.17,0:00,1.36967,1.37068,1.3633,1.36388,36874
2019.10.18,0:00,1.36383,1.36591,1.36325,1.36334,25013
2019.10.21,0:00,1.36377,1.36421,1.36026,1.36106,37191
2019.10.22,0:00,1.3604,1.36324,1.36008,1.36283,24848
2019.10.23,0:00,1.36183,1.36435,1.36173,1.3619,21415
2019.10.24,0:00,1.36174,1.36404,1.36091,1.36321,26829
2019.10.25,0:00,1.36303,1.36409,1.36239,1.36311,19938
2019.10.28,0:00,1.36268,1.36345,1.36138,1.36203,16654
2019.10.29,0:00,1.36205,1.36371,1.36152,1.36209,17886
2019.10.30,0:00,1.36213,1.3646,1.36131,1.36144,22263
2019.10.31,0:00,1.36134,1.36255,1.35956,1.36022,27702
2019.11.01,0:00,1.36025,1.36101,1.35627,1.3571,21732
2019.11.04,0:00,1.35668,1.35873,1.3558,1.35868,18181
2019.11.05,0:00,1.35867,1.35928,1.35565,1.35855,25220
2019.11.06,0:00,1.35853,1.36084,1.35734,1.35977,21134
2019.11.07,0:00,1.35974,1.3606,1.35606,1.35693,31299
2019.11.08,0:00,1.35692,1.36046,1.35668,1.35948,22587
2019.11.11,0:00,1.35915,1.36182,1.35883,1.36046,17362
2019.11.12,0:00,1.36055,1.36249,1.35972,1.36193,23111
2019.11.13,0:00,1.36093,1.36321,1.36074,1.36247,22664
2019.11.14,0:00,1.36234,1.36349,1.36147,1.36168,21131
2019.11.15,0:00,1.36147,1.36217,1.35976,1.36009,13553
2019.11.18,0:00,1.36006,1.36148,1.35949,1.36041,18307
2019.11.19,0:00,1.35996,1.36139,1.3595,1.3605,18926
2019.11.20,0:00,1.36048,1.36262,1.3602,1.36152,20650
2019.11.21,0:00,1.36155,1.36329,1.36094,1.36273,22234
2019.11.22,0:00,1.36268,1.3647,1.3615,1.36404,19024
2019.11.25,0:00,1.36395,1.36562,1.36318,1.36445,17805
2019.11.26,0:00,1.36444,1.36663,1.36373,1.36396,20603
2019.11.27,0:00,1.36394,1.36639,1.36392,1.36466,20323
2019.11.28,0:00,1.36451,1.36632,1.36442,1.36559,16000
2019.11.29,0:00,1.36562,1.36769,1.3654,1.3675,15724
2019.12.02,0:00,1.36651,1.36899,1.36527,1.366,20519
2019.12.03,0:00,1.36544,1.3667,1.36341,1.36359,20372
2019.12.04,0:00,1.36355,1.3653,1.36175,1.36302,23360
2019.12.05,0:00,1.36306,1.36321,1.36021,1.36026,17527
2019.12.06,0:00,1.36027,1.3614,1.35898,1.35931,19914
2019.12.09,0:00,1.35954,1.36136,1.35899,1.35918,15249
2019.12.10,0:00,1.3591,1.36021,1.35805,1.35823,19470
2019.12.11,0:00,1.35815,1.36006,1.357,1.35713,19871
2019.12.12,0:00,1.35709,1.35761,1.35409,1.35415,28889
2019.12.13,0:00,1.35409,1.35576,1.35124,1.35275,42617
2019.12.16,0:00,1.35256,1.35662,1.35252,1.35468,21741
2019.12.17,0:00,1.35405,1.35612,1.35379,1.35408,22693
2019.12.18,0:00,1.35402,1.35697,1.35402,1.35492,18583
2019.12.19,0:00,1.35495,1.35594,1.3543,1.35462,18492
2019.12.20,0:00,1.35443,1.3562,1.35436,1.35467,16956
2019.12.23,0:00,1.35465,1.35661,1.35458,1.35545,20639
2019.12.24,0:00,1.35564,1.35616,1.35471,1.35489,14796
2019.12.26,0:00,1.35486,1.3549,1.35354,1.35371,3297
2019.12.27,0:00,1.35352,1.3542,1.35162,1.35181,20919
2019.12.30,0:00,1.35219,1.35234,1.34807,1.34849,21495
2019.12.31,0:00,1.3483,1.34862,1.3443,1.3448,18799
2020.01.02,0:00,1.34553,1.3482,1.34449,1.34736,18117
2020.01.03,0:00,1.34651,1.35071,1.34647,1.34874,23824
2020.01.06,0:00,1.34859,1.35104,1.34816,1.34915,19947
2020.01.07,0:00,1.34904,1.35138,1.34755,1.3488,24429
2020.01.08,0:00,1.34936,1.35245,1.34868,1.35049,34764
2020.01.09,0:00,1.35035,1.35228,1.349,1.35115,22151
2020.01.10,0:00,1.3508,1.35141,1.34793,1.34806,22523
2020.01.13,0:00,1.34798,1.3485,1.34574,1.34645,20922
2020.01.14,0:00,1.34637,1.34822,1.34548,1.34654,26994
2020.01.15,0:00,1.34656,1.34826,1.34585,1.34589,22220
2020.01.16,0:00,1.34592,1.34728,1.3449,1.34685,20373
2020.01.17,0:00,1.34695,1.34775,1.34531,1.34692,19121
2020.01.20,0:00,1.34718,1.34812,1.34618,1.34647,15850
2020.01.21,0:00,1.34655,1.3503,1.34644,1.34992,26592
2020.01.22,0:00,1.34943,1.35096,1.34834,1.3486,22594
2020.01.23,0:00,1.34859,1.3526,1.34795,1.35132,28693
2020.01.24,0:00,1.35083,1.35217,1.3495,1.35112,22245
2020.01.27,0:00,1.35298,1.35816,1.35181,1.35736,33297
2020.01.28,0:00,1.35738,1.35962,1.35667,1.35762,23343
2020.01.29,0:00,1.35769,1.36201,1.35657,1.35968,24218
2020.01.30,0:00,1.35962,1.36386,1.35913,1.36149,32288
2020.01.31,0:00,1.36146,1.367,1.36076,1.36434,33111
2020.02.03,0:00,1.3646,1.3693,1.36423,1.3687,28150
2020.02.04,0:00,1.36807,1.3728,1.36795,1.36995,26593
2020.02.05,0:00,1.36973,1.38234,1.36965,1.38062,32690
2020.02.06,0:00,1.38086,1.3866,1.37979,1.38556,30810
2020.02.07,0:00,1.38548,1.3915,1.38496,1.38894,36009
2020.02.10,0:00,1.39027,1.39214,1.38774,1.38937,30409
2020.02.11,0:00,1.38918,1.38955,1.38584,1.38606,24611
2020.02.12,0:00,1.38608,1.3876,1.38486,1.38615,27569
2020.02.13,0:00,1.38613,1.38983,1.38605,1.38871,30498
2020.02.14,0:00,1.38884,1.3926,1.38831,1.3909,21706
2020.02.17,0:00,1.39048,1.39153,1.38808,1.38903,17809
2020.02.18,0:00,1.38904,1.3932,1.38826,1.39233,26183
2020.02.19,0:00,1.39221,1.39477,1.39027,1.39443,23165
2020.02.20,0:00,1.39449,1.40825,1.39338,1.40052,46232
2020.02.21,0:00,1.40054,1.40249,1.39654,1.39684,37523
2020.02.24,0:00,1.40096,1.40417,1.39828,1.39926,49824
2020.02.25,0:00,1.39922,1.39978,1.39554,1.39838,44269
2020.02.26,0:00,1.39833,1.40062,1.3966,1.39719,44500
2020.02.27,0:00,1.39705,1.39778,1.39367,1.395,52428
2020.02.28,0:00,1.39493,1.39895,1.39263,1.39284,89815
2020.03.02,0:00,1.39315,1.39404,1.38787,1.38985,47637
2020.03.03,0:00,1.38987,1.39431,1.38401,1.38775,82145
2020.03.04,0:00,1.38746,1.3897,1.38292,1.38417,53738
2020.03.05,0:00,1.38396,1.38771,1.38236,1.38253,48893
2020.03.06,0:00,1.38255,1.38603,1.37692,1.37786,52069
2020.03.09,0:00,1.37901,1.386,1.3758,1.38399,72134
2020.03.10,0:00,1.38383,1.39175,1.38248,1.39125,72714
2020.03.11,0:00,1.3912,1.3951,1.38789,1.39493,53216
2020.03.12,0:00,1.39474,1.41178,1.39268,1.4089,95314
2020.03.13,0:00,1.40876,1.41775,1.40608,1.41429,79422
2020.03.16,0:00,1.40503,1.4229,1.40439,1.42038,131718
2020.03.17,0:00,1.42048,1.43228,1.41715,1.4281,131011
2020.03.18,0:00,1.42827,1.44659,1.42645,1.44252,141260
2020.03.19,0:00,1.44344,1.45671,1.43809,1.44962,184093
2020.03.20,0:00,1.4496,1.45416,1.44145,1.44967,168425
2020.03.23,0:00,1.44895,1.46451,1.44884,1.45944,116687
2020.03.24,0:00,1.46007,1.4618,1.44543,1.44601,132654
2020.03.25,0:00,1.44597,1.45119,1.44438,1.44706,133873
2020.03.26,0:00,1.44709,1.45092,1.43028,1.43077,126564
2020.03.27,0:00,1.43054,1.43631,1.4248,1.4261,122304
2020.03.30,0:00,1.42665,1.4295,1.42138,1.42336,97239
2020.03.31,0:00,1.42332,1.42771,1.42064,1.42102,111730
2020.04.01,0:00,1.42109,1.43743,1.42063,1.4351,97580
2020.04.02,0:00,1.43511,1.43829,1.4282,1.42997,98263
2020.04.03,0:00,1.4294,1.44143,1.4293,1.4385,84786
2020.04.06,0:00,1.4389,1.44156,1.4312,1.43218,68414
2020.04.07,0:00,1.43215,1.4325,1.42197,1.42247,63606
2020.04.08,0:00,1.42236,1.42948,1.42236,1.42534,62143
2020.04.09,0:00,1.42529,1.42702,1.41554,1.41691,73506
2020.04.10,0:00,1.41669,1.4188,1.41231,1.41242,11492
2020.04.13,0:00,1.41275,1.41799,1.41275,1.41488,31218
2020.04.14,0:00,1.41537,1.4171,1.41314,1.41332,42883
2020.04.15,0:00,1.41363,1.42777,1.41286,1.42346,55163
2020.04.16,0:00,1.42338,1.43061,1.42315,1.42718,76114
2020.04.17,0:00,1.42713,1.42766,1.42112,1.42137,71787
2020.04.20,0:00,1.42165,1.42475,1.41848,1.42083,58293
2020.04.21,0:00,1.42035,1.4328,1.41949,1.43118,81614
2020.04.22,0:00,1.43109,1.43223,1.42526,1.427,59749
2020.04.23,0:00,1.42644,1.42976,1.42086,1.42271,61075
2020.04.24,0:00,1.42268,1.42771,1.42255,1.42335,42027
2020.04.27,0:00,1.4243,1.42484,1.41765,1.41819,39619
2020.04.28,0:00,1.41795,1.4221,1.41476,1.41695,54805
2020.04.29,0:00,1.41637,1.41711,1.4111,1.41121,33255
2020.04.30,0:00,1.41102,1.41312,1.40689,1.41085,63530
2020.05.01,0:00,1.4092,1.4167,1.40889,1.41493,44654
2020.05.04,0:00,1.41493,1.42048,1.41493,1.41655,65890
2020.05.05,0:00,1.41651,1.41759,1.41292,1.4155,54542
2020.05.06,0:00,1.41531,1.42147,1.41454,1.42073,73373
2020.05.07,0:00,1.41945,1.42302,1.41354,1.4138,55118
2020.05.08,0:00,1.41334,1.41474,1.41085,1.41231,44782
2020.05.11,0:00,1.41234,1.41846,1.41137,1.41668,39774
2020.05.12,0:00,1.41661,1.42039,1.41415,1.41801,45981
2020.05.13,0:00,1.41767,1.42043,1.41359,1.41952,59196
2020.05.14,0:00,1.41983,1.42639,1.41742,1.42322,51870
2020.05.15,0:00,1.42295,1.4278,1.42215,1.42697,44065
2020.05.18,0:00,1.42582,1.42774,1.41768,1.41789,37369
2020.05.19,0:00,1.41806,1.4197,1.41377,1.41649,38059
2020.05.20,0:00,1.41592,1.41805,1.41192,1.41287,34930
2020.05.21,0:00,1.41257,1.41797,1.41216,1.41724,40752
2020.05.22,0:00,1.41709,1.42581,1.41568,1.4244,36497
2020.05.25,0:00,1.42518,1.42672,1.42343,1.42425,27019
2020.05.26,0:00,1.42419,1.42508,1.4149,1.41633,40403
2020.05.27,0:00,1.41622,1.42151,1.41424,1.41956,49340
2020.05.28,0:00,1.41932,1.42182,1.4151,1.41737,44319
2020.05.29,0:00,1.41736,1.41845,1.40972,1.41245,51687
2020.05.31,0:00,1.41077,1.41079,1.41056,1.41056,16
2020.06.01,0:00,1.41079,1.41409,1.40458,1.40752,38371
2020.06.02,0:00,1.4078,1.40841,1.39911,1.3998,39350
2020.06.03,0:00,1.39993,1.40109,1.39507,1.39767,44698
2020.06.04,0:00,1.39756,1.4026,1.39543,1.39809,45184
2020.06.05,0:00,1.39808,1.3981,1.39075,1.39343,49340
2020.06.07,0:00,1.39134,1.39284,1.3912,1.39284,130
2020.06.08,0:00,1.39285,1.39462,1.3875,1.3878,37299
2020.06.09,0:00,1.38773,1.39378,1.38681,1.38926,46021
2020.06.10,0:00,1.38921,1.39072,1.38023,1.38328,55477
2020.06.11,0:00,1.38313,1.39409,1.38168,1.39295,69785
2020.06.12,0:00,1.3927,1.39582,1.38845,1.39242,67207
2020.06.14,0:00,1.3934,1.39351,1.39285,1.39285,30
2020.06.15,0:00,1.39287,1.3981,1.39019,1.39176,76751
2020.06.16,0:00,1.39161,1.39612,1.38702,1.39347,77256
2020.06.17,0:00,1.39332,1.39628,1.39158,1.39329,64362
2020.06.18,0:00,1.39337,1.39562,1.39089,1.39395,70915
2020.06.19,0:00,1.39396,1.39795,1.39231,1.39715,45545
2020.06.21,0:00,1.39774,1.39795,1.39734,1.3979,90
2020.06.22,0:00,1.39784,1.39923,1.39164,1.39227,56989
2020.06.23,0:00,1.39233,1.3966,1.38849,1.39087,60894
2020.06.24,0:00,1.39095,1.39327,1.38699,1.3932,70255
2020.06.25,0:00,1.39309,1.39405,1.39041,1.39128,51101
2020.06.26,0:00,1.3913,1.39477,1.39024,1.39327,47349
2020.06.28,0:00,1.39077,1.39324,1.39077,1.39265,32
2020.06.29,0:00,1.39263,1.39505,1.39186,1.39333,35242
2020.06.30,0:00,1.39337,1.39746,1.3926,1.39343,30163
2020.07.01,0:00,1.39352,1.39616,1.39218,1.39389,31935
2020.07.02,0:00,1.39379,1.39557,1.39174,1.39457,27715
2020.07.03,0:00,1.39468,1.39563,1.39385,1.39455,23305
2020.07.05,0:00,1.39425,1.39426,1.39425,1.39425,134
2020.07.06,0:00,1.39426,1.3943,1.39073,1.39194,24675
2020.07.07,0:00,1.39214,1.397,1.39011,1.395,35539
2020.07.08,0:00,1.39504,1.39652,1.39097,1.39097,39088
2020.07.09,0:00,1.39102,1.39337,1.3894,1.39201,46372
2020.07.10,0:00,1.392,1.39499,1.38969,1.39066,41234
2020.07.13,0:00,1.39102,1.39156,1.38728,1.39027,45527
2020.07.14,0:00,1.39024,1.39474,1.38914,1.39177,43249
2020.07.15,0:00,1.39203,1.39245,1.38741,1.38917,39889
2020.07.16,0:00,1.38916,1.39354,1.38883,1.3923,32408
2020.07.17,0:00,1.39234,1.39273,1.38945,1.39007,29976
2020.07.20,0:00,1.39014,1.39176,1.38847,1.38881,22361
2020.07.21,0:00,1.38886,1.39145,1.38186,1.38293,33563
2020.07.22,0:00,1.3831,1.38749,1.38185,1.38558,36462
2020.07.23,0:00,1.38554,1.3873,1.38229,1.38592,43461
2020.07.24,0:00,1.38589,1.38686,1.38215,1.38244,37615
2020.07.27,0:00,1.38301,1.38376,1.37804,1.37866,37884
2020.07.28,0:00,1.37861,1.38152,1.37591,1.37895,40513
2020.07.29,0:00,1.3789,1.37965,1.37304,1.37362,52407
2020.07.30,0:00,1.37365,1.37736,1.37179,1.3721,34787
2020.07.31,0:00,1.37209,1.3759,1.36882,1.37456,57462
2020.08.03,0:00,1.37269,1.37863,1.37256,1.37596,47515
2020.08.04,0:00,1.37598,1.37806,1.37272,1.37304,45861
2020.08.05,0:00,1.37312,1.37362,1.3669,1.36975,44700
2020.08.06,0:00,1.36934,1.3714,1.36784,1.36871,55113
2020.08.07,0:00,1.36877,1.37373,1.36833,1.37257,60271
2020.08.10,0:00,1.37274,1.37457,1.37161,1.37378,45423
2020.08.11,0:00,1.37357,1.37535,1.37013,1.37329,43561
2020.08.12,0:00,1.37327,1.37547,1.37128,1.37198,45071
2020.08.13,0:00,1.37201,1.37366,1.37058,1.3727,39704
2020.08.14,0:00,1.37269,1.37405,1.37011,1.37078,36361
2020.08.17,0:00,1.37274,1.37274,1.3676,1.3678,30796
2020.08.18,0:00,1.36781,1.36836,1.36337,1.3645,38766
2020.08.19,0:00,1.3644,1.37077,1.36264,1.36995,41892
2020.08.20,0:00,1.37041,1.3711,1.36686,1.36698,40812
2020.08.21,0:00,1.36704,1.37346,1.3651,1.37156,36518
2020.08.23,0:00,1.37205,1.37289,1.37102,1.37185,355
2020.08.24,0:00,1.37185,1.37309,1.36762,1.37069,6184
2020.08.25,0:00,1.37069,1.37111,1.36782,1.3679,23255
2020.08.26,0:00,1.36796,1.36943,1.36533,1.36545,26439
2020.08.27,0:00,1.36555,1.36886,1.36243,1.36613,39206
2020.08.28,0:00,1.36611,1.36682,1.35789,1.35798,40579
2020.08.31,0:00,1.3584,1.36117,1.35748,1.36018,33895
2020.09.01,0:00,1.36026,1.36181,1.35589,1.36131,47733
2020.09.02,0:00,1.36125,1.36431,1.35921,1.36236,41275
2020.09.03,0:00,1.3624,1.36618,1.362,1.36449,38527
2020.09.04,0:00,1.36468,1.36885,1.36317,1.36462,37155
2020.09.07,0:00,1.36347,1.36719,1.3631,1.36639,25753
2020.09.08,0:00,1.36531,1.37178,1.36531,1.37074,34143
2020.09.09,0:00,1.37068,1.37183,1.36616,1.36638,37945
2020.09.10,0:00,1.36648,1.37013,1.36315,1.36977,39438
2020.09.11,0:00,1.36975,1.37008,1.36559,1.36816,36588
2020.09.14,0:00,1.36765,1.36868,1.36255,1.36432,22610
2020.09.15,0:00,1.36431,1.36496,1.35889,1.36094,32534
2020.09.16,0:00,1.36085,1.36208,1.35629,1.35847,36486
2020.09.17,0:00,1.3585,1.36284,1.35631,1.35695,45678
2020.09.18,0:00,1.35698,1.35978,1.35536,1.35972,36704
2020.09.21,0:00,1.35902,1.36429,1.35416,1.36213,47104
2020.09.22,0:00,1.36209,1.36668,1.36006,1.36567,40421
2020.09.23,0:00,1.36393,1.37323,1.36338,1.37321,50779
2020.09.24,0:00,1.37094,1.37815,1.37094,1.37367,46249
2020.09.25,0:00,1.37346,1.37936,1.37279,1.37641,49518
2020.09.28,0:00,1.37603,1.37711,1.37176,1.37206,32082
2020.09.29,0:00,1.37096,1.37301,1.36717,1.3695,35649
2020.09.30,0:00,1.36873,1.3709,1.36393,1.36398,34292
2020.10.01,0:00,1.36393,1.36547,1.36142,1.36257,49158
2020.10.02,0:00,1.36314,1.36764,1.3627,1.3639,47964
2020.10.05,0:00,1.3636,1.36403,1.35895,1.36025,31923
2020.10.06,0:00,1.35917,1.36305,1.3583,1.36291,40408
2020.10.07,0:00,1.3628,1.36344,1.35833,1.35954,30867
2020.10.08,0:00,1.3596,1.36042,1.35721,1.35807,27125
2020.10.09,0:00,1.35805,1.35875,1.35254,1.35292,24049
2020.10.12,0:00,1.35577,1.35786,1.35323,1.3569,26667
2020.10.13,0:00,1.357,1.36091,1.35677,1.36001,29884
2020.10.14,0:00,1.36026,1.36039,1.35541,1.35725,28697
2020.10.15,0:00,1.35721,1.36234,1.35684,1.3598,36865
2020.10.16,0:00,1.35983,1.3614,1.35742,1.35833,29972
2020.10.19,0:00,1.35816,1.35836,1.35633,1.35772,24676
2020.10.20,0:00,1.35786,1.35884,1.3559,1.35737,25162
2020.10.21,0:00,1.35739,1.35739,1.35333,1.35393,27054
2020.10.22,0:00,1.35427,1.35765,1.35392,1.35674,26509
2020.10.23,0:00,1.35679,1.35984,1.35541,1.358,26148
2020.10.26,0:00,1.35825,1.36219,1.35704,1.36128,29941
2020.10.27,0:00,1.36135,1.36145,1.35794,1.36056,25426
2020.10.28,0:00,1.36057,1.36655,1.35862,1.36523,33876
2020.10.29,0:00,1.36525,1.36833,1.36248,1.36695,31691
2020.10.30,0:00,1.367,1.36755,1.36282,1.36622,36260
2020.11.02,0:00,1.36535,1.36843,1.36287,1.36542,32116
2020.11.03,0:00,1.36548,1.36559,1.35906,1.35928,23909
2020.11.04,0:00,1.35942,1.37127,1.35669,1.35758,43415
2020.11.05,0:00,1.35708,1.3603,1.34893,1.34959,36484
2020.11.06,0:00,1.34909,1.35257,1.3467,1.3485,34979
2020.11.09,0:00,1.34795,1.35029,1.34085,1.34709,43158
2020.11.10,0:00,1.34664,1.35007,1.34497,1.34813,40002
2020.11.11,0:00,1.3484,1.35111,1.34559,1.34928,26867
2020.11.12,0:00,1.3493,1.35104,1.34769,1.34941,29524
2020.11.13,0:00,1.34937,1.35014,1.34717,1.34774,22112
2020.11.16,0:00,1.34761,1.34783,1.34425,1.34526,24527
2020.11.17,0:00,1.34559,1.34565,1.34201,1.34264,20663
2020.11.18,0:00,1.34287,1.34347,1.33999,1.34215,25428
2020.11.19,0:00,1.3421,1.34718,1.34201,1.34467,29575
2020.11.20,0:00,1.3448,1.34548,1.34248,1.34338,29137
2020.11.23,0:00,1.34368,1.34657,1.34025,1.34359,30708
2020.11.24,0:00,1.34337,1.34504,1.34144,1.34165,31089
2020.11.25,0:00,1.3422,1.34349,1.3391,1.33927,33346
2020.11.26,0:00,1.33996,1.34033,1.33809,1.3387,15669
2020.11.27,0:00,1.33876,1.33885,1.33747,1.3382,18530
2020.11.30,0:00,1.338,1.34166,1.33683,1.34157,28844
2020.12.01,0:00,1.34153,1.34157,1.33708,1.33718,28875
2020.12.02,0:00,1.33808,1.34176,1.3362,1.33741,32492
2020.12.03,0:00,1.33697,1.3391,1.33219,1.33425,34105
2020.12.04,0:00,1.33418,1.33626,1.3309,1.33551,38795
2020.12.07,0:00,1.33128,1.33984,1.33118,1.33648,32914
2020.12.08,0:00,1.33655,1.33872,1.33463,1.33787,31125
2020.12.09,0:00,1.33774,1.33937,1.33369,1.33532,30238
2020.12.10,0:00,1.33745,1.3388,1.33385,1.33524,31165
2020.12.11,0:00,1.33535,1.33785,1.33273,1.33719,28095
2020.12.14,0:00,1.33658,1.33674,1.33145,1.33506,24972
2020.12.15,0:00,1.3349,1.33644,1.33156,1.3326,30161
2020.12.16,0:00,1.33274,1.33357,1.3285,1.32893,28088
2020.12.17,0:00,1.32837,1.33023,1.3248,1.32548,19048
2020.12.18,0:00,1.32585,1.32964,1.32561,1.32647,22512
2020.12.21,0:00,1.32948,1.34036,1.32876,1.33195,47602
2020.12.22,0:00,1.33097,1.33766,1.33058,1.33586,33690
2020.12.23,0:00,1.33578,1.33662,1.32925,1.32991,30027
2020.12.24,0:00,1.32893,1.33202,1.32783,1.32892,18840
2020.12.28,0:00,1.32826,1.33124,1.32691,1.32961,21657
2020.12.29,0:00,1.3298,1.33114,1.32686,1.32711,20254
2020.12.30,0:00,1.32722,1.32722,1.32217,1.3228,20661
2020.12.31,0:00,1.32197,1.32362,1.32029,1.32115,21006
2021.01.01,0:00,1.32141,1.32141,1.32141,1.32141,1
2021.01.04,0:00,1.32073,1.32276,1.31612,1.32053,33380
2021.01.05,0:00,1.3205,1.32069,1.31712,1.31746,31037
2021.01.06,0:00,1.31733,1.32104,1.31564,1.31776,41797
2021.01.07,0:00,1.31779,1.32701,1.31692,1.32463,30604
2021.01.08,0:00,1.32457,1.32864,1.32133,1.32534,35717
2021.01.11,0:00,1.32393,1.33243,1.32107,1.33094,30568
2021.01.12,0:00,1.33093,1.33202,1.32293,1.32318,31871
2021.01.13,0:00,1.32321,1.32732,1.32163,1.32695,27907
2021.01.14,0:00,1.32688,1.32826,1.3232,1.32431,31536
2021.01.15,0:00,1.32436,1.33117,1.32326,1.33047,24823
2021.01.18,0:00,1.32975,1.33355,1.32837,1.33118,24379
2021.01.19,0:00,1.33129,1.33176,1.32769,1.32881,29708
2021.01.20,0:00,1.32924,1.32924,1.32446,1.32472,29519
2021.01.21,0:00,1.32465,1.32598,1.32195,1.32233,29810
2021.01.22,0:00,1.32275,1.3291,1.32189,1.32863,23323
2021.01.25,0:00,1.32741,1.32956,1.32457,1.32785,21744
2021.01.26,0:00,1.32776,1.33002,1.32398,1.32465,19943
2021.01.27,0:00,1.32471,1.33156,1.32385,1.3289,35149
2021.01.28,0:00,1.32887,1.334,1.32682,1.32909,37654
2021.01.29,0:00,1.32867,1.33205,1.32614,1.32876,45930
2021.02.01,0:00,1.32885,1.33301,1.32842,1.33285,40049
2021.02.02,0:00,1.33286,1.33405,1.32991,1.33215,35279
2021.02.03,0:00,1.3322,1.33402,1.33055,1.33293,28465
2021.02.04,0:00,1.33291,1.33821,1.33185,1.33692,27572
2021.02.05,0:00,1.3374,1.33888,1.33337,1.33449,27887
2021.02.08,0:00,1.33378,1.33649,1.33222,1.3329,25352
2021.02.09,0:00,1.3326,1.33305,1.3256,1.32588,30493
2021.02.10,0:00,1.32594,1.32701,1.32349,1.32662,28798
2021.02.11,0:00,1.32477,1.32729,1.32342,1.32486,19447
2021.02.12,0:00,1.32424,1.32811,1.32403,1.32494,16022
2021.02.15,0:00,1.32521,1.32675,1.32209,1.3229,12108
2021.02.16,0:00,1.3228,1.32772,1.32097,1.32761,23873
2021.02.17,0:00,1.32688,1.33097,1.32671,1.32826,28424
2021.02.18,0:00,1.32875,1.32962,1.32615,1.32631,24837
2021.02.19,0:00,1.32707,1.32838,1.32253,1.3238,23734
2021.02.22,0:00,1.32325,1.32612,1.32093,1.32156,28727
2021.02.23,0:00,1.3219,1.32214,1.31913,1.32004,27982
2021.02.24,0:00,1.3202,1.32318,1.31795,1.31957,32924
2021.02.25,0:00,1.3198,1.32675,1.31637,1.32561,36869
2021.02.26,0:00,1.32555,1.33372,1.3243,1.33235,58942
2021.03.01,0:00,1.32628,1.33297,1.32628,1.32776,43541
2021.03.02,0:00,1.32778,1.33383,1.32697,1.33025,42336
2021.03.03,0:00,1.3294,1.3328,1.3277,1.33262,41376
2021.03.04,0:00,1.33242,1.33779,1.33,1.3373,46846
2021.03.05,0:00,1.3372,1.34453,1.33666,1.34212,49708
2021.03.08,0:00,1.3421,1.35138,1.33914,1.35091,45962
2021.03.09,0:00,1.35081,1.35298,1.34327,1.34351,46551
2021.03.10,0:00,1.3435,1.34858,1.34236,1.34308,43729
2021.03.11,0:00,1.3437,1.34463,1.33898,1.33943,36585
2021.03.12,0:00,1.3395,1.34728,1.33849,1.3446,38693
2021.03.15,0:00,1.34416,1.34826,1.34273,1.34467,28127
2021.03.16,0:00,1.34464,1.34688,1.34375,1.3451,26327
2021.03.17,0:00,1.34437,1.34786,1.3395,1.33989,29570
2021.03.18,0:00,1.33997,1.3449,1.33879,1.34372,45469
2021.03.19,0:00,1.34359,1.34634,1.34044,1.3422,31006
2021.03.22,0:00,1.34321,1.34477,1.3391,1.34044,26034
2021.03.23,0:00,1.34027,1.34573,1.33907,1.3418,23891
2021.03.24,0:00,1.34257,1.34764,1.34248,1.34643,33796
2021.03.25,0:00,1.34477,1.34946,1.34442,1.34875,39130
2021.03.26,0:00,1.34815,1.34915,1.3441,1.34478,30352
2021.03.29,0:00,1.34402,1.34935,1.34378,1.34831,26607
2021.03.30,0:00,1.34647,1.34934,1.34602,1.34771,27786
2021.03.31,0:00,1.34775,1.34846,1.34273,1.34524,23745
2021.04.01,0:00,1.3447,1.34788,1.34367,1.3446,23223
2021.04.02,0:00,1.3451,1.34565,1.34304,1.34559,4247
2021.04.05,0:00,1.34412,1.34663,1.34094,1.34155,12735
2021.04.06,0:00,1.34205,1.3421,1.33876,1.33893,17103
2021.04.07,0:00,1.33898,1.34237,1.33763,1.3412,20906
2021.04.08,0:00,1.34121,1.34186,1.339,1.34032,18508
2021.04.09,0:00,1.3404,1.34259,1.33902,1.34143,19700
2021.04.12,0:00,1.34084,1.3432,1.33996,1.34097,20269
2021.04.13,0:00,1.34103,1.34362,1.3395,1.34063,23769
2021.04.14,0:00,1.3412,1.34128,1.3349,1.33575,22884
2021.04.15,0:00,1.33577,1.33743,1.33369,1.33448,20698
2021.04.16,0:00,1.33447,1.33632,1.33294,1.33436,19441
2021.04.19,0:00,1.33425,1.33511,1.32983,1.33002,22218
2021.04.20,0:00,1.3304,1.33055,1.32594,1.3292,23098
2021.04.21,0:00,1.3293,1.33115,1.32798,1.32859,19681
2021.04.22,0:00,1.329,1.33067,1.32642,1.32924,24315
2021.04.23,0:00,1.3297,1.32975,1.32646,1.32657,19935
2021.04.26,0:00,1.32715,1.32758,1.32447,1.32556,19269
2021.04.27,0:00,1.3257,1.32751,1.32485,1.32612,17925
2021.04.28,0:00,1.32613,1.32788,1.3246,1.32501,19284
2021.04.29,0:00,1.32515,1.32713,1.32329,1.32657,21519
2021.04.30,0:00,1.32655,1.33125,1.32562,1.33084,22396
2021.05.03,0:00,1.32873,1.33392,1.32847,1.32947,20791
2021.05.04,0:00,1.3295,1.33873,1.32917,1.33632,23521
2021.05.05,0:00,1.33637,1.33907,1.33384,1.33545,18320
2021.05.06,0:00,1.33553,1.33738,1.33273,1.33315,21604
2021.05.07,0:00,1.33307,1.33366,1.32356,1.3249,22843
2021.05.10,0:00,1.32353,1.3268,1.32321,1.32436,22636
2021.05.11,0:00,1.32424,1.32807,1.32421,1.32534,26924
2021.05.12,0:00,1.32547,1.33439,1.32503,1.33369,31315
2021.05.13,0:00,1.33372,1.33656,1.33021,1.33203,33140
2021.05.14,0:00,1.33193,1.33795,1.33066,1.33103,21935
2021.05.17,0:00,1.3324,1.33698,1.33184,1.3356,21157
2021.05.18,0:00,1.33533,1.33597,1.32849,1.32999,20053
2021.05.19,0:00,1.32823,1.33602,1.32823,1.33462,32686
2021.05.20,0:00,1.33173,1.33524,1.32913,1.33061,25507
2021.05.21,0:00,1.33117,1.33276,1.32912,1.33195,23039
2021.05.24,0:00,1.33185,1.33226,1.32764,1.32773,18884
2021.05.25,0:00,1.32785,1.32854,1.32437,1.32585,27552
2021.05.26,0:00,1.3259,1.3259,1.3225,1.32488,24976
2021.05.27,0:00,1.32426,1.32612,1.32243,1.32424,29814
2021.05.28,0:00,1.3244,1.32615,1.3222,1.32282,23832
2021.05.31,0:00,1.32257,1.3242,1.32061,1.32114,16269
2021.06.01,0:00,1.32178,1.32311,1.31884,1.32294,21238
2021.06.02,0:00,1.32093,1.32463,1.32073,1.32244,19123
2021.06.03,0:00,1.32241,1.32853,1.32151,1.3277,21380
2021.06.04,0:00,1.3276,1.32906,1.32341,1.32427,19586
2021.06.07,0:00,1.32413,1.32518,1.322,1.32298,24139
2021.06.08,0:00,1.32295,1.32438,1.32203,1.32407,20758
2021.06.09,0:00,1.32386,1.32505,1.32202,1.32385,15034
2021.06.10,0:00,1.32288,1.32652,1.32281,1.32417,22074
2021.06.11,0:00,1.324,1.32694,1.32138,1.32575,16255
2021.06.14,0:00,1.32442,1.32763,1.32442,1.32621,20169
2021.06.15,0:00,1.3263,1.32844,1.32522,1.32702,19211
2021.06.16,0:00,1.32765,1.33697,1.32541,1.33658,25699
2021.06.17,0:00,1.33654,1.34385,1.33435,1.34279,29994
2021.06.18,0:00,1.34075,1.34621,1.33917,1.34165,34401
2021.06.21,0:00,1.34217,1.34739,1.3417,1.34203,30467
2021.06.22,0:00,1.34168,1.34754,1.34168,1.34405,24330
2021.06.23,0:00,1.3444,1.34709,1.34259,1.34616,25056
2021.06.24,0:00,1.34269,1.34647,1.34193,1.34194,20950
